metric,threshold,lead_hours,method_a,method_b,estimate_a,estimate_b,diff,ci_lo,ci_hi,dm_p,significant,degenerate_bootstrap,n_days,block_days
rmse_mm,,24,best_single_member_on_train,climatology,11.763709736780594,11.809458933656714,-0.04574919687611967,,,0.9492033877122514,False,True,4,4
mae_mm,,24,best_single_member_on_train,climatology,6.369148738255207,6.966331182379729,-0.5971824441245221,,,0.5303267694707496,False,True,4,4
csi,7.5,24,best_single_member_on_train,climatology,0.36010552542869706,0.22451438036440294,-0.13559114506429412,,,,False,True,4,4
sedi,7.5,24,best_single_member_on_train,climatology,0.5758622903221775,0.29356901562498755,-0.28229327469718996,,,,False,True,4,4
csi,64.5,24,best_single_member_on_train,climatology,0.14977973568281938,0.0,-0.14977973568281938,,,,False,True,4,4
sedi,64.5,24,best_single_member_on_train,climatology,0.5831168985413538,,,,,,False,True,4,4
csi,115.6,24,best_single_member_on_train,climatology,0.1,0.0,-0.1,,,,False,True,4,4
sedi,115.6,24,best_single_member_on_train,climatology,0.6105625831617547,,,,,,False,True,4,4
csi,204.5,24,best_single_member_on_train,climatology,0.0,0.0,-0.0,,,,False,True,4,4
sedi,204.5,24,best_single_member_on_train,climatology,,,,,,,False,True,4,4
rmse_mm,,24,best_single_member_on_train,tier0,11.763709736780594,11.655578817814003,0.10813091896659088,,,0.29706902454545725,False,True,4,4
mae_mm,,24,best_single_member_on_train,tier0,6.369148738255207,6.113084289099445,0.25606444915576265,,,1.879679612140103e-05,False,True,4,4
csi,7.5,24,best_single_member_on_train,tier0,0.36010552542869706,0.373356026613028,0.013250501184330965,,,,False,True,4,4
sedi,7.5,24,best_single_member_on_train,tier0,0.5758622903221775,0.594871446403895,0.019009156081717493,,,,False,True,4,4
csi,64.5,24,best_single_member_on_train,tier0,0.14977973568281938,0.12149532710280374,-0.028284408580015644,,,,False,True,4,4
sedi,64.5,24,best_single_member_on_train,tier0,0.5831168985413538,0.5358266994798542,-0.04729019906149967,,,,False,True,4,4
csi,115.6,24,best_single_member_on_train,tier0,0.1,0.09090909090909091,-0.009090909090909094,,,,False,True,4,4
sedi,115.6,24,best_single_member_on_train,tier0,0.6105625831617547,0.5915648520672961,-0.01899773109445857,,,,False,True,4,4
csi,204.5,24,best_single_member_on_train,tier0,0.0,0.0,-0.0,,,,False,True,4,4
sedi,204.5,24,best_single_member_on_train,tier0,,,,,,,False,True,4,4
rmse_mm,,24,climatology,best_single_member_on_train,11.809458933656714,11.763709736780594,0.04574919687611967,,,0.9492033877122514,False,True,4,4
mae_mm,,24,climatology,best_single_member_on_train,6.966331182379729,6.369148738255207,0.5971824441245221,,,0.5303267694707496,False,True,4,4
csi,7.5,24,climatology,best_single_member_on_train,0.22451438036440294,0.36010552542869706,0.13559114506429412,,,,False,True,4,4
sedi,7.5,24,climatology,best_single_member_on_train,0.29356901562498755,0.5758622903221775,0.28229327469718996,,,,False,True,4,4
csi,64.5,24,climatology,best_single_member_on_train,0.0,0.14977973568281938,0.14977973568281938,,,,False,True,4,4
sedi,64.5,24,climatology,best_single_member_on_train,,0.5831168985413538,,,,,False,True,4,4
csi,115.6,24,climatology,best_single_member_on_train,0.0,0.1,0.1,,,,False,True,4,4
sedi,115.6,24,climatology,best_single_member_on_train,,0.6105625831617547,,,,,False,True,4,4
csi,204.5,24,climatology,best_single_member_on_train,0.0,0.0,-0.0,,,,False,True,4,4
sedi,204.5,24,climatology,best_single_member_on_train,,,,,,,False,True,4,4
rmse_mm,,24,climatology,tier0,11.809458933656714,11.655578817814003,0.15388011584271055,,,0.8308287889682597,False,True,4,4
mae_mm,,24,climatology,tier0,6.966331182379729,6.113084289099445,0.8532468932802848,,,0.3735045540435816,False,True,4,4
csi,7.5,24,climatology,tier0,0.22451438036440294,0.373356026613028,0.1488416462486251,,,,False,True,4,4
sedi,7.5,24,climatology,tier0,0.29356901562498755,0.594871446403895,0.30130243077890745,,,,False,True,4,4
csi,64.5,24,climatology,tier0,0.0,0.12149532710280374,0.12149532710280374,,,,False,True,4,4
sedi,64.5,24,climatology,tier0,,0.5358266994798542,,,,,False,True,4,4
csi,115.6,24,climatology,tier0,0.0,0.09090909090909091,0.09090909090909091,,,,False,True,4,4
sedi,115.6,24,climatology,tier0,,0.5915648520672961,,,,,False,True,4,4
csi,204.5,24,climatology,tier0,0.0,0.0,-0.0,,,,False,True,4,4
sedi,204.5,24,climatology,tier0,,,,,,,False,True,4,4
rmse_mm,,24,graphcast,best_single_member_on_train,11.48862807988805,11.763709736780594,-0.27508165689254405,,,0.39902058604036883,False,True,4,4
mae_mm,,24,graphcast,best_single_member_on_train,5.841904023178366,6.369148738255207,-0.5272447150768409,,,1.952480939232551e-08,False,True,4,4
csi,7.5,24,graphcast,best_single_member_on_train,0.37642963699651916,0.36010552542869706,-0.016324111567822097,,,,False,True,4,4
sedi,7.5,24,graphcast,best_single_member_on_train,0.5949925339232295,0.5758622903221775,-0.019130243601051977,,,,False,True,4,4
csi,64.5,24,graphcast,best_single_member_on_train,0.10416666666666667,0.14977973568281938,0.04561306901615271,,,,False,True,4,4
sedi,64.5,24,graphcast,best_single_member_on_train,0.5120137455204988,0.5831168985413538,0.07110315302085501,,,,False,True,4,4
csi,115.6,24,graphcast,best_single_member_on_train,0.0,0.1,0.1,,,,False,True,4,4
sedi,115.6,24,graphcast,best_single_member_on_train,,0.6105625831617547,,,,,False,True,4,4
csi,204.5,24,graphcast,best_single_member_on_train,0.0,0.0,-0.0,,,,False,True,4,4
sedi,204.5,24,graphcast,best_single_member_on_train,,,,,,,False,True,4,4
rmse_mm,,24,graphcast,climatology,11.48862807988805,11.809458933656714,-0.3208308537686637,,,0.4658193455784241,False,True,4,4
mae_mm,,24,graphcast,climatology,5.841904023178366,6.966331182379729,-1.124427159201363,,,0.19573917777737637,False,True,4,4
csi,7.5,24,graphcast,climatology,0.37642963699651916,0.22451438036440294,-0.15191525663211622,,,,False,True,4,4
sedi,7.5,24,graphcast,climatology,0.5949925339232295,0.29356901562498755,-0.30142351829824193,,,,False,True,4,4
csi,64.5,24,graphcast,climatology,0.10416666666666667,0.0,-0.10416666666666667,,,,False,True,4,4
sedi,64.5,24,graphcast,climatology,0.5120137455204988,,,,,,False,True,4,4
csi,115.6,24,graphcast,climatology,0.0,0.0,-0.0,,,,False,True,4,4
sedi,115.6,24,graphcast,climatology,,,,,,,False,True,4,4
csi,204.5,24,graphcast,climatology,0.0,0.0,-0.0,,,,False,True,4,4
sedi,204.5,24,graphcast,climatology,,,,,,,False,True,4,4
rmse_mm,,24,graphcast,tier0,11.48862807988805,11.655578817814003,-0.16695073792595316,,,0.5784197368986606,False,True,4,4
mae_mm,,24,graphcast,tier0,5.841904023178366,6.113084289099445,-0.27118026592107825,,,0.004770261073603251,False,True,4,4
csi,7.5,24,graphcast,tier0,0.37642963699651916,0.373356026613028,-0.003073610383491132,,,,False,True,4,4
sedi,7.5,24,graphcast,tier0,0.5949925339232295,0.594871446403895,-0.00012108751933448403,,,,False,True,4,4
csi,64.5,24,graphcast,tier0,0.10416666666666667,0.12149532710280374,0.017328660436137067,,,,False,True,4,4
sedi,64.5,24,graphcast,tier0,0.5120137455204988,0.5358266994798542,0.023812953959355343,,,,False,True,4,4
csi,115.6,24,graphcast,tier0,0.0,0.09090909090909091,0.09090909090909091,,,,False,True,4,4
sedi,115.6,24,graphcast,tier0,,0.5915648520672961,,,,,False,True,4,4
csi,204.5,24,graphcast,tier0,0.0,0.0,-0.0,,,,False,True,4,4
sedi,204.5,24,graphcast,tier0,,,,,,,False,True,4,4
rmse_mm,,24,hres,best_single_member_on_train,13.502336007890941,11.763709736780594,1.7386262711103466,,,0.06767276888574467,False,True,4,4
mae_mm,,24,hres,best_single_member_on_train,6.588545835299669,6.369148738255207,0.21939709704446209,,,0.31894248261099356,False,True,4,4
csi,7.5,24,hres,best_single_member_on_train,0.33208114199849736,0.36010552542869706,0.028024383430199695,,,,False,True,4,4
sedi,7.5,24,hres,best_single_member_on_train,0.5202678473026141,0.5758622903221775,0.0555944430195634,,,,False,True,4,4
csi,64.5,24,hres,best_single_member_on_train,0.11578947368421053,0.14977973568281938,0.033990261998608856,,,,False,True,4,4
sedi,64.5,24,hres,best_single_member_on_train,0.5380218989774497,0.5831168985413538,0.04509499956390417,,,,False,True,4,4
csi,115.6,24,hres,best_single_member_on_train,0.043478260869565216,0.1,0.05652173913043479,,,,False,True,4,4
sedi,115.6,24,hres,best_single_member_on_train,0.5090304203252161,0.6105625831617547,0.10153216283653865,,,,False,True,4,4
csi,204.5,24,hres,best_single_member_on_train,0.0,0.0,-0.0,,,,False,True,4,4
sedi,204.5,24,hres,best_single_member_on_train,,,,,,,False,True,4,4
rmse_mm,,24,hres,climatology,13.502336007890941,11.809458933656714,1.692877074234227,,,0.2946944165570242,False,True,4,4
mae_mm,,24,hres,climatology,6.588545835299669,6.966331182379729,-0.37778534708006006,,,0.7418641768678902,False,True,4,4
csi,7.5,24,hres,climatology,0.33208114199849736,0.22451438036440294,-0.10756676163409443,,,,False,True,4,4
sedi,7.5,24,hres,climatology,0.5202678473026141,0.29356901562498755,-0.22669883167762656,,,,False,True,4,4
csi,64.5,24,hres,climatology,0.11578947368421053,0.0,-0.11578947368421053,,,,False,True,4,4
sedi,64.5,24,hres,climatology,0.5380218989774497,,,,,,False,True,4,4
csi,115.6,24,hres,climatology,0.043478260869565216,0.0,-0.043478260869565216,,,,False,True,4,4
sedi,115.6,24,hres,climatology,0.5090304203252161,,,,,,False,True,4,4
csi,204.5,24,hres,climatology,0.0,0.0,-0.0,,,,False,True,4,4
sedi,204.5,24,hres,climatology,,,,,,,False,True,4,4
rmse_mm,,24,hres,tier0,13.502336007890941,11.655578817814003,1.8467571900769375,,,0.05711005768223428,False,True,4,4
mae_mm,,24,hres,tier0,6.588545835299669,6.113084289099445,0.47546154620022474,,,0.013476605967744066,False,True,4,4
csi,7.5,24,hres,tier0,0.33208114199849736,0.373356026613028,0.04127488461453066,,,,False,True,4,4
sedi,7.5,24,hres,tier0,0.5202678473026141,0.594871446403895,0.07460359910128089,,,,False,True,4,4
csi,64.5,24,hres,tier0,0.11578947368421053,0.12149532710280374,0.0057058534185932125,,,,False,True,4,4
sedi,64.5,24,hres,tier0,0.5380218989774497,0.5358266994798542,-0.0021951994975955014,,,,False,True,4,4
csi,115.6,24,hres,tier0,0.043478260869565216,0.09090909090909091,0.047430830039525695,,,,False,True,4,4
sedi,115.6,24,hres,tier0,0.5090304203252161,0.5915648520672961,0.08253443174208008,,,,False,True,4,4
csi,204.5,24,hres,tier0,0.0,0.0,-0.0,,,,False,True,4,4
sedi,204.5,24,hres,tier0,,,,,,,False,True,4,4
rmse_mm,,24,ifs_ens_mean,best_single_member_on_train,11.763709736780594,11.763709736780594,0.0,,,1.0,False,True,4,4
mae_mm,,24,ifs_ens_mean,best_single_member_on_train,6.369148738255207,6.369148738255207,0.0,,,1.0,False,True,4,4
csi,7.5,24,ifs_ens_mean,best_single_member_on_train,0.36010552542869706,0.36010552542869706,-0.0,,,,False,True,4,4
sedi,7.5,24,ifs_ens_mean,best_single_member_on_train,0.5758622903221775,0.5758622903221775,-0.0,,,,False,True,4,4
csi,64.5,24,ifs_ens_mean,best_single_member_on_train,0.14977973568281938,0.14977973568281938,-0.0,,,,False,True,4,4
sedi,64.5,24,ifs_ens_mean,best_single_member_on_train,0.5831168985413538,0.5831168985413538,-0.0,,,,False,True,4,4
csi,115.6,24,ifs_ens_mean,best_single_member_on_train,0.1,0.1,-0.0,,,,False,True,4,4
sedi,115.6,24,ifs_ens_mean,best_single_member_on_train,0.6105625831617547,0.6105625831617547,-0.0,,,,False,True,4,4
csi,204.5,24,ifs_ens_mean,best_single_member_on_train,0.0,0.0,-0.0,,,,False,True,4,4
sedi,204.5,24,ifs_ens_mean,best_single_member_on_train,,,,,,,False,True,4,4
rmse_mm,,24,ifs_ens_mean,climatology,11.763709736780594,11.809458933656714,-0.04574919687611967,,,0.9492033877122514,False,True,4,4
mae_mm,,24,ifs_ens_mean,climatology,6.369148738255207,6.966331182379729,-0.5971824441245221,,,0.5303267694707496,False,True,4,4
csi,7.5,24,ifs_ens_mean,climatology,0.36010552542869706,0.22451438036440294,-0.13559114506429412,,,,False,True,4,4
sedi,7.5,24,ifs_ens_mean,climatology,0.5758622903221775,0.29356901562498755,-0.28229327469718996,,,,False,True,4,4
csi,64.5,24,ifs_ens_mean,climatology,0.14977973568281938,0.0,-0.14977973568281938,,,,False,True,4,4
sedi,64.5,24,ifs_ens_mean,climatology,0.5831168985413538,,,,,,False,True,4,4
csi,115.6,24,ifs_ens_mean,climatology,0.1,0.0,-0.1,,,,False,True,4,4
sedi,115.6,24,ifs_ens_mean,climatology,0.6105625831617547,,,,,,False,True,4,4
csi,204.5,24,ifs_ens_mean,climatology,0.0,0.0,-0.0,,,,False,True,4,4
sedi,204.5,24,ifs_ens_mean,climatology,,,,,,,False,True,4,4
rmse_mm,,24,ifs_ens_mean,tier0,11.763709736780594,11.655578817814003,0.10813091896659088,,,0.29706902454545725,False,True,4,4
mae_mm,,24,ifs_ens_mean,tier0,6.369148738255207,6.113084289099445,0.25606444915576265,,,1.879679612140103e-05,False,True,4,4
csi,7.5,24,ifs_ens_mean,tier0,0.36010552542869706,0.373356026613028,0.013250501184330965,,,,False,True,4,4
sedi,7.5,24,ifs_ens_mean,tier0,0.5758622903221775,0.594871446403895,0.019009156081717493,,,,False,True,4,4
csi,64.5,24,ifs_ens_mean,tier0,0.14977973568281938,0.12149532710280374,-0.028284408580015644,,,,False,True,4,4
sedi,64.5,24,ifs_ens_mean,tier0,0.5831168985413538,0.5358266994798542,-0.04729019906149967,,,,False,True,4,4
csi,115.6,24,ifs_ens_mean,tier0,0.1,0.09090909090909091,-0.009090909090909094,,,,False,True,4,4
sedi,115.6,24,ifs_ens_mean,tier0,0.6105625831617547,0.5915648520672961,-0.01899773109445857,,,,False,True,4,4
csi,204.5,24,ifs_ens_mean,tier0,0.0,0.0,-0.0,,,,False,True,4,4
sedi,204.5,24,ifs_ens_mean,tier0,,,,,,,False,True,4,4
rmse_mm,,24,phase2_lagged_graphcast,best_single_member_on_train,11.085491017535126,11.763709736780594,-0.6782187192454678,,,0.08190638008533728,False,True,4,4
mae_mm,,24,phase2_lagged_graphcast,best_single_member_on_train,5.8957017663023015,6.369148738255207,-0.47344697195290575,,,3.0407398524781215e-05,False,True,4,4
csi,7.5,24,phase2_lagged_graphcast,best_single_member_on_train,0.40410418310970797,0.36010552542869706,-0.04399865768101091,,,,False,True,4,4
sedi,7.5,24,phase2_lagged_graphcast,best_single_member_on_train,0.64470757335237,0.5758622903221775,-0.06884528303019244,,,,False,True,4,4
csi,64.5,24,phase2_lagged_graphcast,best_single_member_on_train,0.040697674418604654,0.14977973568281938,0.10908206126421473,,,,False,True,4,4
sedi,64.5,24,phase2_lagged_graphcast,best_single_member_on_train,0.3909252800610458,0.5831168985413538,0.19219161848030802,,,,False,True,4,4
csi,115.6,24,phase2_lagged_graphcast,best_single_member_on_train,0.0,0.1,0.1,,,,False,True,4,4
sedi,115.6,24,phase2_lagged_graphcast,best_single_member_on_train,,0.6105625831617547,,,,,False,True,4,4
csi,204.5,24,phase2_lagged_graphcast,best_single_member_on_train,0.0,0.0,-0.0,,,,False,True,4,4
sedi,204.5,24,phase2_lagged_graphcast,best_single_member_on_train,,,,,,,False,True,4,4
rmse_mm,,24,phase2_lagged_graphcast,climatology,11.085491017535126,11.809458933656714,-0.7239679161215875,,,0.06745059089009267,False,True,4,4
mae_mm,,24,phase2_lagged_graphcast,climatology,5.8957017663023015,6.966331182379729,-1.070629416077428,,,0.21944295159428084,False,True,4,4
brier,7.5,24,phase2_lagged_graphcast,climatology,0.2590778064886592,0.041186744016728526,0.21789106247193066,,,8.583272526150943e-22,False,True,4,4
csi,7.5,24,phase2_lagged_graphcast,climatology,0.40410418310970797,0.22451438036440294,-0.17958980274530503,,,,False,True,4,4
sedi,7.5,24,phase2_lagged_graphcast,climatology,0.64470757335237,0.29356901562498755,-0.3511385577273824,,,,False,True,4,4
brier,64.5,24,phase2_lagged_graphcast,climatology,0.002795291415446425,0.0021588306763862747,0.0006364607390601505,,,0.0074555698989210335,False,True,4,4
csi,64.5,24,phase2_lagged_graphcast,climatology,0.040697674418604654,0.0,-0.040697674418604654,,,,False,True,4,4
sedi,64.5,24,phase2_lagged_graphcast,climatology,0.3909252800610458,,,,,,False,True,4,4
brier,115.6,24,phase2_lagged_graphcast,climatology,0.00025265575653169803,0.0002425647709808287,1.0090985550869328e-05,,,0.03198390063685,False,True,4,4
csi,115.6,24,phase2_lagged_graphcast,climatology,0.0,0.0,-0.0,,,,False,True,4,4
sedi,115.6,24,phase2_lagged_graphcast,climatology,,,,,,,False,True,4,4
brier,204.5,24,phase2_lagged_graphcast,climatology,1.4355440712029857e-05,1.445566265630729e-05,-1.002219442774324e-07,,,0.06986631175794886,False,True,4,4
csi,204.5,24,phase2_lagged_graphcast,climatology,0.0,0.0,-0.0,,,,False,True,4,4
sedi,204.5,24,phase2_lagged_graphcast,climatology,,,,,,,False,True,4,4
rmse_mm,,24,phase2_lagged_graphcast,tier0,11.085491017535126,11.655578817814003,-0.570087800278877,,,0.11411297902621156,False,True,4,4
mae_mm,,24,phase2_lagged_graphcast,tier0,5.8957017663023015,6.113084289099445,-0.2173825227971431,,,0.039391566799596295,False,True,4,4
csi,7.5,24,phase2_lagged_graphcast,tier0,0.40410418310970797,0.373356026613028,-0.030748156496679946,,,,False,True,4,4
sedi,7.5,24,phase2_lagged_graphcast,tier0,0.64470757335237,0.594871446403895,-0.049836126948474946,,,,False,True,4,4
csi,64.5,24,phase2_lagged_graphcast,tier0,0.040697674418604654,0.12149532710280374,0.08079765268419908,,,,False,True,4,4
sedi,64.5,24,phase2_lagged_graphcast,tier0,0.3909252800610458,0.5358266994798542,0.14490141941880835,,,,False,True,4,4
csi,115.6,24,phase2_lagged_graphcast,tier0,0.0,0.09090909090909091,0.09090909090909091,,,,False,True,4,4
sedi,115.6,24,phase2_lagged_graphcast,tier0,,0.5915648520672961,,,,,False,True,4,4
csi,204.5,24,phase2_lagged_graphcast,tier0,0.0,0.0,-0.0,,,,False,True,4,4
sedi,204.5,24,phase2_lagged_graphcast,tier0,,,,,,,False,True,4,4
rmse_mm,,24,tier0,best_single_member_on_train,11.655578817814003,11.763709736780594,-0.10813091896659088,,,0.29706902454545725,False,True,4,4
mae_mm,,24,tier0,best_single_member_on_train,6.113084289099445,6.369148738255207,-0.25606444915576265,,,1.879679612140103e-05,False,True,4,4
csi,7.5,24,tier0,best_single_member_on_train,0.373356026613028,0.36010552542869706,-0.013250501184330965,,,,False,True,4,4
sedi,7.5,24,tier0,best_single_member_on_train,0.594871446403895,0.5758622903221775,-0.019009156081717493,,,,False,True,4,4
csi,64.5,24,tier0,best_single_member_on_train,0.12149532710280374,0.14977973568281938,0.028284408580015644,,,,False,True,4,4
sedi,64.5,24,tier0,best_single_member_on_train,0.5358266994798542,0.5831168985413538,0.04729019906149967,,,,False,True,4,4
csi,115.6,24,tier0,best_single_member_on_train,0.09090909090909091,0.1,0.009090909090909094,,,,False,True,4,4
sedi,115.6,24,tier0,best_single_member_on_train,0.5915648520672961,0.6105625831617547,0.01899773109445857,,,,False,True,4,4
csi,204.5,24,tier0,best_single_member_on_train,0.0,0.0,-0.0,,,,False,True,4,4
sedi,204.5,24,tier0,best_single_member_on_train,,,,,,,False,True,4,4
rmse_mm,,24,tier0,climatology,11.655578817814003,11.809458933656714,-0.15388011584271055,,,0.8308287889682597,False,True,4,4
mae_mm,,24,tier0,climatology,6.113084289099445,6.966331182379729,-0.8532468932802848,,,0.3735045540435816,False,True,4,4
csi,7.5,24,tier0,climatology,0.373356026613028,0.22451438036440294,-0.1488416462486251,,,,False,True,4,4
sedi,7.5,24,tier0,climatology,0.594871446403895,0.29356901562498755,-0.30130243077890745,,,,False,True,4,4
csi,64.5,24,tier0,climatology,0.12149532710280374,0.0,-0.12149532710280374,,,,False,True,4,4
sedi,64.5,24,tier0,climatology,0.5358266994798542,,,,,,False,True,4,4
csi,115.6,24,tier0,climatology,0.09090909090909091,0.0,-0.09090909090909091,,,,False,True,4,4
sedi,115.6,24,tier0,climatology,0.5915648520672961,,,,,,False,True,4,4
csi,204.5,24,tier0,climatology,0.0,0.0,-0.0,,,,False,True,4,4
sedi,204.5,24,tier0,climatology,,,,,,,False,True,4,4
rmse_mm,,24,tier1_regional,best_single_member_on_train,11.5491636119644,11.763709736780594,-0.21454612481619506,,,0.12601873895013818,False,True,4,4
mae_mm,,24,tier1_regional,best_single_member_on_train,6.100126656526394,6.369148738255207,-0.2690220817288136,,,4.707909143174036e-15,False,True,4,4
csi,7.5,24,tier1_regional,best_single_member_on_train,0.38031007751937984,0.36010552542869706,-0.02020455209068278,,,,False,True,4,4
sedi,7.5,24,tier1_regional,best_single_member_on_train,0.6068254638140228,0.5758622903221775,-0.030963173491845297,,,,False,True,4,4
csi,64.5,24,tier1_regional,best_single_member_on_train,0.12315270935960591,0.14977973568281938,0.026627026323213468,,,,False,True,4,4
sedi,64.5,24,tier1_regional,best_single_member_on_train,0.5401832511105467,0.5831168985413538,0.04293364743080719,,,,False,True,4,4
csi,115.6,24,tier1_regional,best_single_member_on_train,0.09523809523809523,0.1,0.004761904761904773,,,,False,True,4,4
sedi,115.6,24,tier1_regional,best_single_member_on_train,0.60008763439902,0.6105625831617547,0.010474948762734693,,,,False,True,4,4
csi,204.5,24,tier1_regional,best_single_member_on_train,0.0,0.0,-0.0,,,,False,True,4,4
sedi,204.5,24,tier1_regional,best_single_member_on_train,,,,,,,False,True,4,4
rmse_mm,,24,tier1_regional,climatology,11.5491636119644,11.809458933656714,-0.26029532169231473,,,0.6867672636026787,False,True,4,4
mae_mm,,24,tier1_regional,climatology,6.100126656526394,6.966331182379729,-0.8662045258533357,,,0.3590117586134952,False,True,4,4
csi,7.5,24,tier1_regional,climatology,0.38031007751937984,0.22451438036440294,-0.1557956971549769,,,,False,True,4,4
sedi,7.5,24,tier1_regional,climatology,0.6068254638140228,0.29356901562498755,-0.31325644818903525,,,,False,True,4,4
csi,64.5,24,tier1_regional,climatology,0.12315270935960591,0.0,-0.12315270935960591,,,,False,True,4,4
sedi,64.5,24,tier1_regional,climatology,0.5401832511105467,,,,,,False,True,4,4
csi,115.6,24,tier1_regional,climatology,0.09523809523809523,0.0,-0.09523809523809523,,,,False,True,4,4
sedi,115.6,24,tier1_regional,climatology,0.60008763439902,,,,,,False,True,4,4
csi,204.5,24,tier1_regional,climatology,0.0,0.0,-0.0,,,,False,True,4,4
sedi,204.5,24,tier1_regional,climatology,,,,,,,False,True,4,4
rmse_mm,,24,tier1_regional,tier0,11.5491636119644,11.655578817814003,-0.10641520584960418,,,0.18657064237174825,False,True,4,4
mae_mm,,24,tier1_regional,tier0,6.100126656526394,6.113084289099445,-0.012957632573050937,,,0.6686505211986007,False,True,4,4
csi,7.5,24,tier1_regional,tier0,0.38031007751937984,0.373356026613028,-0.006954050906351816,,,,False,True,4,4
sedi,7.5,24,tier1_regional,tier0,0.6068254638140228,0.594871446403895,-0.011954017410127804,,,,False,True,4,4
csi,64.5,24,tier1_regional,tier0,0.12315270935960591,0.12149532710280374,-0.0016573822568021757,,,,False,True,4,4
sedi,64.5,24,tier1_regional,tier0,0.5401832511105467,0.5358266994798542,-0.0043565516306924845,,,,False,True,4,4
csi,115.6,24,tier1_regional,tier0,0.09523809523809523,0.09090909090909091,-0.004329004329004321,,,,False,True,4,4
sedi,115.6,24,tier1_regional,tier0,0.60008763439902,0.5915648520672961,-0.008522782331723877,,,,False,True,4,4
csi,204.5,24,tier1_regional,tier0,0.0,0.0,-0.0,,,,False,True,4,4
sedi,204.5,24,tier1_regional,tier0,,,,,,,False,True,4,4
rmse_mm,,24,tier2_bma,best_single_member_on_train,10.844386325630424,11.763709736780594,-0.9193234111501702,,,0.15061268693939897,False,True,4,4
mae_mm,,24,tier2_bma,best_single_member_on_train,6.037401742776241,6.369148738255207,-0.3317469954789658,,,0.393491273734894,False,True,4,4
csi,7.5,24,tier2_bma,best_single_member_on_train,0.3974132863021752,0.36010552542869706,-0.037307760873478146,,,,False,True,4,4
sedi,7.5,24,tier2_bma,best_single_member_on_train,0.6445601951773141,0.5758622903221775,-0.0686979048551366,,,,False,True,4,4
csi,64.5,24,tier2_bma,best_single_member_on_train,0.0,0.14977973568281938,0.14977973568281938,,,,False,True,4,4
sedi,64.5,24,tier2_bma,best_single_member_on_train,,0.5831168985413538,,,,,False,True,4,4
csi,115.6,24,tier2_bma,best_single_member_on_train,0.0,0.1,0.1,,,,False,True,4,4
sedi,115.6,24,tier2_bma,best_single_member_on_train,,0.6105625831617547,,,,,False,True,4,4
csi,204.5,24,tier2_bma,best_single_member_on_train,0.0,0.0,-0.0,,,,False,True,4,4
sedi,204.5,24,tier2_bma,best_single_member_on_train,,,,,,,False,True,4,4
rmse_mm,,24,tier2_bma,climatology,10.844386325630424,11.809458933656714,-0.9650726080262899,,,6.660733778340775e-06,False,True,4,4
mae_mm,,24,tier2_bma,climatology,6.037401742776241,6.966331182379729,-0.928929439603488,,,0.11474062590351744,False,True,4,4
crps_mm,,24,tier2_bma,climatology,3.7211913191337804,4.253728224958458,-0.5325369058246774,,,0.1631649763645232,False,True,4,4
csi,7.5,24,tier2_bma,climatology,0.3974132863021752,0.22451438036440294,-0.17289890593777227,,,,False,True,4,4
sedi,7.5,24,tier2_bma,climatology,0.6445601951773141,0.29356901562498755,-0.35099117955232656,,,,False,True,4,4
csi,64.5,24,tier2_bma,climatology,0.0,0.0,-0.0,,,,False,True,4,4
sedi,64.5,24,tier2_bma,climatology,,,,,,,False,True,4,4
csi,115.6,24,tier2_bma,climatology,0.0,0.0,-0.0,,,,False,True,4,4
sedi,115.6,24,tier2_bma,climatology,,,,,,,False,True,4,4
csi,204.5,24,tier2_bma,climatology,0.0,0.0,-0.0,,,,False,True,4,4
sedi,204.5,24,tier2_bma,climatology,,,,,,,False,True,4,4
rmse_mm,,24,tier2_bma,tier0,10.844386325630424,11.655578817814003,-0.8111924921835794,,,0.18685561933693462,False,True,4,4
mae_mm,,24,tier2_bma,tier0,6.037401742776241,6.113084289099445,-0.07568254632320315,,,0.850023987440142,False,True,4,4
csi,7.5,24,tier2_bma,tier0,0.3974132863021752,0.373356026613028,-0.02405725968914718,,,,False,True,4,4
sedi,7.5,24,tier2_bma,tier0,0.6445601951773141,0.594871446403895,-0.04968874877341911,,,,False,True,4,4
csi,64.5,24,tier2_bma,tier0,0.0,0.12149532710280374,0.12149532710280374,,,,False,True,4,4
sedi,64.5,24,tier2_bma,tier0,,0.5358266994798542,,,,,False,True,4,4
csi,115.6,24,tier2_bma,tier0,0.0,0.09090909090909091,0.09090909090909091,,,,False,True,4,4
sedi,115.6,24,tier2_bma,tier0,,0.5915648520672961,,,,,False,True,4,4
csi,204.5,24,tier2_bma,tier0,0.0,0.0,-0.0,,,,False,True,4,4
sedi,204.5,24,tier2_bma,tier0,,,,,,,False,True,4,4
rmse_mm,,24,tier2_emos_graphcast,best_single_member_on_train,10.86085286641827,11.763709736780594,-0.9028568703623243,,,0.1921498264669338,False,True,4,4
mae_mm,,24,tier2_emos_graphcast,best_single_member_on_train,6.1123307488232665,6.369148738255207,-0.2568179894319407,,,0.464147642064501,False,True,4,4
csi,7.5,24,tier2_emos_graphcast,best_single_member_on_train,0.38780894196056653,0.36010552542869706,-0.027703416531869474,,,,False,True,4,4
sedi,7.5,24,tier2_emos_graphcast,best_single_member_on_train,0.6372261548206084,0.5758622903221775,-0.0613638644984309,,,,False,True,4,4
csi,64.5,24,tier2_emos_graphcast,best_single_member_on_train,0.0,0.14977973568281938,0.14977973568281938,,,,False,True,4,4
sedi,64.5,24,tier2_emos_graphcast,best_single_member_on_train,,0.5831168985413538,,,,,False,True,4,4
csi,115.6,24,tier2_emos_graphcast,best_single_member_on_train,0.0,0.1,0.1,,,,False,True,4,4
sedi,115.6,24,tier2_emos_graphcast,best_single_member_on_train,,0.6105625831617547,,,,,False,True,4,4
csi,204.5,24,tier2_emos_graphcast,best_single_member_on_train,0.0,0.0,-0.0,,,,False,True,4,4
sedi,204.5,24,tier2_emos_graphcast,best_single_member_on_train,,,,,,,False,True,4,4
rmse_mm,,24,tier2_emos_graphcast,climatology,10.86085286641827,11.809458933656714,-0.948606067238444,,,1.548513658207438e-08,False,True,4,4
mae_mm,,24,tier2_emos_graphcast,climatology,6.1123307488232665,6.966331182379729,-0.8540004335564628,,,0.18031202357620502,False,True,4,4
crps_mm,,24,tier2_emos_graphcast,climatology,3.757579627497452,4.253728224958458,-0.4961485974610058,,,5.354538571582799e-07,False,True,4,4
csi,7.5,24,tier2_emos_graphcast,climatology,0.38780894196056653,0.22451438036440294,-0.1632945615961636,,,,False,True,4,4
sedi,7.5,24,tier2_emos_graphcast,climatology,0.6372261548206084,0.29356901562498755,-0.34365713919562085,,,,False,True,4,4
csi,64.5,24,tier2_emos_graphcast,climatology,0.0,0.0,-0.0,,,,False,True,4,4
sedi,64.5,24,tier2_emos_graphcast,climatology,,,,,,,False,True,4,4
csi,115.6,24,tier2_emos_graphcast,climatology,0.0,0.0,-0.0,,,,False,True,4,4
sedi,115.6,24,tier2_emos_graphcast,climatology,,,,,,,False,True,4,4
csi,204.5,24,tier2_emos_graphcast,climatology,0.0,0.0,-0.0,,,,False,True,4,4
sedi,204.5,24,tier2_emos_graphcast,climatology,,,,,,,False,True,4,4
rmse_mm,,24,tier2_emos_graphcast,tier0,10.86085286641827,11.655578817814003,-0.7947259513957334,,,0.23669862461599367,False,True,4,4
mae_mm,,24,tier2_emos_graphcast,tier0,6.1123307488232665,6.113084289099445,-0.0007535402761780219,,,0.9983372622818161,False,True,4,4
csi,7.5,24,tier2_emos_graphcast,tier0,0.38780894196056653,0.373356026613028,-0.014452915347538509,,,,False,True,4,4
sedi,7.5,24,tier2_emos_graphcast,tier0,0.6372261548206084,0.594871446403895,-0.042354708416713405,,,,False,True,4,4
csi,64.5,24,tier2_emos_graphcast,tier0,0.0,0.12149532710280374,0.12149532710280374,,,,False,True,4,4
sedi,64.5,24,tier2_emos_graphcast,tier0,,0.5358266994798542,,,,,False,True,4,4
csi,115.6,24,tier2_emos_graphcast,tier0,0.0,0.09090909090909091,0.09090909090909091,,,,False,True,4,4
sedi,115.6,24,tier2_emos_graphcast,tier0,,0.5915648520672961,,,,,False,True,4,4
csi,204.5,24,tier2_emos_graphcast,tier0,0.0,0.0,-0.0,,,,False,True,4,4
sedi,204.5,24,tier2_emos_graphcast,tier0,,,,,,,False,True,4,4
rmse_mm,,24,tier2_emos_ifs_ens,best_single_member_on_train,10.80028496833582,11.763709736780594,-0.9634247684447743,,,0.14277123321856577,False,True,4,4
mae_mm,,24,tier2_emos_ifs_ens,best_single_member_on_train,6.141176822178544,6.369148738255207,-0.22797191607666356,,,0.5578782290586807,False,True,4,4
csi,7.5,24,tier2_emos_ifs_ens,best_single_member_on_train,0.38249782671689364,0.36010552542869706,-0.02239230128819658,,,,False,True,4,4
sedi,7.5,24,tier2_emos_ifs_ens,best_single_member_on_train,0.619656297661872,0.5758622903221775,-0.04379400733969452,,,,False,True,4,4
csi,64.5,24,tier2_emos_ifs_ens,best_single_member_on_train,0.03592814371257485,0.14977973568281938,0.11385159197024453,,,,False,True,4,4
sedi,64.5,24,tier2_emos_ifs_ens,best_single_member_on_train,0.3918685910120961,0.5831168985413538,0.19124830752925776,,,,False,True,4,4
csi,115.6,24,tier2_emos_ifs_ens,best_single_member_on_train,0.0,0.1,0.1,,,,False,True,4,4
sedi,115.6,24,tier2_emos_ifs_ens,best_single_member_on_train,,0.6105625831617547,,,,,False,True,4,4
csi,204.5,24,tier2_emos_ifs_ens,best_single_member_on_train,0.0,0.0,-0.0,,,,False,True,4,4
sedi,204.5,24,tier2_emos_ifs_ens,best_single_member_on_train,,,,,,,False,True,4,4
rmse_mm,,24,tier2_emos_ifs_ens,climatology,10.80028496833582,11.809458933656714,-1.009173965320894,,,1.662059258394288e-07,False,True,4,4
mae_mm,,24,tier2_emos_ifs_ens,climatology,6.141176822178544,6.966331182379729,-0.8251543602011857,,,0.14583025494601817,False,True,4,4
crps_mm,,24,tier2_emos_ifs_ens,climatology,3.755693413095024,4.253728224958458,-0.4980348118634339,,,6.889275416920385e-07,False,True,4,4
csi,7.5,24,tier2_emos_ifs_ens,climatology,0.38249782671689364,0.22451438036440294,-0.1579834463524907,,,,False,True,4,4
sedi,7.5,24,tier2_emos_ifs_ens,climatology,0.619656297661872,0.29356901562498755,-0.3260872820368845,,,,False,True,4,4
csi,64.5,24,tier2_emos_ifs_ens,climatology,0.03592814371257485,0.0,-0.03592814371257485,,,,False,True,4,4
sedi,64.5,24,tier2_emos_ifs_ens,climatology,0.3918685910120961,,,,,,False,True,4,4
csi,115.6,24,tier2_emos_ifs_ens,climatology,0.0,0.0,-0.0,,,,False,True,4,4
sedi,115.6,24,tier2_emos_ifs_ens,climatology,,,,,,,False,True,4,4
csi,204.5,24,tier2_emos_ifs_ens,climatology,0.0,0.0,-0.0,,,,False,True,4,4
sedi,204.5,24,tier2_emos_ifs_ens,climatology,,,,,,,False,True,4,4
rmse_mm,,24,tier2_emos_ifs_ens,tier0,10.80028496833582,11.655578817814003,-0.8552938494781834,,,0.1781022323182092,False,True,4,4
mae_mm,,24,tier2_emos_ifs_ens,tier0,6.141176822178544,6.113084289099445,0.02809253307909909,,,0.9440476938230009,False,True,4,4
csi,7.5,24,tier2_emos_ifs_ens,tier0,0.38249782671689364,0.373356026613028,-0.009141800103865616,,,,False,True,4,4
sedi,7.5,24,tier2_emos_ifs_ens,tier0,0.619656297661872,0.594871446403895,-0.024784851257977025,,,,False,True,4,4
csi,64.5,24,tier2_emos_ifs_ens,tier0,0.03592814371257485,0.12149532710280374,0.0855671833902289,,,,False,True,4,4
sedi,64.5,24,tier2_emos_ifs_ens,tier0,0.3918685910120961,0.5358266994798542,0.14395810846775808,,,,False,True,4,4
csi,115.6,24,tier2_emos_ifs_ens,tier0,0.0,0.09090909090909091,0.09090909090909091,,,,False,True,4,4
sedi,115.6,24,tier2_emos_ifs_ens,tier0,,0.5915648520672961,,,,,False,True,4,4
csi,204.5,24,tier2_emos_ifs_ens,tier0,0.0,0.0,-0.0,,,,False,True,4,4
sedi,204.5,24,tier2_emos_ifs_ens,tier0,,,,,,,False,True,4,4
rmse_mm,,24,tier3_regime_conditioned,best_single_member_on_train,11.049509447344006,11.763709736780594,-0.7142002894365884,,,0.052961666598661916,False,True,4,4
mae_mm,,24,tier3_regime_conditioned,best_single_member_on_train,5.945479346469218,6.369148738255207,-0.42366939178598884,,,8.005823715239948e-05,False,True,4,4
csi,7.5,24,tier3_regime_conditioned,best_single_member_on_train,0.39788787078738935,0.36010552542869706,-0.03778234535869229,,,,False,True,4,4
sedi,7.5,24,tier3_regime_conditioned,best_single_member_on_train,0.6366672975627219,0.5758622903221775,-0.060805007240544384,,,,False,True,4,4
csi,64.5,24,tier3_regime_conditioned,best_single_member_on_train,0.05847953216374269,0.14977973568281938,0.0913002035190767,,,,False,True,4,4
sedi,64.5,24,tier3_regime_conditioned,best_single_member_on_train,0.44613662269826454,0.5831168985413538,0.1369802758430893,,,,False,True,4,4
csi,115.6,24,tier3_regime_conditioned,best_single_member_on_train,0.0,0.1,0.1,,,,False,True,4,4
sedi,115.6,24,tier3_regime_conditioned,best_single_member_on_train,,0.6105625831617547,,,,,False,True,4,4
csi,204.5,24,tier3_regime_conditioned,best_single_member_on_train,0.0,0.0,-0.0,,,,False,True,4,4
sedi,204.5,24,tier3_regime_conditioned,best_single_member_on_train,,,,,,,False,True,4,4
rmse_mm,,24,tier3_regime_conditioned,climatology,11.049509447344006,11.809458933656714,-0.7599494863127081,,,0.07384406512078223,False,True,4,4
mae_mm,,24,tier3_regime_conditioned,climatology,5.945479346469218,6.966331182379729,-1.020851835910511,,,0.23946474975235654,False,True,4,4
csi,7.5,24,tier3_regime_conditioned,climatology,0.39788787078738935,0.22451438036440294,-0.17337349042298641,,,,False,True,4,4
sedi,7.5,24,tier3_regime_conditioned,climatology,0.6366672975627219,0.29356901562498755,-0.34309828193773434,,,,False,True,4,4
csi,64.5,24,tier3_regime_conditioned,climatology,0.05847953216374269,0.0,-0.05847953216374269,,,,False,True,4,4
sedi,64.5,24,tier3_regime_conditioned,climatology,0.44613662269826454,,,,,,False,True,4,4
csi,115.6,24,tier3_regime_conditioned,climatology,0.0,0.0,-0.0,,,,False,True,4,4
sedi,115.6,24,tier3_regime_conditioned,climatology,,,,,,,False,True,4,4
csi,204.5,24,tier3_regime_conditioned,climatology,0.0,0.0,-0.0,,,,False,True,4,4
sedi,204.5,24,tier3_regime_conditioned,climatology,,,,,,,False,True,4,4
rmse_mm,,24,tier3_regime_conditioned,tier0,11.049509447344006,11.655578817814003,-0.6060693704699975,,,0.07258346288840647,False,True,4,4
mae_mm,,24,tier3_regime_conditioned,tier0,5.945479346469218,6.113084289099445,-0.16760494263022618,,,0.08866937714588179,False,True,4,4
csi,7.5,24,tier3_regime_conditioned,tier0,0.39788787078738935,0.373356026613028,-0.024531844174361328,,,,False,True,4,4
sedi,7.5,24,tier3_regime_conditioned,tier0,0.6366672975627219,0.594871446403895,-0.04179585115882689,,,,False,True,4,4
csi,64.5,24,tier3_regime_conditioned,tier0,0.05847953216374269,0.12149532710280374,0.06301579493906105,,,,False,True,4,4
sedi,64.5,24,tier3_regime_conditioned,tier0,0.44613662269826454,0.5358266994798542,0.08969007678158963,,,,False,True,4,4
csi,115.6,24,tier3_regime_conditioned,tier0,0.0,0.09090909090909091,0.09090909090909091,,,,False,True,4,4
sedi,115.6,24,tier3_regime_conditioned,tier0,,0.5915648520672961,,,,,False,True,4,4
csi,204.5,24,tier3_regime_conditioned,tier0,0.0,0.0,-0.0,,,,False,True,4,4
sedi,204.5,24,tier3_regime_conditioned,tier0,,,,,,,False,True,4,4
rmse_mm,,48,best_single_member_on_train,climatology,12.448817245199965,12.522721142966022,-0.07390389776605666,,,0.9294264983549267,False,True,4,4
mae_mm,,48,best_single_member_on_train,climatology,6.104222974660429,6.977811589407821,-0.8735886147473924,,,0.3313914218698586,False,True,4,4
csi,7.5,48,best_single_member_on_train,climatology,0.38301334201106413,0.23711340206185566,-0.14589993994920847,,,,False,True,4,4
sedi,7.5,48,best_single_member_on_train,climatology,0.6490166591022571,0.354742976770775,-0.29427368233148216,,,,False,True,4,4
csi,64.5,48,best_single_member_on_train,climatology,0.016736401673640166,0.0,-0.016736401673640166,,,,False,True,4,4
sedi,64.5,48,best_single_member_on_train,climatology,0.20061512019982486,,,,,,False,True,4,4
csi,115.6,48,best_single_member_on_train,climatology,0.0,0.0,-0.0,,,,False,True,4,4
sedi,115.6,48,best_single_member_on_train,climatology,,,,,,,False,True,4,4
csi,204.5,48,best_single_member_on_train,climatology,0.0,0.0,-0.0,,,,False,True,4,4
sedi,204.5,48,best_single_member_on_train,climatology,,,,,,,False,True,4,4
rmse_mm,,48,best_single_member_on_train,tier0,12.448817245199965,13.53570295928328,-1.086885714083314,,,0.14529763562044462,False,True,4,4
mae_mm,,48,best_single_member_on_train,tier0,6.104222974660429,6.648061905676753,-0.5438389310163245,,,0.014635596071287801,False,True,4,4
csi,7.5,48,best_single_member_on_train,tier0,0.38301334201106413,0.35861752561553756,-0.02439581639552657,,,,False,True,4,4
sedi,7.5,48,best_single_member_on_train,tier0,0.6490166591022571,0.6153885361121662,-0.03362812299009099,,,,False,True,4,4
csi,64.5,48,best_single_member_on_train,tier0,0.016736401673640166,0.010344827586206896,-0.0063915740874332695,,,,False,True,4,4
sedi,64.5,48,best_single_member_on_train,tier0,0.20061512019982486,0.11089711800156442,-0.08971800219826044,,,,False,True,4,4
csi,115.6,48,best_single_member_on_train,tier0,0.0,0.0,-0.0,,,,False,True,4,4
sedi,115.6,48,best_single_member_on_train,tier0,,,,,,,False,True,4,4
csi,204.5,48,best_single_member_on_train,tier0,0.0,0.0,-0.0,,,,False,True,4,4
sedi,204.5,48,best_single_member_on_train,tier0,,,,,,,False,True,4,4
rmse_mm,,48,climatology,best_single_member_on_train,12.522721142966022,12.448817245199965,0.07390389776605666,,,0.9294264983549267,False,True,4,4
mae_mm,,48,climatology,best_single_member_on_train,6.977811589407821,6.104222974660429,0.8735886147473924,,,0.3313914218698586,False,True,4,4
csi,7.5,48,climatology,best_single_member_on_train,0.23711340206185566,0.38301334201106413,0.14589993994920847,,,,False,True,4,4
sedi,7.5,48,climatology,best_single_member_on_train,0.354742976770775,0.6490166591022571,0.29427368233148216,,,,False,True,4,4
csi,64.5,48,climatology,best_single_member_on_train,0.0,0.016736401673640166,0.016736401673640166,,,,False,True,4,4
sedi,64.5,48,climatology,best_single_member_on_train,,0.20061512019982486,,,,,False,True,4,4
csi,115.6,48,climatology,best_single_member_on_train,0.0,0.0,-0.0,,,,False,True,4,4
sedi,115.6,48,climatology,best_single_member_on_train,,,,,,,False,True,4,4
csi,204.5,48,climatology,best_single_member_on_train,0.0,0.0,-0.0,,,,False,True,4,4
sedi,204.5,48,climatology,best_single_member_on_train,,,,,,,False,True,4,4
rmse_mm,,48,climatology,tier0,12.522721142966022,13.53570295928328,-1.0129818163172573,,,0.5050707660411138,False,True,4,4
mae_mm,,48,climatology,tier0,6.977811589407821,6.648061905676753,0.32974968373106783,,,0.7687487391599678,False,True,4,4
csi,7.5,48,climatology,tier0,0.23711340206185566,0.35861752561553756,0.1215041235536819,,,,False,True,4,4
sedi,7.5,48,climatology,tier0,0.354742976770775,0.6153885361121662,0.26064555934139116,,,,False,True,4,4
csi,64.5,48,climatology,tier0,0.0,0.010344827586206896,0.010344827586206896,,,,False,True,4,4
sedi,64.5,48,climatology,tier0,,0.11089711800156442,,,,,False,True,4,4
csi,115.6,48,climatology,tier0,0.0,0.0,-0.0,,,,False,True,4,4
sedi,115.6,48,climatology,tier0,,,,,,,False,True,4,4
csi,204.5,48,climatology,tier0,0.0,0.0,-0.0,,,,False,True,4,4
sedi,204.5,48,climatology,tier0,,,,,,,False,True,4,4
rmse_mm,,48,graphcast,best_single_member_on_train,12.448817245199965,12.448817245199965,0.0,,,1.0,False,True,4,4
mae_mm,,48,graphcast,best_single_member_on_train,6.104222974660429,6.104222974660429,0.0,,,1.0,False,True,4,4
csi,7.5,48,graphcast,best_single_member_on_train,0.38301334201106413,0.38301334201106413,-0.0,,,,False,True,4,4
sedi,7.5,48,graphcast,best_single_member_on_train,0.6490166591022571,0.6490166591022571,-0.0,,,,False,True,4,4
csi,64.5,48,graphcast,best_single_member_on_train,0.016736401673640166,0.016736401673640166,-0.0,,,,False,True,4,4
sedi,64.5,48,graphcast,best_single_member_on_train,0.20061512019982486,0.20061512019982486,-0.0,,,,False,True,4,4
csi,115.6,48,graphcast,best_single_member_on_train,0.0,0.0,-0.0,,,,False,True,4,4
sedi,115.6,48,graphcast,best_single_member_on_train,,,,,,,False,True,4,4
csi,204.5,48,graphcast,best_single_member_on_train,0.0,0.0,-0.0,,,,False,True,4,4
sedi,204.5,48,graphcast,best_single_member_on_train,,,,,,,False,True,4,4
rmse_mm,,48,graphcast,climatology,12.448817245199965,12.522721142966022,-0.07390389776605666,,,0.9294264983549267,False,True,4,4
mae_mm,,48,graphcast,climatology,6.104222974660429,6.977811589407821,-0.8735886147473924,,,0.3313914218698586,False,True,4,4
csi,7.5,48,graphcast,climatology,0.38301334201106413,0.23711340206185566,-0.14589993994920847,,,,False,True,4,4
sedi,7.5,48,graphcast,climatology,0.6490166591022571,0.354742976770775,-0.29427368233148216,,,,False,True,4,4
csi,64.5,48,graphcast,climatology,0.016736401673640166,0.0,-0.016736401673640166,,,,False,True,4,4
sedi,64.5,48,graphcast,climatology,0.20061512019982486,,,,,,False,True,4,4
csi,115.6,48,graphcast,climatology,0.0,0.0,-0.0,,,,False,True,4,4
sedi,115.6,48,graphcast,climatology,,,,,,,False,True,4,4
csi,204.5,48,graphcast,climatology,0.0,0.0,-0.0,,,,False,True,4,4
sedi,204.5,48,graphcast,climatology,,,,,,,False,True,4,4
rmse_mm,,48,graphcast,tier0,12.448817245199965,13.53570295928328,-1.086885714083314,,,0.14529763562044462,False,True,4,4
mae_mm,,48,graphcast,tier0,6.104222974660429,6.648061905676753,-0.5438389310163245,,,0.014635596071287801,False,True,4,4
csi,7.5,48,graphcast,tier0,0.38301334201106413,0.35861752561553756,-0.02439581639552657,,,,False,True,4,4
sedi,7.5,48,graphcast,tier0,0.6490166591022571,0.6153885361121662,-0.03362812299009099,,,,False,True,4,4
csi,64.5,48,graphcast,tier0,0.016736401673640166,0.010344827586206896,-0.0063915740874332695,,,,False,True,4,4
sedi,64.5,48,graphcast,tier0,0.20061512019982486,0.11089711800156442,-0.08971800219826044,,,,False,True,4,4
csi,115.6,48,graphcast,tier0,0.0,0.0,-0.0,,,,False,True,4,4
sedi,115.6,48,graphcast,tier0,,,,,,,False,True,4,4
csi,204.5,48,graphcast,tier0,0.0,0.0,-0.0,,,,False,True,4,4
sedi,204.5,48,graphcast,tier0,,,,,,,False,True,4,4
rmse_mm,,48,hres,best_single_member_on_train,16.417989964484978,12.448817245199965,3.9691727192850124,,,0.06268559041857868,False,True,4,4
mae_mm,,48,hres,best_single_member_on_train,7.349191262635427,6.104222974660429,1.2449682879749986,,,0.020775549322648988,False,True,4,4
csi,7.5,48,hres,best_single_member_on_train,0.3307422648986435,0.38301334201106413,0.05227107711242063,,,,False,True,4,4
sedi,7.5,48,hres,best_single_member_on_train,0.5593842786783851,0.6490166591022571,0.089632380423872,,,,False,True,4,4
csi,64.5,48,hres,best_single_member_on_train,0.023316062176165803,0.016736401673640166,-0.006579660502525637,,,,False,True,4,4
sedi,64.5,48,hres,best_single_member_on_train,0.2051491058897049,0.20061512019982486,-0.004533985689880032,,,,False,True,4,4
csi,115.6,48,hres,best_single_member_on_train,0.010416666666666666,0.0,-0.010416666666666666,,,,False,True,4,4
sedi,115.6,48,hres,best_single_member_on_train,0.23001501727929693,,,,,,False,True,4,4
csi,204.5,48,hres,best_single_member_on_train,0.0,0.0,-0.0,,,,False,True,4,4
sedi,204.5,48,hres,best_single_member_on_train,,,,,,,False,True,4,4
rmse_mm,,48,hres,climatology,16.417989964484978,12.522721142966022,3.8952688215189557,,,0.16328579928386067,False,True,4,4
mae_mm,,48,hres,climatology,7.349191262635427,6.977811589407821,0.37137967322760623,,,0.7961292893157608,False,True,4,4
csi,7.5,48,hres,climatology,0.3307422648986435,0.23711340206185566,-0.09362886283678784,,,,False,True,4,4
sedi,7.5,48,hres,climatology,0.5593842786783851,0.354742976770775,-0.20464130190761015,,,,False,True,4,4
csi,64.5,48,hres,climatology,0.023316062176165803,0.0,-0.023316062176165803,,,,False,True,4,4
sedi,64.5,48,hres,climatology,0.2051491058897049,,,,,,False,True,4,4
csi,115.6,48,hres,climatology,0.010416666666666666,0.0,-0.010416666666666666,,,,False,True,4,4
sedi,115.6,48,hres,climatology,0.23001501727929693,,,,,,False,True,4,4
csi,204.5,48,hres,climatology,0.0,0.0,-0.0,,,,False,True,4,4
sedi,204.5,48,hres,climatology,,,,,,,False,True,4,4
rmse_mm,,48,hres,tier0,16.417989964484978,13.53570295928328,2.8822870052016984,,,0.04139673099944489,False,True,4,4
mae_mm,,48,hres,tier0,7.349191262635427,6.648061905676753,0.7011293569586741,,,0.02675243988250455,False,True,4,4
csi,7.5,48,hres,tier0,0.3307422648986435,0.35861752561553756,0.027875260716894057,,,,False,True,4,4
sedi,7.5,48,hres,tier0,0.5593842786783851,0.6153885361121662,0.05600425743378101,,,,False,True,4,4
csi,64.5,48,hres,tier0,0.023316062176165803,0.010344827586206896,-0.012971234589958906,,,,False,True,4,4
sedi,64.5,48,hres,tier0,0.2051491058897049,0.11089711800156442,-0.09425198788814047,,,,False,True,4,4
csi,115.6,48,hres,tier0,0.010416666666666666,0.0,-0.010416666666666666,,,,False,True,4,4
sedi,115.6,48,hres,tier0,0.23001501727929693,,,,,,False,True,4,4
csi,204.5,48,hres,tier0,0.0,0.0,-0.0,,,,False,True,4,4
sedi,204.5,48,hres,tier0,,,,,,,False,True,4,4
rmse_mm,,48,ifs_ens_mean,best_single_member_on_train,13.782749232754158,12.448817245199965,1.3339319875541928,,,0.16905855952977766,False,True,4,4
mae_mm,,48,ifs_ens_mean,best_single_member_on_train,6.894366208033667,6.104222974660429,0.7901432333732386,,,0.0011580367416507299,False,True,4,4
csi,7.5,48,ifs_ens_mean,best_single_member_on_train,0.36139354066985646,0.38301334201106413,0.021619801341207667,,,,False,True,4,4
sedi,7.5,48,ifs_ens_mean,best_single_member_on_train,0.6254207661157717,0.6490166591022571,0.023595892986485456,,,,False,True,4,4
csi,64.5,48,ifs_ens_mean,best_single_member_on_train,0.01060070671378092,0.016736401673640166,0.0061356949598592465,,,,False,True,4,4
sedi,64.5,48,ifs_ens_mean,best_single_member_on_train,0.11699727933612533,0.20061512019982486,0.08361784086369953,,,,False,True,4,4
csi,115.6,48,ifs_ens_mean,best_single_member_on_train,0.0,0.0,-0.0,,,,False,True,4,4
sedi,115.6,48,ifs_ens_mean,best_single_member_on_train,,,,,,,False,True,4,4
csi,204.5,48,ifs_ens_mean,best_single_member_on_train,0.0,0.0,-0.0,,,,False,True,4,4
sedi,204.5,48,ifs_ens_mean,best_single_member_on_train,,,,,,,False,True,4,4
rmse_mm,,48,ifs_ens_mean,climatology,13.782749232754158,12.522721142966022,1.2600280897881362,,,0.4689320271140254,False,True,4,4
mae_mm,,48,ifs_ens_mean,climatology,6.894366208033667,6.977811589407821,-0.0834453813741538,,,0.9417331496490318,False,True,4,4
csi,7.5,48,ifs_ens_mean,climatology,0.36139354066985646,0.23711340206185566,-0.1242801386080008,,,,False,True,4,4
sedi,7.5,48,ifs_ens_mean,climatology,0.6254207661157717,0.354742976770775,-0.2706777893449967,,,,False,True,4,4
csi,64.5,48,ifs_ens_mean,climatology,0.01060070671378092,0.0,-0.01060070671378092,,,,False,True,4,4
sedi,64.5,48,ifs_ens_mean,climatology,0.11699727933612533,,,,,,False,True,4,4
csi,115.6,48,ifs_ens_mean,climatology,0.0,0.0,-0.0,,,,False,True,4,4
sedi,115.6,48,ifs_ens_mean,climatology,,,,,,,False,True,4,4
csi,204.5,48,ifs_ens_mean,climatology,0.0,0.0,-0.0,,,,False,True,4,4
sedi,204.5,48,ifs_ens_mean,climatology,,,,,,,False,True,4,4
rmse_mm,,48,ifs_ens_mean,tier0,13.782749232754158,13.53570295928328,0.24704627347087893,,,0.2773062960235321,False,True,4,4
mae_mm,,48,ifs_ens_mean,tier0,6.894366208033667,6.648061905676753,0.24630430235691403,,,1.3209967748346785e-21,False,True,4,4
csi,7.5,48,ifs_ens_mean,tier0,0.36139354066985646,0.35861752561553756,-0.0027760150543189033,,,,False,True,4,4
sedi,7.5,48,ifs_ens_mean,tier0,0.6254207661157717,0.6153885361121662,-0.010032230003605536,,,,False,True,4,4
csi,64.5,48,ifs_ens_mean,tier0,0.01060070671378092,0.010344827586206896,-0.00025587912757402305,,,,False,True,4,4
sedi,64.5,48,ifs_ens_mean,tier0,0.11699727933612533,0.11089711800156442,-0.0061001613345609135,,,,False,True,4,4
csi,115.6,48,ifs_ens_mean,tier0,0.0,0.0,-0.0,,,,False,True,4,4
sedi,115.6,48,ifs_ens_mean,tier0,,,,,,,False,True,4,4
csi,204.5,48,ifs_ens_mean,tier0,0.0,0.0,-0.0,,,,False,True,4,4
sedi,204.5,48,ifs_ens_mean,tier0,,,,,,,False,True,4,4
rmse_mm,,48,phase2_lagged_graphcast,best_single_member_on_train,12.431549310836202,12.448817245199965,-0.017267934363763615,,,0.6699268260017062,False,True,4,4
mae_mm,,48,phase2_lagged_graphcast,best_single_member_on_train,6.1736418738035335,6.104222974660429,0.06941889914310462,,,0.3208787764972275,False,True,4,4
csi,7.5,48,phase2_lagged_graphcast,best_single_member_on_train,0.3855421686746988,0.38301334201106413,-0.0025288266636346868,,,,False,True,4,4
sedi,7.5,48,phase2_lagged_graphcast,best_single_member_on_train,0.658976226995658,0.6490166591022571,-0.009959567893400911,,,,False,True,4,4
csi,64.5,48,phase2_lagged_graphcast,best_single_member_on_train,0.012345679012345678,0.016736401673640166,0.004390722661294488,,,,False,True,4,4
sedi,64.5,48,phase2_lagged_graphcast,best_single_member_on_train,0.159434356965051,0.20061512019982486,0.04118076323477385,,,,False,True,4,4
csi,115.6,48,phase2_lagged_graphcast,best_single_member_on_train,0.0,0.0,-0.0,,,,False,True,4,4
sedi,115.6,48,phase2_lagged_graphcast,best_single_member_on_train,,,,,,,False,True,4,4
csi,204.5,48,phase2_lagged_graphcast,best_single_member_on_train,0.0,0.0,-0.0,,,,False,True,4,4
sedi,204.5,48,phase2_lagged_graphcast,best_single_member_on_train,,,,,,,False,True,4,4
rmse_mm,,48,phase2_lagged_graphcast,climatology,12.431549310836202,12.522721142966022,-0.09117183212982027,,,0.9111812269310732,False,True,4,4
mae_mm,,48,phase2_lagged_graphcast,climatology,6.1736418738035335,6.977811589407821,-0.8041697156042877,,,0.33871329037152875,False,True,4,4
brier,7.5,48,phase2_lagged_graphcast,climatology,0.25520721639215543,0.03692394560432705,0.2182832707878284,,,1.581227105592061e-55,False,True,4,4
csi,7.5,48,phase2_lagged_graphcast,climatology,0.3855421686746988,0.23711340206185566,-0.14842876661284315,,,,False,True,4,4
sedi,7.5,48,phase2_lagged_graphcast,climatology,0.658976226995658,0.354742976770775,-0.30423325022488307,,,,False,True,4,4
brier,64.5,48,phase2_lagged_graphcast,climatology,0.003924894677940025,0.00239665049086005,0.0015282441870799754,,,0.13559851125616423,False,True,4,4
csi,64.5,48,phase2_lagged_graphcast,climatology,0.012345679012345678,0.0,-0.012345679012345678,,,,False,True,4,4
sedi,64.5,48,phase2_lagged_graphcast,climatology,0.159434356965051,,,,,,False,True,4,4
brier,115.6,48,phase2_lagged_graphcast,climatology,0.0005419911289235499,0.0005174846152227129,2.4506513700837062e-05,,,0.005418911690091781,False,True,4,4
csi,115.6,48,phase2_lagged_graphcast,climatology,0.0,0.0,-0.0,,,,False,True,4,4
sedi,115.6,48,phase2_lagged_graphcast,climatology,,,,,,,False,True,4,4
brier,204.5,48,phase2_lagged_graphcast,climatology,1.4355440712029857e-05,1.4463207882530455e-05,-1.077671705005975e-07,,,0.0593828134714186,False,True,4,4
csi,204.5,48,phase2_lagged_graphcast,climatology,0.0,0.0,-0.0,,,,False,True,4,4
sedi,204.5,48,phase2_lagged_graphcast,climatology,,,,,,,False,True,4,4
rmse_mm,,48,phase2_lagged_graphcast,tier0,12.431549310836202,13.53570295928328,-1.1041536484470775,,,0.1543440624540406,False,True,4,4
mae_mm,,48,phase2_lagged_graphcast,tier0,6.1736418738035335,6.648061905676753,-0.4744200318732199,,,0.09824480855849545,False,True,4,4
csi,7.5,48,phase2_lagged_graphcast,tier0,0.3855421686746988,0.35861752561553756,-0.026924643059161257,,,,False,True,4,4
sedi,7.5,48,phase2_lagged_graphcast,tier0,0.658976226995658,0.6153885361121662,-0.0435876908834919,,,,False,True,4,4
csi,64.5,48,phase2_lagged_graphcast,tier0,0.012345679012345678,0.010344827586206896,-0.002000851426138782,,,,False,True,4,4
sedi,64.5,48,phase2_lagged_graphcast,tier0,0.159434356965051,0.11089711800156442,-0.04853723896348659,,,,False,True,4,4
csi,115.6,48,phase2_lagged_graphcast,tier0,0.0,0.0,-0.0,,,,False,True,4,4
sedi,115.6,48,phase2_lagged_graphcast,tier0,,,,,,,False,True,4,4
csi,204.5,48,phase2_lagged_graphcast,tier0,0.0,0.0,-0.0,,,,False,True,4,4
sedi,204.5,48,phase2_lagged_graphcast,tier0,,,,,,,False,True,4,4
rmse_mm,,48,tier0,best_single_member_on_train,13.53570295928328,12.448817245199965,1.086885714083314,,,0.14529763562044462,False,True,4,4
mae_mm,,48,tier0,best_single_member_on_train,6.648061905676753,6.104222974660429,0.5438389310163245,,,0.014635596071287801,False,True,4,4
csi,7.5,48,tier0,best_single_member_on_train,0.35861752561553756,0.38301334201106413,0.02439581639552657,,,,False,True,4,4
sedi,7.5,48,tier0,best_single_member_on_train,0.6153885361121662,0.6490166591022571,0.03362812299009099,,,,False,True,4,4
csi,64.5,48,tier0,best_single_member_on_train,0.010344827586206896,0.016736401673640166,0.0063915740874332695,,,,False,True,4,4
sedi,64.5,48,tier0,best_single_member_on_train,0.11089711800156442,0.20061512019982486,0.08971800219826044,,,,False,True,4,4
csi,115.6,48,tier0,best_single_member_on_train,0.0,0.0,-0.0,,,,False,True,4,4
sedi,115.6,48,tier0,best_single_member_on_train,,,,,,,False,True,4,4
csi,204.5,48,tier0,best_single_member_on_train,0.0,0.0,-0.0,,,,False,True,4,4
sedi,204.5,48,tier0,best_single_member_on_train,,,,,,,False,True,4,4
rmse_mm,,48,tier0,climatology,13.53570295928328,12.522721142966022,1.0129818163172573,,,0.5050707660411138,False,True,4,4
mae_mm,,48,tier0,climatology,6.648061905676753,6.977811589407821,-0.32974968373106783,,,0.7687487391599678,False,True,4,4
csi,7.5,48,tier0,climatology,0.35861752561553756,0.23711340206185566,-0.1215041235536819,,,,False,True,4,4
sedi,7.5,48,tier0,climatology,0.6153885361121662,0.354742976770775,-0.26064555934139116,,,,False,True,4,4
csi,64.5,48,tier0,climatology,0.010344827586206896,0.0,-0.010344827586206896,,,,False,True,4,4
sedi,64.5,48,tier0,climatology,0.11089711800156442,,,,,,False,True,4,4
csi,115.6,48,tier0,climatology,0.0,0.0,-0.0,,,,False,True,4,4
sedi,115.6,48,tier0,climatology,,,,,,,False,True,4,4
csi,204.5,48,tier0,climatology,0.0,0.0,-0.0,,,,False,True,4,4
sedi,204.5,48,tier0,climatology,,,,,,,False,True,4,4
rmse_mm,,48,tier1_regional,best_single_member_on_train,12.624025919952695,12.448817245199965,0.17520867475272972,,,0.46924421292489393,False,True,4,4
mae_mm,,48,tier1_regional,best_single_member_on_train,6.360490700608544,6.104222974660429,0.2562677259481152,,,0.004600987158335013,False,True,4,4
csi,7.5,48,tier1_regional,best_single_member_on_train,0.3699439950217797,0.38301334201106413,0.013069346989284414,,,,False,True,4,4
sedi,7.5,48,tier1_regional,best_single_member_on_train,0.6339933721060437,0.6490166591022571,0.01502328699621347,,,,False,True,4,4
csi,64.5,48,tier1_regional,best_single_member_on_train,0.012096774193548387,0.016736401673640166,0.004639627480091779,,,,False,True,4,4
sedi,64.5,48,tier1_regional,best_single_member_on_train,0.15319727708045308,0.20061512019982486,0.04741784311937178,,,,False,True,4,4
csi,115.6,48,tier1_regional,best_single_member_on_train,0.0,0.0,-0.0,,,,False,True,4,4
sedi,115.6,48,tier1_regional,best_single_member_on_train,,,,,,,False,True,4,4
csi,204.5,48,tier1_regional,best_single_member_on_train,0.0,0.0,-0.0,,,,False,True,4,4
sedi,204.5,48,tier1_regional,best_single_member_on_train,,,,,,,False,True,4,4
rmse_mm,,48,tier1_regional,climatology,12.624025919952695,12.522721142966022,0.10130477698667306,,,0.9245540810774616,False,True,4,4
mae_mm,,48,tier1_regional,climatology,6.360490700608544,6.977811589407821,-0.6173208887992772,,,0.5320149334694321,False,True,4,4
csi,7.5,48,tier1_regional,climatology,0.3699439950217797,0.23711340206185566,-0.13283059295992405,,,,False,True,4,4
sedi,7.5,48,tier1_regional,climatology,0.6339933721060437,0.354742976770775,-0.2792503953352687,,,,False,True,4,4
csi,64.5,48,tier1_regional,climatology,0.012096774193548387,0.0,-0.012096774193548387,,,,False,True,4,4
sedi,64.5,48,tier1_regional,climatology,0.15319727708045308,,,,,,False,True,4,4
csi,115.6,48,tier1_regional,climatology,0.0,0.0,-0.0,,,,False,True,4,4
sedi,115.6,48,tier1_regional,climatology,,,,,,,False,True,4,4
csi,204.5,48,tier1_regional,climatology,0.0,0.0,-0.0,,,,False,True,4,4
sedi,204.5,48,tier1_regional,climatology,,,,,,,False,True,4,4
rmse_mm,,48,tier1_regional,tier0,12.624025919952695,13.53570295928328,-0.9116770393305842,,,0.08874577291552152,False,True,4,4
mae_mm,,48,tier1_regional,tier0,6.360490700608544,6.648061905676753,-0.2875712050682093,,,0.03351807910723526,False,True,4,4
csi,7.5,48,tier1_regional,tier0,0.3699439950217797,0.35861752561553756,-0.011326469406242157,,,,False,True,4,4
sedi,7.5,48,tier1_regional,tier0,0.6339933721060437,0.6153885361121662,-0.018604835993877522,,,,False,True,4,4
csi,64.5,48,tier1_regional,tier0,0.012096774193548387,0.010344827586206896,-0.0017519466073414904,,,,False,True,4,4
sedi,64.5,48,tier1_regional,tier0,0.15319727708045308,0.11089711800156442,-0.04230015907888866,,,,False,True,4,4
csi,115.6,48,tier1_regional,tier0,0.0,0.0,-0.0,,,,False,True,4,4
sedi,115.6,48,tier1_regional,tier0,,,,,,,False,True,4,4
csi,204.5,48,tier1_regional,tier0,0.0,0.0,-0.0,,,,False,True,4,4
sedi,204.5,48,tier1_regional,tier0,,,,,,,False,True,4,4
rmse_mm,,48,tier2_bma,best_single_member_on_train,12.108556111313082,12.448817245199965,-0.3402611338868837,,,0.6192170574382538,False,True,4,4
mae_mm,,48,tier2_bma,best_single_member_on_train,6.2805407117394765,6.104222974660429,0.17631773707904763,,,0.7129596210784814,False,True,4,4
csi,7.5,48,tier2_bma,best_single_member_on_train,0.35602171042980785,0.38301334201106413,0.02699163158125628,,,,False,True,4,4
sedi,7.5,48,tier2_bma,best_single_member_on_train,0.6184498366262433,0.6490166591022571,0.030566822476013833,,,,False,True,4,4
csi,64.5,48,tier2_bma,best_single_member_on_train,0.0,0.016736401673640166,0.016736401673640166,,,,False,True,4,4
sedi,64.5,48,tier2_bma,best_single_member_on_train,,0.20061512019982486,,,,,False,True,4,4
csi,115.6,48,tier2_bma,best_single_member_on_train,0.0,0.0,-0.0,,,,False,True,4,4
sedi,115.6,48,tier2_bma,best_single_member_on_train,,,,,,,False,True,4,4
csi,204.5,48,tier2_bma,best_single_member_on_train,0.0,0.0,-0.0,,,,False,True,4,4
sedi,204.5,48,tier2_bma,best_single_member_on_train,,,,,,,False,True,4,4
rmse_mm,,48,tier2_bma,climatology,12.108556111313082,12.522721142966022,-0.4141650316529404,,,0.047528068108658776,False,True,4,4
mae_mm,,48,tier2_bma,climatology,6.2805407117394765,6.977811589407821,-0.6972708776683447,,,0.18168605507449787,False,True,4,4
crps_mm,,48,tier2_bma,climatology,3.8024130912352243,4.102373141710966,-0.29996005047574137,,,0.3595249959066248,False,True,4,4
csi,7.5,48,tier2_bma,climatology,0.35602171042980785,0.23711340206185566,-0.11890830836795219,,,,False,True,4,4
sedi,7.5,48,tier2_bma,climatology,0.6184498366262433,0.354742976770775,-0.2637068598554683,,,,False,True,4,4
csi,64.5,48,tier2_bma,climatology,0.0,0.0,-0.0,,,,False,True,4,4
sedi,64.5,48,tier2_bma,climatology,,,,,,,False,True,4,4
csi,115.6,48,tier2_bma,climatology,0.0,0.0,-0.0,,,,False,True,4,4
sedi,115.6,48,tier2_bma,climatology,,,,,,,False,True,4,4
csi,204.5,48,tier2_bma,climatology,0.0,0.0,-0.0,,,,False,True,4,4
sedi,204.5,48,tier2_bma,climatology,,,,,,,False,True,4,4
rmse_mm,,48,tier2_bma,tier0,12.108556111313082,13.53570295928328,-1.4271468479701976,,,0.3025022980984534,False,True,4,4
mae_mm,,48,tier2_bma,tier0,6.2805407117394765,6.648061905676753,-0.3675211939372769,,,0.5944272154796519,False,True,4,4
csi,7.5,48,tier2_bma,tier0,0.35602171042980785,0.35861752561553756,0.0025958151857297107,,,,False,True,4,4
sedi,7.5,48,tier2_bma,tier0,0.6184498366262433,0.6153885361121662,-0.0030613005140771588,,,,False,True,4,4
csi,64.5,48,tier2_bma,tier0,0.0,0.010344827586206896,0.010344827586206896,,,,False,True,4,4
sedi,64.5,48,tier2_bma,tier0,,0.11089711800156442,,,,,False,True,4,4
csi,115.6,48,tier2_bma,tier0,0.0,0.0,-0.0,,,,False,True,4,4
sedi,115.6,48,tier2_bma,tier0,,,,,,,False,True,4,4
csi,204.5,48,tier2_bma,tier0,0.0,0.0,-0.0,,,,False,True,4,4
sedi,204.5,48,tier2_bma,tier0,,,,,,,False,True,4,4
rmse_mm,,48,tier2_emos_graphcast,best_single_member_on_train,12.07921438802379,12.448817245199965,-0.3696028571761758,,,0.5630812839286612,False,True,4,4
mae_mm,,48,tier2_emos_graphcast,best_single_member_on_train,6.0608617931230855,6.104222974660429,-0.04336118153734336,,,0.9189230690373632,False,True,4,4
csi,7.5,48,tier2_emos_graphcast,best_single_member_on_train,0.36781277087546954,0.38301334201106413,0.015200571135594587,,,,False,True,4,4
sedi,7.5,48,tier2_emos_graphcast,best_single_member_on_train,0.6463424321193514,0.6490166591022571,0.0026742269829057586,,,,False,True,4,4
csi,64.5,48,tier2_emos_graphcast,best_single_member_on_train,0.0,0.016736401673640166,0.016736401673640166,,,,False,True,4,4
sedi,64.5,48,tier2_emos_graphcast,best_single_member_on_train,,0.20061512019982486,,,,,False,True,4,4
csi,115.6,48,tier2_emos_graphcast,best_single_member_on_train,0.0,0.0,-0.0,,,,False,True,4,4
sedi,115.6,48,tier2_emos_graphcast,best_single_member_on_train,,,,,,,False,True,4,4
csi,204.5,48,tier2_emos_graphcast,best_single_member_on_train,0.0,0.0,-0.0,,,,False,True,4,4
sedi,204.5,48,tier2_emos_graphcast,best_single_member_on_train,,,,,,,False,True,4,4
rmse_mm,,48,tier2_emos_graphcast,climatology,12.07921438802379,12.522721142966022,-0.44350675494223246,,,0.07363013346555361,False,True,4,4
mae_mm,,48,tier2_emos_graphcast,climatology,6.0608617931230855,6.977811589407821,-0.9169497962847357,,,0.09820977022901603,False,True,4,4
crps_mm,,48,tier2_emos_graphcast,climatology,3.7384752967143924,4.102373141710966,-0.3638978449965733,,,4.6195781830590907e-10,False,True,4,4
csi,7.5,48,tier2_emos_graphcast,climatology,0.36781277087546954,0.23711340206185566,-0.13069936881361388,,,,False,True,4,4
sedi,7.5,48,tier2_emos_graphcast,climatology,0.6463424321193514,0.354742976770775,-0.2915994553485764,,,,False,True,4,4
csi,64.5,48,tier2_emos_graphcast,climatology,0.0,0.0,-0.0,,,,False,True,4,4
sedi,64.5,48,tier2_emos_graphcast,climatology,,,,,,,False,True,4,4
csi,115.6,48,tier2_emos_graphcast,climatology,0.0,0.0,-0.0,,,,False,True,4,4
sedi,115.6,48,tier2_emos_graphcast,climatology,,,,,,,False,True,4,4
csi,204.5,48,tier2_emos_graphcast,climatology,0.0,0.0,-0.0,,,,False,True,4,4
sedi,204.5,48,tier2_emos_graphcast,climatology,,,,,,,False,True,4,4
rmse_mm,,48,tier2_emos_graphcast,tier0,12.07921438802379,13.53570295928328,-1.4564885712594897,,,0.27937508231737984,False,True,4,4
mae_mm,,48,tier2_emos_graphcast,tier0,6.0608617931230855,6.648061905676753,-0.5872001125536679,,,0.3571589445872322,False,True,4,4
csi,7.5,48,tier2_emos_graphcast,tier0,0.36781277087546954,0.35861752561553756,-0.009195245259931983,,,,False,True,4,4
sedi,7.5,48,tier2_emos_graphcast,tier0,0.6463424321193514,0.6153885361121662,-0.030953896007185233,,,,False,True,4,4
csi,64.5,48,tier2_emos_graphcast,tier0,0.0,0.010344827586206896,0.010344827586206896,,,,False,True,4,4
sedi,64.5,48,tier2_emos_graphcast,tier0,,0.11089711800156442,,,,,False,True,4,4
csi,115.6,48,tier2_emos_graphcast,tier0,0.0,0.0,-0.0,,,,False,True,4,4
sedi,115.6,48,tier2_emos_graphcast,tier0,,,,,,,False,True,4,4
csi,204.5,48,tier2_emos_graphcast,tier0,0.0,0.0,-0.0,,,,False,True,4,4
sedi,204.5,48,tier2_emos_graphcast,tier0,,,,,,,False,True,4,4
rmse_mm,,48,tier2_emos_ifs_ens,best_single_member_on_train,12.31240756228117,12.448817245199965,-0.13640968291879574,,,0.6636255594966043,False,True,4,4
mae_mm,,48,tier2_emos_ifs_ens,best_single_member_on_train,6.4515703195601315,6.104222974660429,0.34734734489970265,,,0.24319488301833103,False,True,4,4
csi,7.5,48,tier2_emos_ifs_ens,best_single_member_on_train,0.36281422440220723,0.38301334201106413,0.020199117608856898,,,,False,True,4,4
sedi,7.5,48,tier2_emos_ifs_ens,best_single_member_on_train,0.6231962901730176,0.6490166591022571,0.025820368929239557,,,,False,True,4,4
csi,64.5,48,tier2_emos_ifs_ens,best_single_member_on_train,0.0,0.016736401673640166,0.016736401673640166,,,,False,True,4,4
sedi,64.5,48,tier2_emos_ifs_ens,best_single_member_on_train,,0.20061512019982486,,,,,False,True,4,4
csi,115.6,48,tier2_emos_ifs_ens,best_single_member_on_train,0.0,0.0,-0.0,,,,False,True,4,4
sedi,115.6,48,tier2_emos_ifs_ens,best_single_member_on_train,,,,,,,False,True,4,4
csi,204.5,48,tier2_emos_ifs_ens,best_single_member_on_train,0.0,0.0,-0.0,,,,False,True,4,4
sedi,204.5,48,tier2_emos_ifs_ens,best_single_member_on_train,,,,,,,False,True,4,4
rmse_mm,,48,tier2_emos_ifs_ens,climatology,12.31240756228117,12.522721142966022,-0.2103135806848524,,,0.6968440037464005,False,True,4,4
mae_mm,,48,tier2_emos_ifs_ens,climatology,6.4515703195601315,6.977811589407821,-0.5262412698476897,,,0.3869881135355082,False,True,4,4
crps_mm,,48,tier2_emos_ifs_ens,climatology,3.8271309512199445,4.102373141710966,-0.27524219049102117,,,0.02210683233013389,False,True,4,4
csi,7.5,48,tier2_emos_ifs_ens,climatology,0.36281422440220723,0.23711340206185566,-0.12570082234035157,,,,False,True,4,4
sedi,7.5,48,tier2_emos_ifs_ens,climatology,0.6231962901730176,0.354742976770775,-0.2684533134022426,,,,False,True,4,4
csi,64.5,48,tier2_emos_ifs_ens,climatology,0.0,0.0,-0.0,,,,False,True,4,4
sedi,64.5,48,tier2_emos_ifs_ens,climatology,,,,,,,False,True,4,4
csi,115.6,48,tier2_emos_ifs_ens,climatology,0.0,0.0,-0.0,,,,False,True,4,4
sedi,115.6,48,tier2_emos_ifs_ens,climatology,,,,,,,False,True,4,4
csi,204.5,48,tier2_emos_ifs_ens,climatology,0.0,0.0,-0.0,,,,False,True,4,4
sedi,204.5,48,tier2_emos_ifs_ens,climatology,,,,,,,False,True,4,4
rmse_mm,,48,tier2_emos_ifs_ens,tier0,12.31240756228117,13.53570295928328,-1.2232953970021097,,,0.2352507475202288,False,True,4,4
mae_mm,,48,tier2_emos_ifs_ens,tier0,6.4515703195601315,6.648061905676753,-0.19649158611662187,,,0.7054645266577431,False,True,4,4
csi,7.5,48,tier2_emos_ifs_ens,tier0,0.36281422440220723,0.35861752561553756,-0.0041966987866696726,,,,False,True,4,4
sedi,7.5,48,tier2_emos_ifs_ens,tier0,0.6231962901730176,0.6153885361121662,-0.007807754060851435,,,,False,True,4,4
csi,64.5,48,tier2_emos_ifs_ens,tier0,0.0,0.010344827586206896,0.010344827586206896,,,,False,True,4,4
sedi,64.5,48,tier2_emos_ifs_ens,tier0,,0.11089711800156442,,,,,False,True,4,4
csi,115.6,48,tier2_emos_ifs_ens,tier0,0.0,0.0,-0.0,,,,False,True,4,4
sedi,115.6,48,tier2_emos_ifs_ens,tier0,,,,,,,False,True,4,4
csi,204.5,48,tier2_emos_ifs_ens,tier0,0.0,0.0,-0.0,,,,False,True,4,4
sedi,204.5,48,tier2_emos_ifs_ens,tier0,,,,,,,False,True,4,4
rmse_mm,,48,tier3_regime_conditioned,best_single_member_on_train,12.684032827132558,12.448817245199965,0.23521558193259295,,,0.3598828554648764,False,True,4,4
mae_mm,,48,tier3_regime_conditioned,best_single_member_on_train,6.359582233367399,6.104222974660429,0.25535925870696996,,,1.297765083642603e-06,False,True,4,4
csi,7.5,48,tier3_regime_conditioned,best_single_member_on_train,0.3727175080558539,0.38301334201106413,0.01029583395521022,,,,False,True,4,4
sedi,7.5,48,tier3_regime_conditioned,best_single_member_on_train,0.6421669359493719,0.6490166591022571,0.006849723152885234,,,,False,True,4,4
csi,64.5,48,tier3_regime_conditioned,best_single_member_on_train,0.007782101167315175,0.016736401673640166,0.00895430050632499,,,,False,True,4,4
sedi,64.5,48,tier3_regime_conditioned,best_single_member_on_train,0.09545121494591655,0.20061512019982486,0.10516390525390831,,,,False,True,4,4
csi,115.6,48,tier3_regime_conditioned,best_single_member_on_train,0.0,0.0,-0.0,,,,False,True,4,4
sedi,115.6,48,tier3_regime_conditioned,best_single_member_on_train,,,,,,,False,True,4,4
csi,204.5,48,tier3_regime_conditioned,best_single_member_on_train,0.0,0.0,-0.0,,,,False,True,4,4
sedi,204.5,48,tier3_regime_conditioned,best_single_member_on_train,,,,,,,False,True,4,4
rmse_mm,,48,tier3_regime_conditioned,climatology,12.684032827132558,12.522721142966022,0.1613116841665363,,,0.8813421069455822,False,True,4,4
mae_mm,,48,tier3_regime_conditioned,climatology,6.359582233367399,6.977811589407821,-0.6182293560404224,,,0.5141743587877922,False,True,4,4
csi,7.5,48,tier3_regime_conditioned,climatology,0.3727175080558539,0.23711340206185566,-0.13560410599399825,,,,False,True,4,4
sedi,7.5,48,tier3_regime_conditioned,climatology,0.6421669359493719,0.354742976770775,-0.2874239591785969,,,,False,True,4,4
csi,64.5,48,tier3_regime_conditioned,climatology,0.007782101167315175,0.0,-0.007782101167315175,,,,False,True,4,4
sedi,64.5,48,tier3_regime_conditioned,climatology,0.09545121494591655,,,,,,False,True,4,4
csi,115.6,48,tier3_regime_conditioned,climatology,0.0,0.0,-0.0,,,,False,True,4,4
sedi,115.6,48,tier3_regime_conditioned,climatology,,,,,,,False,True,4,4
csi,204.5,48,tier3_regime_conditioned,climatology,0.0,0.0,-0.0,,,,False,True,4,4
sedi,204.5,48,tier3_regime_conditioned,climatology,,,,,,,False,True,4,4
rmse_mm,,48,tier3_regime_conditioned,tier0,12.684032827132558,13.53570295928328,-0.851670132150721,,,0.08946370649238028,False,True,4,4
mae_mm,,48,tier3_regime_conditioned,tier0,6.359582233367399,6.648061905676753,-0.28847967230935456,,,0.10609089544424168,False,True,4,4
csi,7.5,48,tier3_regime_conditioned,tier0,0.3727175080558539,0.35861752561553756,-0.01409998244031635,,,,False,True,4,4
sedi,7.5,48,tier3_regime_conditioned,tier0,0.6421669359493719,0.6153885361121662,-0.026778399837205757,,,,False,True,4,4
csi,64.5,48,tier3_regime_conditioned,tier0,0.007782101167315175,0.010344827586206896,0.002562726418891721,,,,False,True,4,4
sedi,64.5,48,tier3_regime_conditioned,tier0,0.09545121494591655,0.11089711800156442,0.015445903055647872,,,,False,True,4,4
csi,115.6,48,tier3_regime_conditioned,tier0,0.0,0.0,-0.0,,,,False,True,4,4
sedi,115.6,48,tier3_regime_conditioned,tier0,,,,,,,False,True,4,4
csi,204.5,48,tier3_regime_conditioned,tier0,0.0,0.0,-0.0,,,,False,True,4,4
sedi,204.5,48,tier3_regime_conditioned,tier0,,,,,,,False,True,4,4
rmse_mm,,72,best_single_member_on_train,climatology,13.847893108506671,12.515465438120401,1.33242767038627,,,0.2402541113623139,False,True,4,4
mae_mm,,72,best_single_member_on_train,climatology,6.877369131941567,7.131351966337252,-0.2539828343956856,,,0.7453579596978672,False,True,4,4
csi,7.5,72,best_single_member_on_train,climatology,0.36505215030718674,0.2102203182374541,-0.15483183206973264,,,,False,True,4,4
sedi,7.5,72,best_single_member_on_train,climatology,0.6079188142811326,0.2701957707738388,-0.3377230435072938,,,,False,True,4,4
csi,64.5,72,best_single_member_on_train,climatology,0.020202020202020204,0.0,-0.020202020202020204,,,,False,True,4,4
sedi,64.5,72,best_single_member_on_train,climatology,0.20729264055404256,,,,,,False,True,4,4
csi,115.6,72,best_single_member_on_train,climatology,0.0,0.0,-0.0,,,,False,True,4,4
sedi,115.6,72,best_single_member_on_train,climatology,,,,,,,False,True,4,4
csi,204.5,72,best_single_member_on_train,climatology,0.0,0.0,-0.0,,,,False,True,4,4
sedi,204.5,72,best_single_member_on_train,climatology,,,,,,,False,True,4,4
rmse_mm,,72,best_single_member_on_train,tier0,13.847893108506671,13.377086164666126,0.4708069438405449,,,0.34993774982032844,False,True,4,4
mae_mm,,72,best_single_member_on_train,tier0,6.877369131941567,6.589973516614371,0.2873956153271955,,,0.19338989752666425,False,True,4,4
csi,7.5,72,best_single_member_on_train,tier0,0.36505215030718674,0.37193185099624604,0.006879700689059298,,,,False,True,4,4
sedi,7.5,72,best_single_member_on_train,tier0,0.6079188142811326,0.6197201289612347,0.011801314680102148,,,,False,True,4,4
csi,64.5,72,best_single_member_on_train,tier0,0.020202020202020204,0.06642066420664207,0.04621864400462186,,,,False,True,4,4
sedi,64.5,72,best_single_member_on_train,tier0,0.20729264055404256,0.4242064167890333,0.21691377623499075,,,,False,True,4,4
csi,115.6,72,best_single_member_on_train,tier0,0.0,0.022727272727272728,0.022727272727272728,,,,False,True,4,4
sedi,115.6,72,best_single_member_on_train,tier0,,0.3673480335822178,,,,,False,True,4,4
csi,204.5,72,best_single_member_on_train,tier0,0.0,0.0,-0.0,,,,False,True,4,4
sedi,204.5,72,best_single_member_on_train,tier0,,,,,,,False,True,4,4
rmse_mm,,72,climatology,best_single_member_on_train,12.515465438120401,13.847893108506671,-1.33242767038627,,,0.2402541113623139,False,True,4,4
mae_mm,,72,climatology,best_single_member_on_train,7.131351966337252,6.877369131941567,0.2539828343956856,,,0.7453579596978672,False,True,4,4
csi,7.5,72,climatology,best_single_member_on_train,0.2102203182374541,0.36505215030718674,0.15483183206973264,,,,False,True,4,4
sedi,7.5,72,climatology,best_single_member_on_train,0.2701957707738388,0.6079188142811326,0.3377230435072938,,,,False,True,4,4
csi,64.5,72,climatology,best_single_member_on_train,0.0,0.020202020202020204,0.020202020202020204,,,,False,True,4,4
sedi,64.5,72,climatology,best_single_member_on_train,,0.20729264055404256,,,,,False,True,4,4
csi,115.6,72,climatology,best_single_member_on_train,0.0,0.0,-0.0,,,,False,True,4,4
sedi,115.6,72,climatology,best_single_member_on_train,,,,,,,False,True,4,4
csi,204.5,72,climatology,best_single_member_on_train,0.0,0.0,-0.0,,,,False,True,4,4
sedi,204.5,72,climatology,best_single_member_on_train,,,,,,,False,True,4,4
rmse_mm,,72,climatology,tier0,12.515465438120401,13.377086164666126,-0.8616207265457252,,,0.188747952133685,False,True,4,4
mae_mm,,72,climatology,tier0,7.131351966337252,6.589973516614371,0.5413784497228811,,,0.3738939337441787,False,True,4,4
csi,7.5,72,climatology,tier0,0.2102203182374541,0.37193185099624604,0.16171153275879194,,,,False,True,4,4
sedi,7.5,72,climatology,tier0,0.2701957707738388,0.6197201289612347,0.34952435818739597,,,,False,True,4,4
csi,64.5,72,climatology,tier0,0.0,0.06642066420664207,0.06642066420664207,,,,False,True,4,4
sedi,64.5,72,climatology,tier0,,0.4242064167890333,,,,,False,True,4,4
csi,115.6,72,climatology,tier0,0.0,0.022727272727272728,0.022727272727272728,,,,False,True,4,4
sedi,115.6,72,climatology,tier0,,0.3673480335822178,,,,,False,True,4,4
csi,204.5,72,climatology,tier0,0.0,0.0,-0.0,,,,False,True,4,4
sedi,204.5,72,climatology,tier0,,,,,,,False,True,4,4
rmse_mm,,72,graphcast,best_single_member_on_train,11.804121755460201,13.847893108506671,-2.04377135304647,,,0.13624806198401782,False,True,4,4
mae_mm,,72,graphcast,best_single_member_on_train,6.051423556512828,6.877369131941567,-0.8259455754287393,,,0.13963475657718094,False,True,4,4
csi,7.5,72,graphcast,best_single_member_on_train,0.38845415620847484,0.36505215030718674,-0.023402005901288103,,,,False,True,4,4
sedi,7.5,72,graphcast,best_single_member_on_train,0.6470222946126074,0.6079188142811326,-0.039103480331474816,,,,False,True,4,4
csi,64.5,72,graphcast,best_single_member_on_train,0.0892018779342723,0.020202020202020204,-0.06899985773225209,,,,False,True,4,4
sedi,64.5,72,graphcast,best_single_member_on_train,0.479012411696599,0.20729264055404256,-0.27171977114255647,,,,False,True,4,4
csi,115.6,72,graphcast,best_single_member_on_train,0.0,0.0,-0.0,,,,False,True,4,4
sedi,115.6,72,graphcast,best_single_member_on_train,,,,,,,False,True,4,4
csi,204.5,72,graphcast,best_single_member_on_train,0.0,0.0,-0.0,,,,False,True,4,4
sedi,204.5,72,graphcast,best_single_member_on_train,,,,,,,False,True,4,4
rmse_mm,,72,graphcast,climatology,11.804121755460201,12.515465438120401,-0.7113436826601998,,,0.0055305142103842945,False,True,4,4
mae_mm,,72,graphcast,climatology,6.051423556512828,7.131351966337252,-1.0799284098244248,,,0.00026985008023084977,False,True,4,4
csi,7.5,72,graphcast,climatology,0.38845415620847484,0.2102203182374541,-0.17823383797102074,,,,False,True,4,4
sedi,7.5,72,graphcast,climatology,0.6470222946126074,0.2701957707738388,-0.37682652383876863,,,,False,True,4,4
csi,64.5,72,graphcast,climatology,0.0892018779342723,0.0,-0.0892018779342723,,,,False,True,4,4
sedi,64.5,72,graphcast,climatology,0.479012411696599,,,,,,False,True,4,4
csi,115.6,72,graphcast,climatology,0.0,0.0,-0.0,,,,False,True,4,4
sedi,115.6,72,graphcast,climatology,,,,,,,False,True,4,4
csi,204.5,72,graphcast,climatology,0.0,0.0,-0.0,,,,False,True,4,4
sedi,204.5,72,graphcast,climatology,,,,,,,False,True,4,4
rmse_mm,,72,graphcast,tier0,11.804121755460201,13.377086164666126,-1.572964409205925,,,0.08158674166931407,False,True,4,4
mae_mm,,72,graphcast,tier0,6.051423556512828,6.589973516614371,-0.5385499601015438,,,0.12666120371929332,False,True,4,4
csi,7.5,72,graphcast,tier0,0.38845415620847484,0.37193185099624604,-0.016522305212228805,,,,False,True,4,4
sedi,7.5,72,graphcast,tier0,0.6470222946126074,0.6197201289612347,-0.027302165651372667,,,,False,True,4,4
csi,64.5,72,graphcast,tier0,0.0892018779342723,0.06642066420664207,-0.02278121372763023,,,,False,True,4,4
sedi,64.5,72,graphcast,tier0,0.479012411696599,0.4242064167890333,-0.054805994907565714,,,,False,True,4,4
csi,115.6,72,graphcast,tier0,0.0,0.022727272727272728,0.022727272727272728,,,,False,True,4,4
sedi,115.6,72,graphcast,tier0,,0.3673480335822178,,,,,False,True,4,4
csi,204.5,72,graphcast,tier0,0.0,0.0,-0.0,,,,False,True,4,4
sedi,204.5,72,graphcast,tier0,,,,,,,False,True,4,4
rmse_mm,,72,hres,best_single_member_on_train,17.9652600743489,13.847893108506671,4.11736696584223,,,0.01822608313661084,False,True,4,4
mae_mm,,72,hres,best_single_member_on_train,7.397516930025574,6.877369131941567,0.5201477980840075,,,0.014191995814748275,False,True,4,4
csi,7.5,72,hres,best_single_member_on_train,0.3380281690140845,0.36505215030718674,0.02702398129310224,,,,False,True,4,4
sedi,7.5,72,hres,best_single_member_on_train,0.5485763075291988,0.6079188142811326,0.059342506751933755,,,,False,True,4,4
csi,64.5,72,hres,best_single_member_on_train,0.06451612903225806,0.020202020202020204,-0.044314108830237856,,,,False,True,4,4
sedi,64.5,72,hres,best_single_member_on_train,0.4406319624014196,0.20729264055404256,-0.23333932184737705,,,,False,True,4,4
csi,115.6,72,hres,best_single_member_on_train,0.038834951456310676,0.0,-0.038834951456310676,,,,False,True,4,4
sedi,115.6,72,hres,best_single_member_on_train,0.516747162844641,,,,,,False,True,4,4
csi,204.5,72,hres,best_single_member_on_train,0.0,0.0,-0.0,,,,False,True,4,4
sedi,204.5,72,hres,best_single_member_on_train,,,,,,,False,True,4,4
rmse_mm,,72,hres,climatology,17.9652600743489,12.515465438120401,5.4497946362285,,,0.04330082713675671,False,True,4,4
mae_mm,,72,hres,climatology,7.397516930025574,7.131351966337252,0.2661649636883219,,,0.7806851163463358,False,True,4,4
csi,7.5,72,hres,climatology,0.3380281690140845,0.2102203182374541,-0.1278078507766304,,,,False,True,4,4
sedi,7.5,72,hres,climatology,0.5485763075291988,0.2701957707738388,-0.27838053675536006,,,,False,True,4,4
csi,64.5,72,hres,climatology,0.06451612903225806,0.0,-0.06451612903225806,,,,False,True,4,4
sedi,64.5,72,hres,climatology,0.4406319624014196,,,,,,False,True,4,4
csi,115.6,72,hres,climatology,0.038834951456310676,0.0,-0.038834951456310676,,,,False,True,4,4
sedi,115.6,72,hres,climatology,0.516747162844641,,,,,,False,True,4,4
csi,204.5,72,hres,climatology,0.0,0.0,-0.0,,,,False,True,4,4
sedi,204.5,72,hres,climatology,,,,,,,False,True,4,4
rmse_mm,,72,hres,tier0,17.9652600743489,13.377086164666126,4.588173909682775,,,0.02853929693590415,False,True,4,4
mae_mm,,72,hres,tier0,7.397516930025574,6.589973516614371,0.807543413411203,,,0.02469959199166691,False,True,4,4
csi,7.5,72,hres,tier0,0.3380281690140845,0.37193185099624604,0.03390368198216154,,,,False,True,4,4
sedi,7.5,72,hres,tier0,0.5485763075291988,0.6197201289612347,0.0711438214320359,,,,False,True,4,4
csi,64.5,72,hres,tier0,0.06451612903225806,0.06642066420664207,0.001904535174384006,,,,False,True,4,4
sedi,64.5,72,hres,tier0,0.4406319624014196,0.4242064167890333,-0.016425545612386294,,,,False,True,4,4
csi,115.6,72,hres,tier0,0.038834951456310676,0.022727272727272728,-0.01610767872903795,,,,False,True,4,4
sedi,115.6,72,hres,tier0,0.516747162844641,0.3673480335822178,-0.14939912926242316,,,,False,True,4,4
csi,204.5,72,hres,tier0,0.0,0.0,-0.0,,,,False,True,4,4
sedi,204.5,72,hres,tier0,,,,,,,False,True,4,4
rmse_mm,,72,ifs_ens_mean,best_single_member_on_train,13.847893108506671,13.847893108506671,0.0,,,1.0,False,True,4,4
mae_mm,,72,ifs_ens_mean,best_single_member_on_train,6.877369131941567,6.877369131941567,0.0,,,1.0,False,True,4,4
csi,7.5,72,ifs_ens_mean,best_single_member_on_train,0.36505215030718674,0.36505215030718674,-0.0,,,,False,True,4,4
sedi,7.5,72,ifs_ens_mean,best_single_member_on_train,0.6079188142811326,0.6079188142811326,-0.0,,,,False,True,4,4
csi,64.5,72,ifs_ens_mean,best_single_member_on_train,0.020202020202020204,0.020202020202020204,-0.0,,,,False,True,4,4
sedi,64.5,72,ifs_ens_mean,best_single_member_on_train,0.20729264055404256,0.20729264055404256,-0.0,,,,False,True,4,4
csi,115.6,72,ifs_ens_mean,best_single_member_on_train,0.0,0.0,-0.0,,,,False,True,4,4
sedi,115.6,72,ifs_ens_mean,best_single_member_on_train,,,,,,,False,True,4,4
csi,204.5,72,ifs_ens_mean,best_single_member_on_train,0.0,0.0,-0.0,,,,False,True,4,4
sedi,204.5,72,ifs_ens_mean,best_single_member_on_train,,,,,,,False,True,4,4
rmse_mm,,72,ifs_ens_mean,climatology,13.847893108506671,12.515465438120401,1.33242767038627,,,0.2402541113623139,False,True,4,4
mae_mm,,72,ifs_ens_mean,climatology,6.877369131941567,7.131351966337252,-0.2539828343956856,,,0.7453579596978672,False,True,4,4
csi,7.5,72,ifs_ens_mean,climatology,0.36505215030718674,0.2102203182374541,-0.15483183206973264,,,,False,True,4,4
sedi,7.5,72,ifs_ens_mean,climatology,0.6079188142811326,0.2701957707738388,-0.3377230435072938,,,,False,True,4,4
csi,64.5,72,ifs_ens_mean,climatology,0.020202020202020204,0.0,-0.020202020202020204,,,,False,True,4,4
sedi,64.5,72,ifs_ens_mean,climatology,0.20729264055404256,,,,,,False,True,4,4
csi,115.6,72,ifs_ens_mean,climatology,0.0,0.0,-0.0,,,,False,True,4,4
sedi,115.6,72,ifs_ens_mean,climatology,,,,,,,False,True,4,4
csi,204.5,72,ifs_ens_mean,climatology,0.0,0.0,-0.0,,,,False,True,4,4
sedi,204.5,72,ifs_ens_mean,climatology,,,,,,,False,True,4,4
rmse_mm,,72,ifs_ens_mean,tier0,13.847893108506671,13.377086164666126,0.4708069438405449,,,0.34993774982032844,False,True,4,4
mae_mm,,72,ifs_ens_mean,tier0,6.877369131941567,6.589973516614371,0.2873956153271955,,,0.19338989752666425,False,True,4,4
csi,7.5,72,ifs_ens_mean,tier0,0.36505215030718674,0.37193185099624604,0.006879700689059298,,,,False,True,4,4
sedi,7.5,72,ifs_ens_mean,tier0,0.6079188142811326,0.6197201289612347,0.011801314680102148,,,,False,True,4,4
csi,64.5,72,ifs_ens_mean,tier0,0.020202020202020204,0.06642066420664207,0.04621864400462186,,,,False,True,4,4
sedi,64.5,72,ifs_ens_mean,tier0,0.20729264055404256,0.4242064167890333,0.21691377623499075,,,,False,True,4,4
csi,115.6,72,ifs_ens_mean,tier0,0.0,0.022727272727272728,0.022727272727272728,,,,False,True,4,4
sedi,115.6,72,ifs_ens_mean,tier0,,0.3673480335822178,,,,,False,True,4,4
csi,204.5,72,ifs_ens_mean,tier0,0.0,0.0,-0.0,,,,False,True,4,4
sedi,204.5,72,ifs_ens_mean,tier0,,,,,,,False,True,4,4
rmse_mm,,72,phase2_lagged_graphcast,best_single_member_on_train,11.308788931734853,13.847893108506671,-2.5391041767718185,,,0.12411033426946506,False,True,4,4
mae_mm,,72,phase2_lagged_graphcast,best_single_member_on_train,5.874221707379048,6.877369131941567,-1.0031474245625187,,,0.11235268753000814,False,True,4,4
csi,7.5,72,phase2_lagged_graphcast,best_single_member_on_train,0.39526276831976315,0.36505215030718674,-0.030210618012576407,,,,False,True,4,4
sedi,7.5,72,phase2_lagged_graphcast,best_single_member_on_train,0.6590521184229197,0.6079188142811326,-0.05113330414178707,,,,False,True,4,4
csi,64.5,72,phase2_lagged_graphcast,best_single_member_on_train,0.09743589743589744,0.020202020202020204,-0.07723387723387723,,,,False,True,4,4
sedi,64.5,72,phase2_lagged_graphcast,best_single_member_on_train,0.4975005973668307,0.20729264055404256,-0.29020795681278816,,,,False,True,4,4
csi,115.6,72,phase2_lagged_graphcast,best_single_member_on_train,0.0,0.0,-0.0,,,,False,True,4,4
sedi,115.6,72,phase2_lagged_graphcast,best_single_member_on_train,,,,,,,False,True,4,4
csi,204.5,72,phase2_lagged_graphcast,best_single_member_on_train,0.0,0.0,-0.0,,,,False,True,4,4
sedi,204.5,72,phase2_lagged_graphcast,best_single_member_on_train,,,,,,,False,True,4,4
rmse_mm,,72,phase2_lagged_graphcast,climatology,11.308788931734853,12.515465438120401,-1.2066765063855485,,,0.018590371931836217,False,True,4,4
mae_mm,,72,phase2_lagged_graphcast,climatology,5.874221707379048,7.131351966337252,-1.2571302589582043,,,3.288997330456443e-05,False,True,4,4
crps_mm,,72,phase2_lagged_graphcast,climatology,5.121538881287441,4.29798817576506,0.823550705522381,,,0.05302204940216801,False,True,4,4
twcrps_64.5_mm,,72,phase2_lagged_graphcast,climatology,0.2387079835033114,0.2232606577648823,0.015447325738429107,,,0.11079578600469862,False,True,4,4
brier,7.5,72,phase2_lagged_graphcast,climatology,0.25148853514247327,0.03987706376951437,0.21161147137295888,,,2.8052565884786295e-10,False,True,4,4
csi,7.5,72,phase2_lagged_graphcast,climatology,0.39526276831976315,0.2102203182374541,-0.18504245008230905,,,,False,True,4,4
sedi,7.5,72,phase2_lagged_graphcast,climatology,0.6590521184229197,0.2701957707738388,-0.3888563476490809,,,,False,True,4,4
brier,64.5,72,phase2_lagged_graphcast,climatology,0.003247165243528475,0.0018954704235759,0.0013516948199525749,,,0.16576554168097535,False,True,4,4
csi,64.5,72,phase2_lagged_graphcast,climatology,0.09743589743589744,0.0,-0.09743589743589744,,,,False,True,4,4
sedi,64.5,72,phase2_lagged_graphcast,climatology,0.4975005973668307,,,,,,False,True,4,4
brier,115.6,72,phase2_lagged_graphcast,climatology,0.00042711866809863776,0.00033518204179819593,9.193662630044183e-05,,,0.2203425573085298,False,True,4,4
csi,115.6,72,phase2_lagged_graphcast,climatology,0.0,0.0,-0.0,,,,False,True,4,4
sedi,115.6,72,phase2_lagged_graphcast,climatology,,,,,,,False,True,4,4
brier,204.5,72,phase2_lagged_graphcast,climatology,2.9065336750275e-05,2.868824574537117e-05,3.7709100490383173e-07,,,0.4313878654680493,False,True,4,4
csi,204.5,72,phase2_lagged_graphcast,climatology,0.0,0.0,-0.0,,,,False,True,4,4
sedi,204.5,72,phase2_lagged_graphcast,climatology,,,,,,,False,True,4,4
rmse_mm,,72,phase2_lagged_graphcast,tier0,11.308788931734853,13.377086164666126,-2.0682972329312737,,,0.07542320998384587,False,True,4,4
mae_mm,,72,phase2_lagged_graphcast,tier0,5.874221707379048,6.589973516614371,-0.7157518092353232,,,0.08879899590031674,False,True,4,4
csi,7.5,72,phase2_lagged_graphcast,tier0,0.39526276831976315,0.37193185099624604,-0.02333091732351711,,,,False,True,4,4
sedi,7.5,72,phase2_lagged_graphcast,tier0,0.6590521184229197,0.6197201289612347,-0.039331989461684924,,,,False,True,4,4
csi,64.5,72,phase2_lagged_graphcast,tier0,0.09743589743589744,0.06642066420664207,-0.031015233229255368,,,,False,True,4,4
sedi,64.5,72,phase2_lagged_graphcast,tier0,0.4975005973668307,0.4242064167890333,-0.07329418057779741,,,,False,True,4,4
csi,115.6,72,phase2_lagged_graphcast,tier0,0.0,0.022727272727272728,0.022727272727272728,,,,False,True,4,4
sedi,115.6,72,phase2_lagged_graphcast,tier0,,0.3673480335822178,,,,,False,True,4,4
csi,204.5,72,phase2_lagged_graphcast,tier0,0.0,0.0,-0.0,,,,False,True,4,4
sedi,204.5,72,phase2_lagged_graphcast,tier0,,,,,,,False,True,4,4
rmse_mm,,72,tier0,best_single_member_on_train,13.377086164666126,13.847893108506671,-0.4708069438405449,,,0.34993774982032844,False,True,4,4
mae_mm,,72,tier0,best_single_member_on_train,6.589973516614371,6.877369131941567,-0.2873956153271955,,,0.19338989752666425,False,True,4,4
csi,7.5,72,tier0,best_single_member_on_train,0.37193185099624604,0.36505215030718674,-0.006879700689059298,,,,False,True,4,4
sedi,7.5,72,tier0,best_single_member_on_train,0.6197201289612347,0.6079188142811326,-0.011801314680102148,,,,False,True,4,4
csi,64.5,72,tier0,best_single_member_on_train,0.06642066420664207,0.020202020202020204,-0.04621864400462186,,,,False,True,4,4
sedi,64.5,72,tier0,best_single_member_on_train,0.4242064167890333,0.20729264055404256,-0.21691377623499075,,,,False,True,4,4
csi,115.6,72,tier0,best_single_member_on_train,0.022727272727272728,0.0,-0.022727272727272728,,,,False,True,4,4
sedi,115.6,72,tier0,best_single_member_on_train,0.3673480335822178,,,,,,False,True,4,4
csi,204.5,72,tier0,best_single_member_on_train,0.0,0.0,-0.0,,,,False,True,4,4
sedi,204.5,72,tier0,best_single_member_on_train,,,,,,,False,True,4,4
rmse_mm,,72,tier0,climatology,13.377086164666126,12.515465438120401,0.8616207265457252,,,0.188747952133685,False,True,4,4
mae_mm,,72,tier0,climatology,6.589973516614371,7.131351966337252,-0.5413784497228811,,,0.3738939337441787,False,True,4,4
csi,7.5,72,tier0,climatology,0.37193185099624604,0.2102203182374541,-0.16171153275879194,,,,False,True,4,4
sedi,7.5,72,tier0,climatology,0.6197201289612347,0.2701957707738388,-0.34952435818739597,,,,False,True,4,4
csi,64.5,72,tier0,climatology,0.06642066420664207,0.0,-0.06642066420664207,,,,False,True,4,4
sedi,64.5,72,tier0,climatology,0.4242064167890333,,,,,,False,True,4,4
csi,115.6,72,tier0,climatology,0.022727272727272728,0.0,-0.022727272727272728,,,,False,True,4,4
sedi,115.6,72,tier0,climatology,0.3673480335822178,,,,,,False,True,4,4
csi,204.5,72,tier0,climatology,0.0,0.0,-0.0,,,,False,True,4,4
sedi,204.5,72,tier0,climatology,,,,,,,False,True,4,4
rmse_mm,,72,tier1_regional,best_single_member_on_train,12.958646509293741,13.847893108506671,-0.8892465992129299,,,0.07570758840613331,False,True,4,4
mae_mm,,72,tier1_regional,best_single_member_on_train,6.548509037464661,6.877369131941567,-0.328860094476906,,,0.05751749256672698,False,True,4,4
csi,7.5,72,tier1_regional,best_single_member_on_train,0.37364672364672363,0.36505215030718674,-0.008594573339536893,,,,False,True,4,4
sedi,7.5,72,tier1_regional,best_single_member_on_train,0.6256476289703844,0.6079188142811326,-0.017728814689251804,,,,False,True,4,4
csi,64.5,72,tier1_regional,best_single_member_on_train,0.045112781954887216,0.020202020202020204,-0.024910761752867012,,,,False,True,4,4
sedi,64.5,72,tier1_regional,best_single_member_on_train,0.34672479578798204,0.20729264055404256,-0.13943215523393948,,,,False,True,4,4
csi,115.6,72,tier1_regional,best_single_member_on_train,0.0,0.0,-0.0,,,,False,True,4,4
sedi,115.6,72,tier1_regional,best_single_member_on_train,,,,,,,False,True,4,4
csi,204.5,72,tier1_regional,best_single_member_on_train,0.0,0.0,-0.0,,,,False,True,4,4
sedi,204.5,72,tier1_regional,best_single_member_on_train,,,,,,,False,True,4,4
rmse_mm,,72,tier1_regional,climatology,12.958646509293741,12.515465438120401,0.44318107117334016,,,0.5000828763073814,False,True,4,4
mae_mm,,72,tier1_regional,climatology,6.548509037464661,7.131351966337252,-0.5828429288725916,,,0.34145857142901626,False,True,4,4
csi,7.5,72,tier1_regional,climatology,0.37364672364672363,0.2102203182374541,-0.16342640540926953,,,,False,True,4,4
sedi,7.5,72,tier1_regional,climatology,0.6256476289703844,0.2701957707738388,-0.3554518581965456,,,,False,True,4,4
csi,64.5,72,tier1_regional,climatology,0.045112781954887216,0.0,-0.045112781954887216,,,,False,True,4,4
sedi,64.5,72,tier1_regional,climatology,0.34672479578798204,,,,,,False,True,4,4
csi,115.6,72,tier1_regional,climatology,0.0,0.0,-0.0,,,,False,True,4,4
sedi,115.6,72,tier1_regional,climatology,,,,,,,False,True,4,4
csi,204.5,72,tier1_regional,climatology,0.0,0.0,-0.0,,,,False,True,4,4
sedi,204.5,72,tier1_regional,climatology,,,,,,,False,True,4,4
rmse_mm,,72,tier1_regional,tier0,12.958646509293741,13.377086164666126,-0.41843965537238503,,,0.03806743340784734,False,True,4,4
mae_mm,,72,tier1_regional,tier0,6.548509037464661,6.589973516614371,-0.04146447914971052,,,0.6464216116555865,False,True,4,4
csi,7.5,72,tier1_regional,tier0,0.37364672364672363,0.37193185099624604,-0.0017148726504775946,,,,False,True,4,4
sedi,7.5,72,tier1_regional,tier0,0.6256476289703844,0.6197201289612347,-0.0059275000091496555,,,,False,True,4,4
csi,64.5,72,tier1_regional,tier0,0.045112781954887216,0.06642066420664207,0.021307882251754853,,,,False,True,4,4
sedi,64.5,72,tier1_regional,tier0,0.34672479578798204,0.4242064167890333,0.07748162100105127,,,,False,True,4,4
csi,115.6,72,tier1_regional,tier0,0.0,0.022727272727272728,0.022727272727272728,,,,False,True,4,4
sedi,115.6,72,tier1_regional,tier0,,0.3673480335822178,,,,,False,True,4,4
csi,204.5,72,tier1_regional,tier0,0.0,0.0,-0.0,,,,False,True,4,4
sedi,204.5,72,tier1_regional,tier0,,,,,,,False,True,4,4
rmse_mm,,72,tier2_bma,best_single_member_on_train,11.78241699327179,13.847893108506671,-2.0654761152348815,,,0.1099581616877233,False,True,4,4
mae_mm,,72,tier2_bma,best_single_member_on_train,6.002274401484093,6.877369131941567,-0.8750947304574739,,,0.12045659807669243,False,True,4,4
csi,7.5,72,tier2_bma,best_single_member_on_train,0.3740859900555718,0.36505215030718674,-0.009033839748385064,,,,False,True,4,4
sedi,7.5,72,tier2_bma,best_single_member_on_train,0.6216065584735319,0.6079188142811326,-0.013687744192399265,,,,False,True,4,4
csi,64.5,72,tier2_bma,best_single_member_on_train,0.0,0.020202020202020204,0.020202020202020204,,,,False,True,4,4
sedi,64.5,72,tier2_bma,best_single_member_on_train,,0.20729264055404256,,,,,False,True,4,4
csi,115.6,72,tier2_bma,best_single_member_on_train,0.0,0.0,-0.0,,,,False,True,4,4
sedi,115.6,72,tier2_bma,best_single_member_on_train,,,,,,,False,True,4,4
csi,204.5,72,tier2_bma,best_single_member_on_train,0.0,0.0,-0.0,,,,False,True,4,4
sedi,204.5,72,tier2_bma,best_single_member_on_train,,,,,,,False,True,4,4
rmse_mm,,72,tier2_bma,climatology,11.78241699327179,12.515465438120401,-0.7330484448486114,,,6.994365109342399e-06,False,True,4,4
mae_mm,,72,tier2_bma,climatology,6.002274401484093,7.131351966337252,-1.1290775648531595,,,0.0015916326915843952,False,True,4,4
crps_mm,,72,tier2_bma,climatology,3.830179961164553,4.29798817576506,-0.46780821460050737,,,0.4044498701159759,False,True,4,4
csi,7.5,72,tier2_bma,climatology,0.3740859900555718,0.2102203182374541,-0.1638656718181177,,,,False,True,4,4
sedi,7.5,72,tier2_bma,climatology,0.6216065584735319,0.2701957707738388,-0.3514107876996931,,,,False,True,4,4
csi,64.5,72,tier2_bma,climatology,0.0,0.0,-0.0,,,,False,True,4,4
sedi,64.5,72,tier2_bma,climatology,,,,,,,False,True,4,4
csi,115.6,72,tier2_bma,climatology,0.0,0.0,-0.0,,,,False,True,4,4
sedi,115.6,72,tier2_bma,climatology,,,,,,,False,True,4,4
csi,204.5,72,tier2_bma,climatology,0.0,0.0,-0.0,,,,False,True,4,4
sedi,204.5,72,tier2_bma,climatology,,,,,,,False,True,4,4
rmse_mm,,72,tier2_bma,tier0,11.78241699327179,13.377086164666126,-1.5946691713943366,,,0.04498492635406827,False,True,4,4
mae_mm,,72,tier2_bma,tier0,6.002274401484093,6.589973516614371,-0.5876991151302784,,,0.09066283960267356,False,True,4,4
csi,7.5,72,tier2_bma,tier0,0.3740859900555718,0.37193185099624604,-0.002154139059325766,,,,False,True,4,4
sedi,7.5,72,tier2_bma,tier0,0.6216065584735319,0.6197201289612347,-0.0018864295122971164,,,,False,True,4,4
csi,64.5,72,tier2_bma,tier0,0.0,0.06642066420664207,0.06642066420664207,,,,False,True,4,4
sedi,64.5,72,tier2_bma,tier0,,0.4242064167890333,,,,,False,True,4,4
csi,115.6,72,tier2_bma,tier0,0.0,0.022727272727272728,0.022727272727272728,,,,False,True,4,4
sedi,115.6,72,tier2_bma,tier0,,0.3673480335822178,,,,,False,True,4,4
csi,204.5,72,tier2_bma,tier0,0.0,0.0,-0.0,,,,False,True,4,4
sedi,204.5,72,tier2_bma,tier0,,,,,,,False,True,4,4
rmse_mm,,72,tier2_emos_graphcast,best_single_member_on_train,11.270691536526282,13.847893108506671,-2.577201571980389,,,0.10913096940241998,False,True,4,4
mae_mm,,72,tier2_emos_graphcast,best_single_member_on_train,5.656657405423169,6.877369131941567,-1.220711726518398,,,0.06295859132639099,False,True,4,4
csi,7.5,72,tier2_emos_graphcast,best_single_member_on_train,0.39023297491039427,0.36505215030718674,-0.02518082460320753,,,,False,True,4,4
sedi,7.5,72,tier2_emos_graphcast,best_single_member_on_train,0.6480240810996086,0.6079188142811326,-0.04010526681847604,,,,False,True,4,4
csi,64.5,72,tier2_emos_graphcast,best_single_member_on_train,0.1,0.020202020202020204,-0.0797979797979798,,,,False,True,4,4
sedi,64.5,72,tier2_emos_graphcast,best_single_member_on_train,0.5034071544362235,0.20729264055404256,-0.29611451388218096,,,,False,True,4,4
csi,115.6,72,tier2_emos_graphcast,best_single_member_on_train,0.0,0.0,-0.0,,,,False,True,4,4
sedi,115.6,72,tier2_emos_graphcast,best_single_member_on_train,,,,,,,False,True,4,4
csi,204.5,72,tier2_emos_graphcast,best_single_member_on_train,0.0,0.0,-0.0,,,,False,True,4,4
sedi,204.5,72,tier2_emos_graphcast,best_single_member_on_train,,,,,,,False,True,4,4
rmse_mm,,72,tier2_emos_graphcast,climatology,11.270691536526282,12.515465438120401,-1.2447739015941188,,,0.006800805871526061,False,True,4,4
mae_mm,,72,tier2_emos_graphcast,climatology,5.656657405423169,7.131351966337252,-1.4746945609140836,,,1.7503014098029033e-06,False,True,4,4
crps_mm,,72,tier2_emos_graphcast,climatology,3.6383909436710895,4.29798817576506,-0.6595972320939709,,,0.0054562174116486685,False,True,4,4
csi,7.5,72,tier2_emos_graphcast,climatology,0.39023297491039427,0.2102203182374541,-0.18001265667294017,,,,False,True,4,4
sedi,7.5,72,tier2_emos_graphcast,climatology,0.6480240810996086,0.2701957707738388,-0.37782831032576986,,,,False,True,4,4
csi,64.5,72,tier2_emos_graphcast,climatology,0.1,0.0,-0.1,,,,False,True,4,4
sedi,64.5,72,tier2_emos_graphcast,climatology,0.5034071544362235,,,,,,False,True,4,4
csi,115.6,72,tier2_emos_graphcast,climatology,0.0,0.0,-0.0,,,,False,True,4,4
sedi,115.6,72,tier2_emos_graphcast,climatology,,,,,,,False,True,4,4
csi,204.5,72,tier2_emos_graphcast,climatology,0.0,0.0,-0.0,,,,False,True,4,4
sedi,204.5,72,tier2_emos_graphcast,climatology,,,,,,,False,True,4,4
rmse_mm,,72,tier2_emos_graphcast,tier0,11.270691536526282,13.377086164666126,-2.106394628139844,,,0.05639709882422074,False,True,4,4
mae_mm,,72,tier2_emos_graphcast,tier0,5.656657405423169,6.589973516614371,-0.9333161111912025,,,0.034630561219812964,False,True,4,4
csi,7.5,72,tier2_emos_graphcast,tier0,0.39023297491039427,0.37193185099624604,-0.018301123914148232,,,,False,True,4,4
sedi,7.5,72,tier2_emos_graphcast,tier0,0.6480240810996086,0.6197201289612347,-0.02830395213837389,,,,False,True,4,4
csi,64.5,72,tier2_emos_graphcast,tier0,0.1,0.06642066420664207,-0.03357933579335794,,,,False,True,4,4
sedi,64.5,72,tier2_emos_graphcast,tier0,0.5034071544362235,0.4242064167890333,-0.07920073764719021,,,,False,True,4,4
csi,115.6,72,tier2_emos_graphcast,tier0,0.0,0.022727272727272728,0.022727272727272728,,,,False,True,4,4
sedi,115.6,72,tier2_emos_graphcast,tier0,,0.3673480335822178,,,,,False,True,4,4
csi,204.5,72,tier2_emos_graphcast,tier0,0.0,0.0,-0.0,,,,False,True,4,4
sedi,204.5,72,tier2_emos_graphcast,tier0,,,,,,,False,True,4,4
rmse_mm,,72,tier2_emos_ifs_ens,best_single_member_on_train,12.23682935530315,13.847893108506671,-1.6110637532035206,,,0.08623649482317924,False,True,4,4
mae_mm,,72,tier2_emos_ifs_ens,best_single_member_on_train,6.276167612450848,6.877369131941567,-0.6012015194907185,,,0.06054360405976332,False,True,4,4
csi,7.5,72,tier2_emos_ifs_ens,best_single_member_on_train,0.3705803371624646,0.36505215030718674,-0.005528186855277839,,,,False,True,4,4
sedi,7.5,72,tier2_emos_ifs_ens,best_single_member_on_train,0.6115385388340551,0.6079188142811326,-0.0036197245529224764,,,,False,True,4,4
csi,64.5,72,tier2_emos_ifs_ens,best_single_member_on_train,0.06451612903225806,0.020202020202020204,-0.044314108830237856,,,,False,True,4,4
sedi,64.5,72,tier2_emos_ifs_ens,best_single_member_on_train,0.4237233291879835,0.20729264055404256,-0.21643068863394094,,,,False,True,4,4
csi,115.6,72,tier2_emos_ifs_ens,best_single_member_on_train,0.0,0.0,-0.0,,,,False,True,4,4
sedi,115.6,72,tier2_emos_ifs_ens,best_single_member_on_train,,,,,,,False,True,4,4
csi,204.5,72,tier2_emos_ifs_ens,best_single_member_on_train,0.0,0.0,-0.0,,,,False,True,4,4
sedi,204.5,72,tier2_emos_ifs_ens,best_single_member_on_train,,,,,,,False,True,4,4
rmse_mm,,72,tier2_emos_ifs_ens,climatology,12.23682935530315,12.515465438120401,-0.2786360828172505,,,0.21752107482394112,False,True,4,4
mae_mm,,72,tier2_emos_ifs_ens,climatology,6.276167612450848,7.131351966337252,-0.8551843538864041,,,0.06799567670570297,False,True,4,4
crps_mm,,72,tier2_emos_ifs_ens,climatology,3.901586744215803,4.29798817576506,-0.3964014315492572,,,1.7785479822524934e-05,False,True,4,4
csi,7.5,72,tier2_emos_ifs_ens,climatology,0.3705803371624646,0.2102203182374541,-0.16036001892501048,,,,False,True,4,4
sedi,7.5,72,tier2_emos_ifs_ens,climatology,0.6115385388340551,0.2701957707738388,-0.3413427680602163,,,,False,True,4,4
csi,64.5,72,tier2_emos_ifs_ens,climatology,0.06451612903225806,0.0,-0.06451612903225806,,,,False,True,4,4
sedi,64.5,72,tier2_emos_ifs_ens,climatology,0.4237233291879835,,,,,,False,True,4,4
csi,115.6,72,tier2_emos_ifs_ens,climatology,0.0,0.0,-0.0,,,,False,True,4,4
sedi,115.6,72,tier2_emos_ifs_ens,climatology,,,,,,,False,True,4,4
csi,204.5,72,tier2_emos_ifs_ens,climatology,0.0,0.0,-0.0,,,,False,True,4,4
sedi,204.5,72,tier2_emos_ifs_ens,climatology,,,,,,,False,True,4,4
rmse_mm,,72,tier2_emos_ifs_ens,tier0,12.23682935530315,13.377086164666126,-1.1402568093629757,,,0.010813081641877326,False,True,4,4
mae_mm,,72,tier2_emos_ifs_ens,tier0,6.276167612450848,6.589973516614371,-0.31380590416352305,,,0.03693813046305742,False,True,4,4
csi,7.5,72,tier2_emos_ifs_ens,tier0,0.3705803371624646,0.37193185099624604,0.0013515138337814592,,,,False,True,4,4
sedi,7.5,72,tier2_emos_ifs_ens,tier0,0.6115385388340551,0.6197201289612347,0.008181590127179672,,,,False,True,4,4
csi,64.5,72,tier2_emos_ifs_ens,tier0,0.06451612903225806,0.06642066420664207,0.001904535174384006,,,,False,True,4,4
sedi,64.5,72,tier2_emos_ifs_ens,tier0,0.4237233291879835,0.4242064167890333,0.0004830876010498142,,,,False,True,4,4
csi,115.6,72,tier2_emos_ifs_ens,tier0,0.0,0.022727272727272728,0.022727272727272728,,,,False,True,4,4
sedi,115.6,72,tier2_emos_ifs_ens,tier0,,0.3673480335822178,,,,,False,True,4,4
csi,204.5,72,tier2_emos_ifs_ens,tier0,0.0,0.0,-0.0,,,,False,True,4,4
sedi,204.5,72,tier2_emos_ifs_ens,tier0,,,,,,,False,True,4,4
rmse_mm,,72,tier3_regime_conditioned,best_single_member_on_train,11.976311373872617,13.847893108506671,-1.871581734634054,,,0.11675146249039692,False,True,4,4
mae_mm,,72,tier3_regime_conditioned,best_single_member_on_train,6.184035762740832,6.877369131941567,-0.6933333692007349,,,0.06469727081728253,False,True,4,4
csi,7.5,72,tier3_regime_conditioned,best_single_member_on_train,0.38178406466512704,0.36505215030718674,-0.016731914357940303,,,,False,True,4,4
sedi,7.5,72,tier3_regime_conditioned,best_single_member_on_train,0.6389609087601461,0.6079188142811326,-0.031042094479013516,,,,False,True,4,4
csi,64.5,72,tier3_regime_conditioned,best_single_member_on_train,0.06880733944954129,0.020202020202020204,-0.04860531924752108,,,,False,True,4,4
sedi,64.5,72,tier3_regime_conditioned,best_single_member_on_train,0.42753683361950884,0.20729264055404256,-0.22024419306546628,,,,False,True,4,4
csi,115.6,72,tier3_regime_conditioned,best_single_member_on_train,0.0,0.0,-0.0,,,,False,True,4,4
sedi,115.6,72,tier3_regime_conditioned,best_single_member_on_train,,,,,,,False,True,4,4
csi,204.5,72,tier3_regime_conditioned,best_single_member_on_train,0.0,0.0,-0.0,,,,False,True,4,4
sedi,204.5,72,tier3_regime_conditioned,best_single_member_on_train,,,,,,,False,True,4,4
rmse_mm,,72,tier3_regime_conditioned,climatology,11.976311373872617,12.515465438120401,-0.5391540642477839,,,0.00019977683956687892,False,True,4,4
mae_mm,,72,tier3_regime_conditioned,climatology,6.184035762740832,7.131351966337252,-0.9473162035964204,,,0.049829308271838756,False,True,4,4
csi,7.5,72,tier3_regime_conditioned,climatology,0.38178406466512704,0.2102203182374541,-0.17156374642767294,,,,False,True,4,4
sedi,7.5,72,tier3_regime_conditioned,climatology,0.6389609087601461,0.2701957707738388,-0.36876513798630733,,,,False,True,4,4
csi,64.5,72,tier3_regime_conditioned,climatology,0.06880733944954129,0.0,-0.06880733944954129,,,,False,True,4,4
sedi,64.5,72,tier3_regime_conditioned,climatology,0.42753683361950884,,,,,,False,True,4,4
csi,115.6,72,tier3_regime_conditioned,climatology,0.0,0.0,-0.0,,,,False,True,4,4
sedi,115.6,72,tier3_regime_conditioned,climatology,,,,,,,False,True,4,4
csi,204.5,72,tier3_regime_conditioned,climatology,0.0,0.0,-0.0,,,,False,True,4,4
sedi,204.5,72,tier3_regime_conditioned,climatology,,,,,,,False,True,4,4
rmse_mm,,72,tier3_regime_conditioned,tier0,11.976311373872617,13.377086164666126,-1.400774790793509,,,0.04904744729476315,False,True,4,4
mae_mm,,72,tier3_regime_conditioned,tier0,6.184035762740832,6.589973516614371,-0.40593775387353936,,,0.012732781789866492,False,True,4,4
csi,7.5,72,tier3_regime_conditioned,tier0,0.38178406466512704,0.37193185099624604,-0.009852213668881005,,,,False,True,4,4
sedi,7.5,72,tier3_regime_conditioned,tier0,0.6389609087601461,0.6197201289612347,-0.019240779798911367,,,,False,True,4,4
csi,64.5,72,tier3_regime_conditioned,tier0,0.06880733944954129,0.06642066420664207,-0.0023866752428992194,,,,False,True,4,4
sedi,64.5,72,tier3_regime_conditioned,tier0,0.42753683361950884,0.4242064167890333,-0.0033304168304755244,,,,False,True,4,4
csi,115.6,72,tier3_regime_conditioned,tier0,0.0,0.022727272727272728,0.022727272727272728,,,,False,True,4,4
sedi,115.6,72,tier3_regime_conditioned,tier0,,0.3673480335822178,,,,,False,True,4,4
csi,204.5,72,tier3_regime_conditioned,tier0,0.0,0.0,-0.0,,,,False,True,4,4
sedi,204.5,72,tier3_regime_conditioned,tier0,,,,,,,False,True,4,4
rmse_mm,,96,best_single_member_on_train,climatology,12.705206161804977,14.773088441418723,-2.0678822796137464,,,0.1500141970419692,False,True,3,3
mae_mm,,96,best_single_member_on_train,climatology,6.6169849535985525,7.810225942885194,-1.1932409892866414,,,0.057063022768476725,False,True,3,3
csi,7.5,96,best_single_member_on_train,climatology,0.37068239258635216,0.22334157004371794,-0.14734082254263423,,,,False,True,3,3
sedi,7.5,96,best_single_member_on_train,climatology,0.5614601033635855,0.263364156366668,-0.29809594699691755,,,,False,True,3,3
csi,64.5,96,best_single_member_on_train,climatology,0.07906976744186046,0.0,-0.07906976744186046,,,,False,True,3,3
sedi,64.5,96,best_single_member_on_train,climatology,0.4799480150891804,,,,,,False,True,3,3
csi,115.6,96,best_single_member_on_train,climatology,0.0,0.0,-0.0,,,,False,True,3,3
sedi,115.6,96,best_single_member_on_train,climatology,,,,,,,False,True,3,3
csi,204.5,96,best_single_member_on_train,climatology,0.0,0.0,-0.0,,,,False,True,3,3
sedi,204.5,96,best_single_member_on_train,climatology,,,,,,,False,True,3,3
rmse_mm,,96,best_single_member_on_train,tier0,12.705206161804977,14.272799538061701,-1.567593376256724,,,0.08191776484007664,False,True,3,3
mae_mm,,96,best_single_member_on_train,tier0,6.6169849535985525,7.137885733059238,-0.5209007794606855,,,0.17376651100452656,False,True,3,3
csi,7.5,96,best_single_member_on_train,tier0,0.37068239258635216,0.3703770521378315,-0.00030534044852065234,,,,False,True,3,3
sedi,7.5,96,best_single_member_on_train,tier0,0.5614601033635855,0.5567134813033497,-0.0047466220602357945,,,,False,True,3,3
csi,64.5,96,best_single_member_on_train,tier0,0.07906976744186046,0.072992700729927,-0.006077066711933463,,,,False,True,3,3
sedi,64.5,96,best_single_member_on_train,tier0,0.4799480150891804,0.39550408624895705,-0.08444392884022334,,,,False,True,3,3
csi,115.6,96,best_single_member_on_train,tier0,0.0,0.0,-0.0,,,,False,True,3,3
sedi,115.6,96,best_single_member_on_train,tier0,,,,,,,False,True,3,3
csi,204.5,96,best_single_member_on_train,tier0,0.0,0.0,-0.0,,,,False,True,3,3
sedi,204.5,96,best_single_member_on_train,tier0,,,,,,,False,True,3,3
rmse_mm,,96,climatology,best_single_member_on_train,14.773088441418723,12.705206161804977,2.0678822796137464,,,0.1500141970419692,False,True,3,3
mae_mm,,96,climatology,best_single_member_on_train,7.810225942885194,6.6169849535985525,1.1932409892866414,,,0.057063022768476725,False,True,3,3
csi,7.5,96,climatology,best_single_member_on_train,0.22334157004371794,0.37068239258635216,0.14734082254263423,,,,False,True,3,3
sedi,7.5,96,climatology,best_single_member_on_train,0.263364156366668,0.5614601033635855,0.29809594699691755,,,,False,True,3,3
csi,64.5,96,climatology,best_single_member_on_train,0.0,0.07906976744186046,0.07906976744186046,,,,False,True,3,3
sedi,64.5,96,climatology,best_single_member_on_train,,0.4799480150891804,,,,,False,True,3,3
csi,115.6,96,climatology,best_single_member_on_train,0.0,0.0,-0.0,,,,False,True,3,3
sedi,115.6,96,climatology,best_single_member_on_train,,,,,,,False,True,3,3
csi,204.5,96,climatology,best_single_member_on_train,0.0,0.0,-0.0,,,,False,True,3,3
sedi,204.5,96,climatology,best_single_member_on_train,,,,,,,False,True,3,3
rmse_mm,,96,climatology,tier0,14.773088441418723,14.272799538061701,0.5002889033570224,,,0.34487752233218383,False,True,3,3
mae_mm,,96,climatology,tier0,7.810225942885194,7.137885733059238,0.6723402098259559,,,0.011541480625619731,False,True,3,3
csi,7.5,96,climatology,tier0,0.22334157004371794,0.3703770521378315,0.14703548209411357,,,,False,True,3,3
sedi,7.5,96,climatology,tier0,0.263364156366668,0.5567134813033497,0.29334932493668175,,,,False,True,3,3
csi,64.5,96,climatology,tier0,0.0,0.072992700729927,0.072992700729927,,,,False,True,3,3
sedi,64.5,96,climatology,tier0,,0.39550408624895705,,,,,False,True,3,3
csi,115.6,96,climatology,tier0,0.0,0.0,-0.0,,,,False,True,3,3
sedi,115.6,96,climatology,tier0,,,,,,,False,True,3,3
csi,204.5,96,climatology,tier0,0.0,0.0,-0.0,,,,False,True,3,3
sedi,204.5,96,climatology,tier0,,,,,,,False,True,3,3
rmse_mm,,96,graphcast,best_single_member_on_train,12.705206161804977,12.705206161804977,0.0,,,1.0,False,True,3,3
mae_mm,,96,graphcast,best_single_member_on_train,6.6169849535985525,6.6169849535985525,0.0,,,1.0,False,True,3,3
csi,7.5,96,graphcast,best_single_member_on_train,0.37068239258635216,0.37068239258635216,-0.0,,,,False,True,3,3
sedi,7.5,96,graphcast,best_single_member_on_train,0.5614601033635855,0.5614601033635855,-0.0,,,,False,True,3,3
csi,64.5,96,graphcast,best_single_member_on_train,0.07906976744186046,0.07906976744186046,-0.0,,,,False,True,3,3
sedi,64.5,96,graphcast,best_single_member_on_train,0.4799480150891804,0.4799480150891804,-0.0,,,,False,True,3,3
csi,115.6,96,graphcast,best_single_member_on_train,0.0,0.0,-0.0,,,,False,True,3,3
sedi,115.6,96,graphcast,best_single_member_on_train,,,,,,,False,True,3,3
csi,204.5,96,graphcast,best_single_member_on_train,0.0,0.0,-0.0,,,,False,True,3,3
sedi,204.5,96,graphcast,best_single_member_on_train,,,,,,,False,True,3,3
rmse_mm,,96,graphcast,climatology,12.705206161804977,14.773088441418723,-2.0678822796137464,,,0.1500141970419692,False,True,3,3
mae_mm,,96,graphcast,climatology,6.6169849535985525,7.810225942885194,-1.1932409892866414,,,0.057063022768476725,False,True,3,3
csi,7.5,96,graphcast,climatology,0.37068239258635216,0.22334157004371794,-0.14734082254263423,,,,False,True,3,3
sedi,7.5,96,graphcast,climatology,0.5614601033635855,0.263364156366668,-0.29809594699691755,,,,False,True,3,3
csi,64.5,96,graphcast,climatology,0.07906976744186046,0.0,-0.07906976744186046,,,,False,True,3,3
sedi,64.5,96,graphcast,climatology,0.4799480150891804,,,,,,False,True,3,3
csi,115.6,96,graphcast,climatology,0.0,0.0,-0.0,,,,False,True,3,3
sedi,115.6,96,graphcast,climatology,,,,,,,False,True,3,3
csi,204.5,96,graphcast,climatology,0.0,0.0,-0.0,,,,False,True,3,3
sedi,204.5,96,graphcast,climatology,,,,,,,False,True,3,3
rmse_mm,,96,graphcast,tier0,12.705206161804977,14.272799538061701,-1.567593376256724,,,0.08191776484007664,False,True,3,3
mae_mm,,96,graphcast,tier0,6.6169849535985525,7.137885733059238,-0.5209007794606855,,,0.17376651100452656,False,True,3,3
csi,7.5,96,graphcast,tier0,0.37068239258635216,0.3703770521378315,-0.00030534044852065234,,,,False,True,3,3
sedi,7.5,96,graphcast,tier0,0.5614601033635855,0.5567134813033497,-0.0047466220602357945,,,,False,True,3,3
csi,64.5,96,graphcast,tier0,0.07906976744186046,0.072992700729927,-0.006077066711933463,,,,False,True,3,3
sedi,64.5,96,graphcast,tier0,0.4799480150891804,0.39550408624895705,-0.08444392884022334,,,,False,True,3,3
csi,115.6,96,graphcast,tier0,0.0,0.0,-0.0,,,,False,True,3,3
sedi,115.6,96,graphcast,tier0,,,,,,,False,True,3,3
csi,204.5,96,graphcast,tier0,0.0,0.0,-0.0,,,,False,True,3,3
sedi,204.5,96,graphcast,tier0,,,,,,,False,True,3,3
rmse_mm,,96,hres,best_single_member_on_train,19.288480365039312,12.705206161804977,6.583274203234335,,,0.015046827793409078,False,True,3,3
mae_mm,,96,hres,best_single_member_on_train,8.227158117271758,6.6169849535985525,1.6101731636732053,,,0.026371198077367188,False,True,3,3
csi,7.5,96,hres,best_single_member_on_train,0.32977913175932977,0.37068239258635216,0.04090326082702239,,,,False,True,3,3
sedi,7.5,96,hres,best_single_member_on_train,0.48105949715940605,0.5614601033635855,0.08040060620417949,,,,False,True,3,3
csi,64.5,96,hres,best_single_member_on_train,0.06233062330623306,0.07906976744186046,0.016739144135627403,,,,False,True,3,3
sedi,64.5,96,hres,best_single_member_on_train,0.34882415687392637,0.4799480150891804,0.13112385821525402,,,,False,True,3,3
csi,115.6,96,hres,best_single_member_on_train,0.0,0.0,-0.0,,,,False,True,3,3
sedi,115.6,96,hres,best_single_member_on_train,,,,,,,False,True,3,3
csi,204.5,96,hres,best_single_member_on_train,0.0,0.0,-0.0,,,,False,True,3,3
sedi,204.5,96,hres,best_single_member_on_train,,,,,,,False,True,3,3
rmse_mm,,96,hres,climatology,19.288480365039312,14.773088441418723,4.515391923620589,,,0.0013997449506285525,False,True,3,3
mae_mm,,96,hres,climatology,8.227158117271758,7.810225942885194,0.41693217438656394,,,0.00024535743587007617,False,True,3,3
csi,7.5,96,hres,climatology,0.32977913175932977,0.22334157004371794,-0.10643756171561183,,,,False,True,3,3
sedi,7.5,96,hres,climatology,0.48105949715940605,0.263364156366668,-0.21769534079273806,,,,False,True,3,3
csi,64.5,96,hres,climatology,0.06233062330623306,0.0,-0.06233062330623306,,,,False,True,3,3
sedi,64.5,96,hres,climatology,0.34882415687392637,,,,,,False,True,3,3
csi,115.6,96,hres,climatology,0.0,0.0,-0.0,,,,False,True,3,3
sedi,115.6,96,hres,climatology,,,,,,,False,True,3,3
csi,204.5,96,hres,climatology,0.0,0.0,-0.0,,,,False,True,3,3
sedi,204.5,96,hres,climatology,,,,,,,False,True,3,3
rmse_mm,,96,hres,tier0,19.288480365039312,14.272799538061701,5.015680826977611,,,0.007889379224685295,False,True,3,3
mae_mm,,96,hres,tier0,8.227158117271758,7.137885733059238,1.0892723842125198,,,0.0018036454059258355,False,True,3,3
csi,7.5,96,hres,tier0,0.32977913175932977,0.3703770521378315,0.04059792037850174,,,,False,True,3,3
sedi,7.5,96,hres,tier0,0.48105949715940605,0.5567134813033497,0.0756539841439437,,,,False,True,3,3
csi,64.5,96,hres,tier0,0.06233062330623306,0.072992700729927,0.01066207742369394,,,,False,True,3,3
sedi,64.5,96,hres,tier0,0.34882415687392637,0.39550408624895705,0.04667992937503068,,,,False,True,3,3
csi,115.6,96,hres,tier0,0.0,0.0,-0.0,,,,False,True,3,3
sedi,115.6,96,hres,tier0,,,,,,,False,True,3,3
csi,204.5,96,hres,tier0,0.0,0.0,-0.0,,,,False,True,3,3
sedi,204.5,96,hres,tier0,,,,,,,False,True,3,3
rmse_mm,,96,ifs_ens_mean,best_single_member_on_train,14.47554304349476,12.705206161804977,1.7703368816897829,,,0.1493880356872844,False,True,3,3
mae_mm,,96,ifs_ens_mean,best_single_member_on_train,7.358501540251448,6.6169849535985525,0.7415165866528959,,,0.19542303333324662,False,True,3,3
csi,7.5,96,ifs_ens_mean,best_single_member_on_train,0.355316039459262,0.37068239258635216,0.015366353127090171,,,,False,True,3,3
sedi,7.5,96,ifs_ens_mean,best_single_member_on_train,0.527813060710957,0.5614601033635855,0.03364704265262852,,,,False,True,3,3
csi,64.5,96,ifs_ens_mean,best_single_member_on_train,0.04332129963898917,0.07906976744186046,0.035748467802871296,,,,False,True,3,3
sedi,64.5,96,ifs_ens_mean,best_single_member_on_train,0.3011529294026384,0.4799480150891804,0.178795085686542,,,,False,True,3,3
csi,115.6,96,ifs_ens_mean,best_single_member_on_train,0.0,0.0,-0.0,,,,False,True,3,3
sedi,115.6,96,ifs_ens_mean,best_single_member_on_train,,,,,,,False,True,3,3
csi,204.5,96,ifs_ens_mean,best_single_member_on_train,0.0,0.0,-0.0,,,,False,True,3,3
sedi,204.5,96,ifs_ens_mean,best_single_member_on_train,,,,,,,False,True,3,3
rmse_mm,,96,ifs_ens_mean,climatology,14.47554304349476,14.773088441418723,-0.2975453979239635,,,0.35061188140895183,False,True,3,3
mae_mm,,96,ifs_ens_mean,climatology,7.358501540251448,7.810225942885194,-0.45172440263374547,,,0.0016192207744640543,False,True,3,3
csi,7.5,96,ifs_ens_mean,climatology,0.355316039459262,0.22334157004371794,-0.13197446941554405,,,,False,True,3,3
sedi,7.5,96,ifs_ens_mean,climatology,0.527813060710957,0.263364156366668,-0.264448904344289,,,,False,True,3,3
csi,64.5,96,ifs_ens_mean,climatology,0.04332129963898917,0.0,-0.04332129963898917,,,,False,True,3,3
sedi,64.5,96,ifs_ens_mean,climatology,0.3011529294026384,,,,,,False,True,3,3
csi,115.6,96,ifs_ens_mean,climatology,0.0,0.0,-0.0,,,,False,True,3,3
sedi,115.6,96,ifs_ens_mean,climatology,,,,,,,False,True,3,3
csi,204.5,96,ifs_ens_mean,climatology,0.0,0.0,-0.0,,,,False,True,3,3
sedi,204.5,96,ifs_ens_mean,climatology,,,,,,,False,True,3,3
rmse_mm,,96,ifs_ens_mean,tier0,14.47554304349476,14.272799538061701,0.20274350543305886,,,0.5438338072146618,False,True,3,3
mae_mm,,96,ifs_ens_mean,tier0,7.358501540251448,7.137885733059238,0.2206158071922104,,,0.24505432858111875,False,True,3,3
csi,7.5,96,ifs_ens_mean,tier0,0.355316039459262,0.3703770521378315,0.015061012678569519,,,,False,True,3,3
sedi,7.5,96,ifs_ens_mean,tier0,0.527813060710957,0.5567134813033497,0.028900420592392728,,,,False,True,3,3
csi,64.5,96,ifs_ens_mean,tier0,0.04332129963898917,0.072992700729927,0.029671401090937834,,,,False,True,3,3
sedi,64.5,96,ifs_ens_mean,tier0,0.3011529294026384,0.39550408624895705,0.09435115684631867,,,,False,True,3,3
csi,115.6,96,ifs_ens_mean,tier0,0.0,0.0,-0.0,,,,False,True,3,3
sedi,115.6,96,ifs_ens_mean,tier0,,,,,,,False,True,3,3
csi,204.5,96,ifs_ens_mean,tier0,0.0,0.0,-0.0,,,,False,True,3,3
sedi,204.5,96,ifs_ens_mean,tier0,,,,,,,False,True,3,3
rmse_mm,,96,phase2_lagged_graphcast,best_single_member_on_train,12.636956336160607,12.705206161804977,-0.06824982564437043,,,0.02929500699427471,False,True,3,3
mae_mm,,96,phase2_lagged_graphcast,best_single_member_on_train,6.627895971269081,6.6169849535985525,0.010911017670528267,,,0.6026682123336551,False,True,3,3
csi,7.5,96,phase2_lagged_graphcast,best_single_member_on_train,0.3652114829284865,0.37068239258635216,0.005470909657865675,,,,False,True,3,3
sedi,7.5,96,phase2_lagged_graphcast,best_single_member_on_train,0.5496438779388682,0.5614601033635855,0.011816225424717386,,,,False,True,3,3
csi,64.5,96,phase2_lagged_graphcast,best_single_member_on_train,0.09259259259259259,0.07906976744186046,-0.013522825150732123,,,,False,True,3,3
sedi,64.5,96,phase2_lagged_graphcast,best_single_member_on_train,0.5025641125812121,0.4799480150891804,-0.02261609749203175,,,,False,True,3,3
csi,115.6,96,phase2_lagged_graphcast,best_single_member_on_train,0.0,0.0,-0.0,,,,False,True,3,3
sedi,115.6,96,phase2_lagged_graphcast,best_single_member_on_train,,,,,,,False,True,3,3
csi,204.5,96,phase2_lagged_graphcast,best_single_member_on_train,0.0,0.0,-0.0,,,,False,True,3,3
sedi,204.5,96,phase2_lagged_graphcast,best_single_member_on_train,,,,,,,False,True,3,3
rmse_mm,,96,phase2_lagged_graphcast,climatology,12.636956336160607,14.773088441418723,-2.136132105258117,,,0.14591621665285012,False,True,3,3
mae_mm,,96,phase2_lagged_graphcast,climatology,6.627895971269081,7.810225942885194,-1.182329971616113,,,0.061689068822665886,False,True,3,3
crps_mm,,96,phase2_lagged_graphcast,climatology,6.032273218735283,5.179399029513051,0.8528741892222325,,,0.24285040091977672,False,True,3,3
twcrps_64.5_mm,,96,phase2_lagged_graphcast,climatology,0.39874675263346604,0.4074960641061633,-0.008749311472697252,,,0.4015484751334093,False,True,3,3
brier,7.5,96,phase2_lagged_graphcast,climatology,0.2948326321025463,0.04437710840676787,0.2504555236957784,,,1.6691674105280085e-16,False,True,3,3
csi,7.5,96,phase2_lagged_graphcast,climatology,0.3652114829284865,0.22334157004371794,-0.14186991288476855,,,,False,True,3,3
sedi,7.5,96,phase2_lagged_graphcast,climatology,0.5496438779388682,0.263364156366668,-0.28627972157220016,,,,False,True,3,3
brier,64.5,96,phase2_lagged_graphcast,climatology,0.004283710769179834,0.003710080817126333,0.0005736299520535011,,,0.14469127106484336,False,True,3,3
csi,64.5,96,phase2_lagged_graphcast,climatology,0.09259259259259259,0.0,-0.09259259259259259,,,,False,True,3,3
sedi,64.5,96,phase2_lagged_graphcast,climatology,0.5025641125812121,,,,,,False,True,3,3
brier,115.6,96,phase2_lagged_graphcast,climatology,0.0006701568701121732,0.0005977836310035016,7.237323910867159e-05,,,0.170373019540642,False,True,3,3
csi,115.6,96,phase2_lagged_graphcast,climatology,0.0,0.0,-0.0,,,,False,True,3,3
sedi,115.6,96,phase2_lagged_graphcast,climatology,,,,,,,False,True,3,3
brier,204.5,96,phase2_lagged_graphcast,climatology,1.914058761603981e-05,1.9315067796850305e-05,-1.7448018081049393e-07,,,0.0,False,True,3,3
csi,204.5,96,phase2_lagged_graphcast,climatology,0.0,0.0,-0.0,,,,False,True,3,3
sedi,204.5,96,phase2_lagged_graphcast,climatology,,,,,,,False,True,3,3
rmse_mm,,96,phase2_lagged_graphcast,tier0,12.636956336160607,14.272799538061701,-1.6358432019010944,,,0.07950062265314234,False,True,3,3
mae_mm,,96,phase2_lagged_graphcast,tier0,6.627895971269081,7.137885733059238,-0.5099897617901572,,,0.1845929930501724,False,True,3,3
csi,7.5,96,phase2_lagged_graphcast,tier0,0.3652114829284865,0.3703770521378315,0.005165569209345022,,,,False,True,3,3
sedi,7.5,96,phase2_lagged_graphcast,tier0,0.5496438779388682,0.5567134813033497,0.0070696033644815914,,,,False,True,3,3
csi,64.5,96,phase2_lagged_graphcast,tier0,0.09259259259259259,0.072992700729927,-0.019599891862665586,,,,False,True,3,3
sedi,64.5,96,phase2_lagged_graphcast,tier0,0.5025641125812121,0.39550408624895705,-0.10706002633225509,,,,False,True,3,3
csi,115.6,96,phase2_lagged_graphcast,tier0,0.0,0.0,-0.0,,,,False,True,3,3
sedi,115.6,96,phase2_lagged_graphcast,tier0,,,,,,,False,True,3,3
csi,204.5,96,phase2_lagged_graphcast,tier0,0.0,0.0,-0.0,,,,False,True,3,3
sedi,204.5,96,phase2_lagged_graphcast,tier0,,,,,,,False,True,3,3
rmse_mm,,96,tier0,best_single_member_on_train,14.272799538061701,12.705206161804977,1.567593376256724,,,0.08191776484007664,False,True,3,3
mae_mm,,96,tier0,best_single_member_on_train,7.137885733059238,6.6169849535985525,0.5209007794606855,,,0.17376651100452656,False,True,3,3
csi,7.5,96,tier0,best_single_member_on_train,0.3703770521378315,0.37068239258635216,0.00030534044852065234,,,,False,True,3,3
sedi,7.5,96,tier0,best_single_member_on_train,0.5567134813033497,0.5614601033635855,0.0047466220602357945,,,,False,True,3,3
csi,64.5,96,tier0,best_single_member_on_train,0.072992700729927,0.07906976744186046,0.006077066711933463,,,,False,True,3,3
sedi,64.5,96,tier0,best_single_member_on_train,0.39550408624895705,0.4799480150891804,0.08444392884022334,,,,False,True,3,3
csi,115.6,96,tier0,best_single_member_on_train,0.0,0.0,-0.0,,,,False,True,3,3
sedi,115.6,96,tier0,best_single_member_on_train,,,,,,,False,True,3,3
csi,204.5,96,tier0,best_single_member_on_train,0.0,0.0,-0.0,,,,False,True,3,3
sedi,204.5,96,tier0,best_single_member_on_train,,,,,,,False,True,3,3
rmse_mm,,96,tier0,climatology,14.272799538061701,14.773088441418723,-0.5002889033570224,,,0.34487752233218383,False,True,3,3
mae_mm,,96,tier0,climatology,7.137885733059238,7.810225942885194,-0.6723402098259559,,,0.011541480625619731,False,True,3,3
csi,7.5,96,tier0,climatology,0.3703770521378315,0.22334157004371794,-0.14703548209411357,,,,False,True,3,3
sedi,7.5,96,tier0,climatology,0.5567134813033497,0.263364156366668,-0.29334932493668175,,,,False,True,3,3
csi,64.5,96,tier0,climatology,0.072992700729927,0.0,-0.072992700729927,,,,False,True,3,3
sedi,64.5,96,tier0,climatology,0.39550408624895705,,,,,,False,True,3,3
csi,115.6,96,tier0,climatology,0.0,0.0,-0.0,,,,False,True,3,3
sedi,115.6,96,tier0,climatology,,,,,,,False,True,3,3
csi,204.5,96,tier0,climatology,0.0,0.0,-0.0,,,,False,True,3,3
sedi,204.5,96,tier0,climatology,,,,,,,False,True,3,3
rmse_mm,,96,tier1_regional,best_single_member_on_train,13.648620729679841,12.705206161804977,0.9434145678748642,,,0.24634428325539426,False,True,3,3
mae_mm,,96,tier1_regional,best_single_member_on_train,7.058637232693534,6.6169849535985525,0.4416522790949813,,,0.2391966538628506,False,True,3,3
csi,7.5,96,tier1_regional,best_single_member_on_train,0.36594079618918,0.37068239258635216,0.004741596397172143,,,,False,True,3,3
sedi,7.5,96,tier1_regional,best_single_member_on_train,0.5510412399556716,0.5614601033635855,0.01041886340791398,,,,False,True,3,3
csi,64.5,96,tier1_regional,best_single_member_on_train,0.035856573705179286,0.07906976744186046,0.04321319373668118,,,,False,True,3,3
sedi,64.5,96,tier1_regional,best_single_member_on_train,0.29144995168090454,0.4799480150891804,0.18849806340827585,,,,False,True,3,3
csi,115.6,96,tier1_regional,best_single_member_on_train,0.0,0.0,-0.0,,,,False,True,3,3
sedi,115.6,96,tier1_regional,best_single_member_on_train,,,,,,,False,True,3,3
csi,204.5,96,tier1_regional,best_single_member_on_train,0.0,0.0,-0.0,,,,False,True,3,3
sedi,204.5,96,tier1_regional,best_single_member_on_train,,,,,,,False,True,3,3
rmse_mm,,96,tier1_regional,climatology,13.648620729679841,14.773088441418723,-1.1244677117388822,,,0.10000968578339285,False,True,3,3
mae_mm,,96,tier1_regional,climatology,7.058637232693534,7.810225942885194,-0.7515887101916601,,,0.009384103559155827,False,True,3,3
csi,7.5,96,tier1_regional,climatology,0.36594079618918,0.22334157004371794,-0.14259922614546208,,,,False,True,3,3
sedi,7.5,96,tier1_regional,climatology,0.5510412399556716,0.263364156366668,-0.28767708358900357,,,,False,True,3,3
csi,64.5,96,tier1_regional,climatology,0.035856573705179286,0.0,-0.035856573705179286,,,,False,True,3,3
sedi,64.5,96,tier1_regional,climatology,0.29144995168090454,,,,,,False,True,3,3
csi,115.6,96,tier1_regional,climatology,0.0,0.0,-0.0,,,,False,True,3,3
sedi,115.6,96,tier1_regional,climatology,,,,,,,False,True,3,3
csi,204.5,96,tier1_regional,climatology,0.0,0.0,-0.0,,,,False,True,3,3
sedi,204.5,96,tier1_regional,climatology,,,,,,,False,True,3,3
rmse_mm,,96,tier1_regional,tier0,13.648620729679841,14.272799538061701,-0.6241788083818598,,,0.00024298890357850284,False,True,3,3
mae_mm,,96,tier1_regional,tier0,7.058637232693534,7.137885733059238,-0.07924850036570419,,,0.009263074985114802,False,True,3,3
csi,7.5,96,tier1_regional,tier0,0.36594079618918,0.3703770521378315,0.004436255948651491,,,,False,True,3,3
sedi,7.5,96,tier1_regional,tier0,0.5510412399556716,0.5567134813033497,0.005672241347678186,,,,False,True,3,3
csi,64.5,96,tier1_regional,tier0,0.035856573705179286,0.072992700729927,0.037136127024747716,,,,False,True,3,3
sedi,64.5,96,tier1_regional,tier0,0.29144995168090454,0.39550408624895705,0.10405413456805251,,,,False,True,3,3
csi,115.6,96,tier1_regional,tier0,0.0,0.0,-0.0,,,,False,True,3,3
sedi,115.6,96,tier1_regional,tier0,,,,,,,False,True,3,3
csi,204.5,96,tier1_regional,tier0,0.0,0.0,-0.0,,,,False,True,3,3
sedi,204.5,96,tier1_regional,tier0,,,,,,,False,True,3,3
rmse_mm,,96,tier2_bma,best_single_member_on_train,13.694942964447389,12.705206161804977,0.9897368026424118,,,0.18906544512336176,False,True,3,3
mae_mm,,96,tier2_bma,best_single_member_on_train,7.201194058696047,6.6169849535985525,0.5842091050974947,,,0.0034796457494759027,False,True,3,3
csi,7.5,96,tier2_bma,best_single_member_on_train,0.36664460622104567,0.37068239258635216,0.004037786365306495,,,,False,True,3,3
sedi,7.5,96,tier2_bma,best_single_member_on_train,0.5545235570139,0.5614601033635855,0.006936546349685546,,,,False,True,3,3
csi,64.5,96,tier2_bma,best_single_member_on_train,0.0,0.07906976744186046,0.07906976744186046,,,,False,True,3,3
sedi,64.5,96,tier2_bma,best_single_member_on_train,,0.4799480150891804,,,,,False,True,3,3
csi,115.6,96,tier2_bma,best_single_member_on_train,0.0,0.0,-0.0,,,,False,True,3,3
sedi,115.6,96,tier2_bma,best_single_member_on_train,,,,,,,False,True,3,3
csi,204.5,96,tier2_bma,best_single_member_on_train,0.0,0.0,-0.0,,,,False,True,3,3
sedi,204.5,96,tier2_bma,best_single_member_on_train,,,,,,,False,True,3,3
rmse_mm,,96,tier2_bma,climatology,13.694942964447389,14.773088441418723,-1.0781454769713346,,,0.12388907744664567,False,True,3,3
mae_mm,,96,tier2_bma,climatology,7.201194058696047,7.810225942885194,-0.6090318841891467,,,0.168372895268041,False,True,3,3
crps_mm,,96,tier2_bma,climatology,4.643389453209244,5.179399029513051,-0.5360095763038064,,,0.6378863771251083,False,True,3,3
csi,7.5,96,tier2_bma,climatology,0.36664460622104567,0.22334157004371794,-0.14330303617732773,,,,False,True,3,3
sedi,7.5,96,tier2_bma,climatology,0.5545235570139,0.263364156366668,-0.291159400647232,,,,False,True,3,3
csi,64.5,96,tier2_bma,climatology,0.0,0.0,-0.0,,,,False,True,3,3
sedi,64.5,96,tier2_bma,climatology,,,,,,,False,True,3,3
csi,115.6,96,tier2_bma,climatology,0.0,0.0,-0.0,,,,False,True,3,3
sedi,115.6,96,tier2_bma,climatology,,,,,,,False,True,3,3
csi,204.5,96,tier2_bma,climatology,0.0,0.0,-0.0,,,,False,True,3,3
sedi,204.5,96,tier2_bma,climatology,,,,,,,False,True,3,3
rmse_mm,,96,tier2_bma,tier0,13.694942964447389,14.272799538061701,-0.5778565736143122,,,0.00039871286351349184,False,True,3,3
mae_mm,,96,tier2_bma,tier0,7.201194058696047,7.137885733059238,0.06330832563680922,,,0.7327385542322307,False,True,3,3
csi,7.5,96,tier2_bma,tier0,0.36664460622104567,0.3703770521378315,0.0037324459167858426,,,,False,True,3,3
sedi,7.5,96,tier2_bma,tier0,0.5545235570139,0.5567134813033497,0.0021899242894497517,,,,False,True,3,3
csi,64.5,96,tier2_bma,tier0,0.0,0.072992700729927,0.072992700729927,,,,False,True,3,3
sedi,64.5,96,tier2_bma,tier0,,0.39550408624895705,,,,,False,True,3,3
csi,115.6,96,tier2_bma,tier0,0.0,0.0,-0.0,,,,False,True,3,3
sedi,115.6,96,tier2_bma,tier0,,,,,,,False,True,3,3
csi,204.5,96,tier2_bma,tier0,0.0,0.0,-0.0,,,,False,True,3,3
sedi,204.5,96,tier2_bma,tier0,,,,,,,False,True,3,3
rmse_mm,,96,tier2_emos_graphcast,best_single_member_on_train,12.950249875764563,12.705206161804977,0.24504371395958557,,,0.26825661804126255,False,True,3,3
mae_mm,,96,tier2_emos_graphcast,best_single_member_on_train,6.758810667507404,6.6169849535985525,0.14182571390885101,,,0.0014957465823130065,False,True,3,3
csi,7.5,96,tier2_emos_graphcast,best_single_member_on_train,0.36869275603663615,0.37068239258635216,0.0019896365497160118,,,,False,True,3,3
sedi,7.5,96,tier2_emos_graphcast,best_single_member_on_train,0.5582962214926506,0.5614601033635855,0.0031638818709349703,,,,False,True,3,3
csi,64.5,96,tier2_emos_graphcast,best_single_member_on_train,0.0049504950495049506,0.07906976744186046,0.07411927239235551,,,,False,True,3,3
sedi,64.5,96,tier2_emos_graphcast,best_single_member_on_train,,0.4799480150891804,,,,,False,True,3,3
csi,115.6,96,tier2_emos_graphcast,best_single_member_on_train,0.0,0.0,-0.0,,,,False,True,3,3
sedi,115.6,96,tier2_emos_graphcast,best_single_member_on_train,,,,,,,False,True,3,3
csi,204.5,96,tier2_emos_graphcast,best_single_member_on_train,0.0,0.0,-0.0,,,,False,True,3,3
sedi,204.5,96,tier2_emos_graphcast,best_single_member_on_train,,,,,,,False,True,3,3
rmse_mm,,96,tier2_emos_graphcast,climatology,12.950249875764563,14.773088441418723,-1.8228385656541608,,,0.1359274840724308,False,True,3,3
mae_mm,,96,tier2_emos_graphcast,climatology,6.758810667507404,7.810225942885194,-1.0514152753777903,,,0.0710658225303111,False,True,3,3
crps_mm,,96,tier2_emos_graphcast,climatology,4.41472542925415,5.179399029513051,-0.7646736002589005,,,0.07785437929286103,False,True,3,3
csi,7.5,96,tier2_emos_graphcast,climatology,0.36869275603663615,0.22334157004371794,-0.1453511859929182,,,,False,True,3,3
sedi,7.5,96,tier2_emos_graphcast,climatology,0.5582962214926506,0.263364156366668,-0.2949320651259826,,,,False,True,3,3
csi,64.5,96,tier2_emos_graphcast,climatology,0.0049504950495049506,0.0,-0.0049504950495049506,,,,False,True,3,3
sedi,64.5,96,tier2_emos_graphcast,climatology,,,,,,,False,True,3,3
csi,115.6,96,tier2_emos_graphcast,climatology,0.0,0.0,-0.0,,,,False,True,3,3
sedi,115.6,96,tier2_emos_graphcast,climatology,,,,,,,False,True,3,3
csi,204.5,96,tier2_emos_graphcast,climatology,0.0,0.0,-0.0,,,,False,True,3,3
sedi,204.5,96,tier2_emos_graphcast,climatology,,,,,,,False,True,3,3
rmse_mm,,96,tier2_emos_graphcast,tier0,12.950249875764563,14.272799538061701,-1.3225496622971384,,,0.05634340775839737,False,True,3,3
mae_mm,,96,tier2_emos_graphcast,tier0,6.758810667507404,7.137885733059238,-0.37907506555183446,,,0.26348615622697535,False,True,3,3
csi,7.5,96,tier2_emos_graphcast,tier0,0.36869275603663615,0.3703770521378315,0.0016842961011953594,,,,False,True,3,3
sedi,7.5,96,tier2_emos_graphcast,tier0,0.5582962214926506,0.5567134813033497,-0.0015827401893008242,,,,False,True,3,3
csi,64.5,96,tier2_emos_graphcast,tier0,0.0049504950495049506,0.072992700729927,0.06804220568042205,,,,False,True,3,3
sedi,64.5,96,tier2_emos_graphcast,tier0,,0.39550408624895705,,,,,False,True,3,3
csi,115.6,96,tier2_emos_graphcast,tier0,0.0,0.0,-0.0,,,,False,True,3,3
sedi,115.6,96,tier2_emos_graphcast,tier0,,,,,,,False,True,3,3
csi,204.5,96,tier2_emos_graphcast,tier0,0.0,0.0,-0.0,,,,False,True,3,3
sedi,204.5,96,tier2_emos_graphcast,tier0,,,,,,,False,True,3,3
rmse_mm,,96,tier2_emos_ifs_ens,best_single_member_on_train,13.72844449529118,12.705206161804977,1.0232383334862032,,,0.21659091489699034,False,True,3,3
mae_mm,,96,tier2_emos_ifs_ens,best_single_member_on_train,7.27243854416275,6.6169849535985525,0.6554535905641972,,,0.07439747256184158,False,True,3,3
csi,7.5,96,tier2_emos_ifs_ens,best_single_member_on_train,0.36930887651490335,0.37068239258635216,0.0013735160714488104,,,,False,True,3,3
sedi,7.5,96,tier2_emos_ifs_ens,best_single_member_on_train,0.5610720736479188,0.5614601033635855,0.00038802971566676003,,,,False,True,3,3
csi,64.5,96,tier2_emos_ifs_ens,best_single_member_on_train,0.014285714285714285,0.07906976744186046,0.06478405315614617,,,,False,True,3,3
sedi,64.5,96,tier2_emos_ifs_ens,best_single_member_on_train,0.27838509047328835,0.4799480150891804,0.20156292461589204,,,,False,True,3,3
csi,115.6,96,tier2_emos_ifs_ens,best_single_member_on_train,0.0,0.0,-0.0,,,,False,True,3,3
sedi,115.6,96,tier2_emos_ifs_ens,best_single_member_on_train,,,,,,,False,True,3,3
csi,204.5,96,tier2_emos_ifs_ens,best_single_member_on_train,0.0,0.0,-0.0,,,,False,True,3,3
sedi,204.5,96,tier2_emos_ifs_ens,best_single_member_on_train,,,,,,,False,True,3,3
rmse_mm,,96,tier2_emos_ifs_ens,climatology,13.72844449529118,14.773088441418723,-1.0446439461275432,,,0.10511072015323647,False,True,3,3
mae_mm,,96,tier2_emos_ifs_ens,climatology,7.27243854416275,7.810225942885194,-0.5377873987224442,,,0.08338708333291499,False,True,3,3
crps_mm,,96,tier2_emos_ifs_ens,climatology,4.64249868454638,5.179399029513051,-0.5369003449666705,,,0.059382800952538096,False,True,3,3
csi,7.5,96,tier2_emos_ifs_ens,climatology,0.36930887651490335,0.22334157004371794,-0.14596730647118542,,,,False,True,3,3
sedi,7.5,96,tier2_emos_ifs_ens,climatology,0.5610720736479188,0.263364156366668,-0.2977079172812508,,,,False,True,3,3
csi,64.5,96,tier2_emos_ifs_ens,climatology,0.014285714285714285,0.0,-0.014285714285714285,,,,False,True,3,3
sedi,64.5,96,tier2_emos_ifs_ens,climatology,0.27838509047328835,,,,,,False,True,3,3
csi,115.6,96,tier2_emos_ifs_ens,climatology,0.0,0.0,-0.0,,,,False,True,3,3
sedi,115.6,96,tier2_emos_ifs_ens,climatology,,,,,,,False,True,3,3
csi,204.5,96,tier2_emos_ifs_ens,climatology,0.0,0.0,-0.0,,,,False,True,3,3
sedi,204.5,96,tier2_emos_ifs_ens,climatology,,,,,,,False,True,3,3
rmse_mm,,96,tier2_emos_ifs_ens,tier0,13.72844449529118,14.272799538061701,-0.5443550427705208,,,4.026574717397654e-06,False,True,3,3
mae_mm,,96,tier2_emos_ifs_ens,tier0,7.27243854416275,7.137885733059238,0.1345528111035117,,,0.013942089926517855,False,True,3,3
csi,7.5,96,tier2_emos_ifs_ens,tier0,0.36930887651490335,0.3703770521378315,0.001068175622928158,,,,False,True,3,3
sedi,7.5,96,tier2_emos_ifs_ens,tier0,0.5610720736479188,0.5567134813033497,-0.0043585923445690344,,,,False,True,3,3
csi,64.5,96,tier2_emos_ifs_ens,tier0,0.014285714285714285,0.072992700729927,0.05870698644421272,,,,False,True,3,3
sedi,64.5,96,tier2_emos_ifs_ens,tier0,0.27838509047328835,0.39550408624895705,0.1171189957756687,,,,False,True,3,3
csi,115.6,96,tier2_emos_ifs_ens,tier0,0.0,0.0,-0.0,,,,False,True,3,3
sedi,115.6,96,tier2_emos_ifs_ens,tier0,,,,,,,False,True,3,3
csi,204.5,96,tier2_emos_ifs_ens,tier0,0.0,0.0,-0.0,,,,False,True,3,3
sedi,204.5,96,tier2_emos_ifs_ens,tier0,,,,,,,False,True,3,3
rmse_mm,,96,tier3_regime_conditioned,best_single_member_on_train,12.99786636539403,12.705206161804977,0.29266020358905287,,,0.3738090829045704,False,True,3,3
mae_mm,,96,tier3_regime_conditioned,best_single_member_on_train,6.804859717527445,6.6169849535985525,0.18787476392889246,,,0.3912625745694107,False,True,3,3
csi,7.5,96,tier3_regime_conditioned,best_single_member_on_train,0.37330820627034433,0.37068239258635216,-0.002625813683992173,,,,False,True,3,3
sedi,7.5,96,tier3_regime_conditioned,best_single_member_on_train,0.565473778598966,0.5614601033635855,-0.004013675235380432,,,,False,True,3,3
csi,64.5,96,tier3_regime_conditioned,best_single_member_on_train,0.05357142857142857,0.07906976744186046,0.025498338870431896,,,,False,True,3,3
sedi,64.5,96,tier3_regime_conditioned,best_single_member_on_train,0.3936756863454581,0.4799480150891804,0.08627232874372232,,,,False,True,3,3
csi,115.6,96,tier3_regime_conditioned,best_single_member_on_train,0.0,0.0,-0.0,,,,False,True,3,3
sedi,115.6,96,tier3_regime_conditioned,best_single_member_on_train,,,,,,,False,True,3,3
csi,204.5,96,tier3_regime_conditioned,best_single_member_on_train,0.0,0.0,-0.0,,,,False,True,3,3
sedi,204.5,96,tier3_regime_conditioned,best_single_member_on_train,,,,,,,False,True,3,3
rmse_mm,,96,tier3_regime_conditioned,climatology,12.99786636539403,14.773088441418723,-1.7752220760246935,,,0.11908120146548377,False,True,3,3
mae_mm,,96,tier3_regime_conditioned,climatology,6.804859717527445,7.810225942885194,-1.0053662253577489,,,0.019105198688683683,False,True,3,3
csi,7.5,96,tier3_regime_conditioned,climatology,0.37330820627034433,0.22334157004371794,-0.1499666362266264,,,,False,True,3,3
sedi,7.5,96,tier3_regime_conditioned,climatology,0.565473778598966,0.263364156366668,-0.302109622232298,,,,False,True,3,3
csi,64.5,96,tier3_regime_conditioned,climatology,0.05357142857142857,0.0,-0.05357142857142857,,,,False,True,3,3
sedi,64.5,96,tier3_regime_conditioned,climatology,0.3936756863454581,,,,,,False,True,3,3
csi,115.6,96,tier3_regime_conditioned,climatology,0.0,0.0,-0.0,,,,False,True,3,3
sedi,115.6,96,tier3_regime_conditioned,climatology,,,,,,,False,True,3,3
csi,204.5,96,tier3_regime_conditioned,climatology,0.0,0.0,-0.0,,,,False,True,3,3
sedi,204.5,96,tier3_regime_conditioned,climatology,,,,,,,False,True,3,3
rmse_mm,,96,tier3_regime_conditioned,tier0,12.99786636539403,14.272799538061701,-1.2749331726676711,,,0.0326369348454724,False,True,3,3
mae_mm,,96,tier3_regime_conditioned,tier0,6.804859717527445,7.137885733059238,-0.333026015531793,,,0.04874571107996859,False,True,3,3
csi,7.5,96,tier3_regime_conditioned,tier0,0.37330820627034433,0.3703770521378315,-0.0029311541325128254,,,,False,True,3,3
sedi,7.5,96,tier3_regime_conditioned,tier0,0.565473778598966,0.5567134813033497,-0.008760297295616226,,,,False,True,3,3
csi,64.5,96,tier3_regime_conditioned,tier0,0.05357142857142857,0.072992700729927,0.019421272158498433,,,,False,True,3,3
sedi,64.5,96,tier3_regime_conditioned,tier0,0.3936756863454581,0.39550408624895705,0.0018283999034989784,,,,False,True,3,3
csi,115.6,96,tier3_regime_conditioned,tier0,0.0,0.0,-0.0,,,,False,True,3,3
sedi,115.6,96,tier3_regime_conditioned,tier0,,,,,,,False,True,3,3
csi,204.5,96,tier3_regime_conditioned,tier0,0.0,0.0,-0.0,,,,False,True,3,3
sedi,204.5,96,tier3_regime_conditioned,tier0,,,,,,,False,True,3,3
rmse_mm,,120,best_single_member_on_train,climatology,14.831577752631485,15.326811209692421,-0.4952334570609356,,,0.3529907782936328,False,True,3,3
mae_mm,,120,best_single_member_on_train,climatology,7.243774725074036,7.2803280643157935,-0.036553339241757854,,,0.7492473998136866,False,True,3,3
csi,7.5,120,best_single_member_on_train,climatology,0.30729253981559096,0.2600386514923771,-0.047253888323213866,,,,False,True,3,3
sedi,7.5,120,best_single_member_on_train,climatology,0.5067124786682892,0.3947518673119328,-0.11196061135635638,,,,False,True,3,3
csi,64.5,120,best_single_member_on_train,climatology,0.037914691943127965,0.0,-0.037914691943127965,,,,False,True,3,3
sedi,64.5,120,best_single_member_on_train,climatology,0.38496413151656234,,,,,,False,True,3,3
csi,115.6,120,best_single_member_on_train,climatology,0.0,0.0,-0.0,,,,False,True,3,3
sedi,115.6,120,best_single_member_on_train,climatology,,,,,,,False,True,3,3
csi,204.5,120,best_single_member_on_train,climatology,0.0,0.0,-0.0,,,,False,True,3,3
sedi,204.5,120,best_single_member_on_train,climatology,,,,,,,False,True,3,3
rmse_mm,,120,best_single_member_on_train,tier0,14.831577752631485,15.2975149870868,-0.4659372344553141,,,0.009682169251137166,False,True,3,3
mae_mm,,120,best_single_member_on_train,tier0,7.243774725074036,7.284553205748328,-0.040778480674292794,,,0.6968832512565526,False,True,3,3
csi,7.5,120,best_single_member_on_train,tier0,0.30729253981559096,0.2986519184237815,-0.008640621391809433,,,,False,True,3,3
sedi,7.5,120,best_single_member_on_train,tier0,0.5067124786682892,0.48142172960788027,-0.0252907490604089,,,,False,True,3,3
csi,64.5,120,best_single_member_on_train,tier0,0.037914691943127965,0.04201680672268908,0.004102114779561114,,,,False,True,3,3
sedi,64.5,120,best_single_member_on_train,tier0,0.38496413151656234,0.3300996523012865,-0.05486447921527582,,,,False,True,3,3
csi,115.6,120,best_single_member_on_train,tier0,0.0,0.0,-0.0,,,,False,True,3,3
sedi,115.6,120,best_single_member_on_train,tier0,,,,,,,False,True,3,3
csi,204.5,120,best_single_member_on_train,tier0,0.0,0.0,-0.0,,,,False,True,3,3
sedi,204.5,120,best_single_member_on_train,tier0,,,,,,,False,True,3,3
rmse_mm,,120,climatology,best_single_member_on_train,15.326811209692421,14.831577752631485,0.4952334570609356,,,0.3529907782936328,False,True,3,3
mae_mm,,120,climatology,best_single_member_on_train,7.2803280643157935,7.243774725074036,0.036553339241757854,,,0.7492473998136866,False,True,3,3
csi,7.5,120,climatology,best_single_member_on_train,0.2600386514923771,0.30729253981559096,0.047253888323213866,,,,False,True,3,3
sedi,7.5,120,climatology,best_single_member_on_train,0.3947518673119328,0.5067124786682892,0.11196061135635638,,,,False,True,3,3
csi,64.5,120,climatology,best_single_member_on_train,0.0,0.037914691943127965,0.037914691943127965,,,,False,True,3,3
sedi,64.5,120,climatology,best_single_member_on_train,,0.38496413151656234,,,,,False,True,3,3
csi,115.6,120,climatology,best_single_member_on_train,0.0,0.0,-0.0,,,,False,True,3,3
sedi,115.6,120,climatology,best_single_member_on_train,,,,,,,False,True,3,3
csi,204.5,120,climatology,best_single_member_on_train,0.0,0.0,-0.0,,,,False,True,3,3
sedi,204.5,120,climatology,best_single_member_on_train,,,,,,,False,True,3,3
rmse_mm,,120,climatology,tier0,15.326811209692421,15.2975149870868,0.02929622260562148,,,0.9548089649711273,False,True,3,3
mae_mm,,120,climatology,tier0,7.2803280643157935,7.284553205748328,-0.00422514143253494,,,0.984602918668249,False,True,3,3
csi,7.5,120,climatology,tier0,0.2600386514923771,0.2986519184237815,0.03861326693140443,,,,False,True,3,3
sedi,7.5,120,climatology,tier0,0.3947518673119328,0.48142172960788027,0.08666986229594748,,,,False,True,3,3
csi,64.5,120,climatology,tier0,0.0,0.04201680672268908,0.04201680672268908,,,,False,True,3,3
sedi,64.5,120,climatology,tier0,,0.3300996523012865,,,,,False,True,3,3
csi,115.6,120,climatology,tier0,0.0,0.0,-0.0,,,,False,True,3,3
sedi,115.6,120,climatology,tier0,,,,,,,False,True,3,3
csi,204.5,120,climatology,tier0,0.0,0.0,-0.0,,,,False,True,3,3
sedi,204.5,120,climatology,tier0,,,,,,,False,True,3,3
rmse_mm,,120,graphcast,best_single_member_on_train,14.831577752631485,14.831577752631485,0.0,,,1.0,False,True,3,3
mae_mm,,120,graphcast,best_single_member_on_train,7.243774725074036,7.243774725074036,0.0,,,1.0,False,True,3,3
csi,7.5,120,graphcast,best_single_member_on_train,0.30729253981559096,0.30729253981559096,-0.0,,,,False,True,3,3
sedi,7.5,120,graphcast,best_single_member_on_train,0.5067124786682892,0.5067124786682892,-0.0,,,,False,True,3,3
csi,64.5,120,graphcast,best_single_member_on_train,0.037914691943127965,0.037914691943127965,-0.0,,,,False,True,3,3
sedi,64.5,120,graphcast,best_single_member_on_train,0.38496413151656234,0.38496413151656234,-0.0,,,,False,True,3,3
csi,115.6,120,graphcast,best_single_member_on_train,0.0,0.0,-0.0,,,,False,True,3,3
sedi,115.6,120,graphcast,best_single_member_on_train,,,,,,,False,True,3,3
csi,204.5,120,graphcast,best_single_member_on_train,0.0,0.0,-0.0,,,,False,True,3,3
sedi,204.5,120,graphcast,best_single_member_on_train,,,,,,,False,True,3,3
rmse_mm,,120,graphcast,climatology,14.831577752631485,15.326811209692421,-0.4952334570609356,,,0.3529907782936328,False,True,3,3
mae_mm,,120,graphcast,climatology,7.243774725074036,7.2803280643157935,-0.036553339241757854,,,0.7492473998136866,False,True,3,3
csi,7.5,120,graphcast,climatology,0.30729253981559096,0.2600386514923771,-0.047253888323213866,,,,False,True,3,3
sedi,7.5,120,graphcast,climatology,0.5067124786682892,0.3947518673119328,-0.11196061135635638,,,,False,True,3,3
csi,64.5,120,graphcast,climatology,0.037914691943127965,0.0,-0.037914691943127965,,,,False,True,3,3
sedi,64.5,120,graphcast,climatology,0.38496413151656234,,,,,,False,True,3,3
csi,115.6,120,graphcast,climatology,0.0,0.0,-0.0,,,,False,True,3,3
sedi,115.6,120,graphcast,climatology,,,,,,,False,True,3,3
csi,204.5,120,graphcast,climatology,0.0,0.0,-0.0,,,,False,True,3,3
sedi,204.5,120,graphcast,climatology,,,,,,,False,True,3,3
rmse_mm,,120,graphcast,tier0,14.831577752631485,15.2975149870868,-0.4659372344553141,,,0.009682169251137166,False,True,3,3
mae_mm,,120,graphcast,tier0,7.243774725074036,7.284553205748328,-0.040778480674292794,,,0.6968832512565526,False,True,3,3
csi,7.5,120,graphcast,tier0,0.30729253981559096,0.2986519184237815,-0.008640621391809433,,,,False,True,3,3
sedi,7.5,120,graphcast,tier0,0.5067124786682892,0.48142172960788027,-0.0252907490604089,,,,False,True,3,3
csi,64.5,120,graphcast,tier0,0.037914691943127965,0.04201680672268908,0.004102114779561114,,,,False,True,3,3
sedi,64.5,120,graphcast,tier0,0.38496413151656234,0.3300996523012865,-0.05486447921527582,,,,False,True,3,3
csi,115.6,120,graphcast,tier0,0.0,0.0,-0.0,,,,False,True,3,3
sedi,115.6,120,graphcast,tier0,,,,,,,False,True,3,3
csi,204.5,120,graphcast,tier0,0.0,0.0,-0.0,,,,False,True,3,3
sedi,204.5,120,graphcast,tier0,,,,,,,False,True,3,3
rmse_mm,,120,hres,best_single_member_on_train,17.6538419885793,14.831577752631485,2.822264235947813,,,2.101161177742338e-06,False,True,3,3
mae_mm,,120,hres,best_single_member_on_train,7.764901811362386,7.243774725074036,0.5211270862883506,,,0.008861078372287425,False,True,3,3
csi,7.5,120,hres,best_single_member_on_train,0.264485468835679,0.30729253981559096,0.04280707097991193,,,,False,True,3,3
sedi,7.5,120,hres,best_single_member_on_train,0.39394910948670303,0.5067124786682892,0.11276336918158614,,,,False,True,3,3
csi,64.5,120,hres,best_single_member_on_train,0.06206896551724138,0.037914691943127965,-0.024154273574113413,,,,False,True,3,3
sedi,64.5,120,hres,best_single_member_on_train,0.35890404351437927,0.38496413151656234,0.02606008800218307,,,,False,True,3,3
csi,115.6,120,hres,best_single_member_on_train,0.0,0.0,-0.0,,,,False,True,3,3
sedi,115.6,120,hres,best_single_member_on_train,,,,,,,False,True,3,3
csi,204.5,120,hres,best_single_member_on_train,0.0,0.0,-0.0,,,,False,True,3,3
sedi,204.5,120,hres,best_single_member_on_train,,,,,,,False,True,3,3
rmse_mm,,120,hres,climatology,17.6538419885793,15.326811209692421,2.3270307788868774,,,0.0030089966552815286,False,True,3,3
mae_mm,,120,hres,climatology,7.764901811362386,7.2803280643157935,0.48457374704659273,,,0.1082055199177064,False,True,3,3
csi,7.5,120,hres,climatology,0.264485468835679,0.2600386514923771,-0.004446817343301934,,,,False,True,3,3
sedi,7.5,120,hres,climatology,0.39394910948670303,0.3947518673119328,0.0008027578252297607,,,,False,True,3,3
csi,64.5,120,hres,climatology,0.06206896551724138,0.0,-0.06206896551724138,,,,False,True,3,3
sedi,64.5,120,hres,climatology,0.35890404351437927,,,,,,False,True,3,3
csi,115.6,120,hres,climatology,0.0,0.0,-0.0,,,,False,True,3,3
sedi,115.6,120,hres,climatology,,,,,,,False,True,3,3
csi,204.5,120,hres,climatology,0.0,0.0,-0.0,,,,False,True,3,3
sedi,204.5,120,hres,climatology,,,,,,,False,True,3,3
rmse_mm,,120,hres,tier0,17.6538419885793,15.2975149870868,2.356327001492499,,,4.390776675190869e-08,False,True,3,3
mae_mm,,120,hres,tier0,7.764901811362386,7.284553205748328,0.4803486056140578,,,0.0002362788470376784,False,True,3,3
csi,7.5,120,hres,tier0,0.264485468835679,0.2986519184237815,0.0341664495881025,,,,False,True,3,3
sedi,7.5,120,hres,tier0,0.39394910948670303,0.48142172960788027,0.08747262012117724,,,,False,True,3,3
csi,64.5,120,hres,tier0,0.06206896551724138,0.04201680672268908,-0.0200521587945523,,,,False,True,3,3
sedi,64.5,120,hres,tier0,0.35890404351437927,0.3300996523012865,-0.02880439121309275,,,,False,True,3,3
csi,115.6,120,hres,tier0,0.0,0.0,-0.0,,,,False,True,3,3
sedi,115.6,120,hres,tier0,,,,,,,False,True,3,3
csi,204.5,120,hres,tier0,0.0,0.0,-0.0,,,,False,True,3,3
sedi,204.5,120,hres,tier0,,,,,,,False,True,3,3
rmse_mm,,120,ifs_ens_mean,best_single_member_on_train,15.377904587214676,14.831577752631485,0.5463268345831906,,,0.11523920077439294,False,True,3,3
mae_mm,,120,ifs_ens_mean,best_single_member_on_train,7.3114022462767565,7.243774725074036,0.06762752120272086,,,0.6844840701463883,False,True,3,3
csi,7.5,120,ifs_ens_mean,best_single_member_on_train,0.29611734253666955,0.30729253981559096,0.011175197278921412,,,,False,True,3,3
sedi,7.5,120,ifs_ens_mean,best_single_member_on_train,0.475108544302939,0.5067124786682892,0.031603934365350195,,,,False,True,3,3
csi,64.5,120,ifs_ens_mean,best_single_member_on_train,0.038461538461538464,0.037914691943127965,-0.0005468465184104987,,,,False,True,3,3
sedi,64.5,120,ifs_ens_mean,best_single_member_on_train,0.32284508493556374,0.38496413151656234,0.062119046580998594,,,,False,True,3,3
csi,115.6,120,ifs_ens_mean,best_single_member_on_train,0.0,0.0,-0.0,,,,False,True,3,3
sedi,115.6,120,ifs_ens_mean,best_single_member_on_train,,,,,,,False,True,3,3
csi,204.5,120,ifs_ens_mean,best_single_member_on_train,0.0,0.0,-0.0,,,,False,True,3,3
sedi,204.5,120,ifs_ens_mean,best_single_member_on_train,,,,,,,False,True,3,3
rmse_mm,,120,ifs_ens_mean,climatology,15.377904587214676,15.326811209692421,0.05109337752225507,,,0.8323248380944869,False,True,3,3
mae_mm,,120,ifs_ens_mean,climatology,7.3114022462767565,7.2803280643157935,0.03107418196096301,,,0.9057699703423666,False,True,3,3
csi,7.5,120,ifs_ens_mean,climatology,0.29611734253666955,0.2600386514923771,-0.036078691044292455,,,,False,True,3,3
sedi,7.5,120,ifs_ens_mean,climatology,0.475108544302939,0.3947518673119328,-0.08035667699100618,,,,False,True,3,3
csi,64.5,120,ifs_ens_mean,climatology,0.038461538461538464,0.0,-0.038461538461538464,,,,False,True,3,3
sedi,64.5,120,ifs_ens_mean,climatology,0.32284508493556374,,,,,,False,True,3,3
csi,115.6,120,ifs_ens_mean,climatology,0.0,0.0,-0.0,,,,False,True,3,3
sedi,115.6,120,ifs_ens_mean,climatology,,,,,,,False,True,3,3
csi,204.5,120,ifs_ens_mean,climatology,0.0,0.0,-0.0,,,,False,True,3,3
sedi,204.5,120,ifs_ens_mean,climatology,,,,,,,False,True,3,3
rmse_mm,,120,ifs_ens_mean,tier0,15.377904587214676,15.2975149870868,0.08038960012787655,,,0.7770137716104707,False,True,3,3
mae_mm,,120,ifs_ens_mean,tier0,7.3114022462767565,7.284553205748328,0.02684904052842807,,,0.8019539805888265,False,True,3,3
csi,7.5,120,ifs_ens_mean,tier0,0.29611734253666955,0.2986519184237815,0.0025345758871119783,,,,False,True,3,3
sedi,7.5,120,ifs_ens_mean,tier0,0.475108544302939,0.48142172960788027,0.006313185304941293,,,,False,True,3,3
csi,64.5,120,ifs_ens_mean,tier0,0.038461538461538464,0.04201680672268908,0.0035552682611506153,,,,False,True,3,3
sedi,64.5,120,ifs_ens_mean,tier0,0.32284508493556374,0.3300996523012865,0.007254567365722775,,,,False,True,3,3
csi,115.6,120,ifs_ens_mean,tier0,0.0,0.0,-0.0,,,,False,True,3,3
sedi,115.6,120,ifs_ens_mean,tier0,,,,,,,False,True,3,3
csi,204.5,120,ifs_ens_mean,tier0,0.0,0.0,-0.0,,,,False,True,3,3
sedi,204.5,120,ifs_ens_mean,tier0,,,,,,,False,True,3,3
rmse_mm,,120,phase2_lagged_graphcast,best_single_member_on_train,14.976074946697587,14.831577752631485,0.1444971940661013,,,0.22586281972422384,False,True,3,3
mae_mm,,120,phase2_lagged_graphcast,best_single_member_on_train,7.262984410504914,7.243774725074036,0.01920968543087831,,,0.675814474081643,False,True,3,3
csi,7.5,120,phase2_lagged_graphcast,best_single_member_on_train,0.3147148160647992,0.30729253981559096,-0.007422276249208215,,,,False,True,3,3
sedi,7.5,120,phase2_lagged_graphcast,best_single_member_on_train,0.5248628292461037,0.5067124786682892,-0.018150350577814556,,,,False,True,3,3
csi,64.5,120,phase2_lagged_graphcast,best_single_member_on_train,0.041474654377880185,0.037914691943127965,-0.00355996243475222,,,,False,True,3,3
sedi,64.5,120,phase2_lagged_graphcast,best_single_member_on_train,0.37250850328589213,0.38496413151656234,0.012455628230670202,,,,False,True,3,3
csi,115.6,120,phase2_lagged_graphcast,best_single_member_on_train,0.0,0.0,-0.0,,,,False,True,3,3
sedi,115.6,120,phase2_lagged_graphcast,best_single_member_on_train,,,,,,,False,True,3,3
csi,204.5,120,phase2_lagged_graphcast,best_single_member_on_train,0.0,0.0,-0.0,,,,False,True,3,3
sedi,204.5,120,phase2_lagged_graphcast,best_single_member_on_train,,,,,,,False,True,3,3
rmse_mm,,120,phase2_lagged_graphcast,climatology,14.976074946697587,15.326811209692421,-0.3507362629948343,,,0.4072103976841954,False,True,3,3
mae_mm,,120,phase2_lagged_graphcast,climatology,7.262984410504914,7.2803280643157935,-0.017343653810879545,,,0.9133640401969081,False,True,3,3
crps_mm,,120,phase2_lagged_graphcast,climatology,6.573867691469656,4.5754298234021995,1.9984378680674562,,,3.1886914337581605e-70,False,True,3,3
twcrps_64.5_mm,,120,phase2_lagged_graphcast,climatology,0.5521374229447169,0.5299039634317583,0.02223345951295863,,,0.18560267688093168,False,True,3,3
brier,7.5,120,phase2_lagged_graphcast,climatology,0.2897771539364036,0.0371339242453718,0.25264322969103176,,,5.31201777843361e-16,False,True,3,3
csi,7.5,120,phase2_lagged_graphcast,climatology,0.3147148160647992,0.2600386514923771,-0.05467616457242208,,,,False,True,3,3
sedi,7.5,120,phase2_lagged_graphcast,climatology,0.5248628292461037,0.3947518673119328,-0.13011096193417093,,,,False,True,3,3
brier,64.5,120,phase2_lagged_graphcast,climatology,0.004373742422040467,0.003724523650357634,0.0006492187716828327,,,0.1594310759990636,False,True,3,3
csi,64.5,120,phase2_lagged_graphcast,climatology,0.041474654377880185,0.0,-0.041474654377880185,,,,False,True,3,3
sedi,64.5,120,phase2_lagged_graphcast,climatology,0.37250850328589213,,,,,,False,True,3,3
brier,115.6,120,phase2_lagged_graphcast,climatology,0.0008998439215046333,0.0008899015608834259,9.942360621207464e-06,,,0.3550284280309509,False,True,3,3
csi,115.6,120,phase2_lagged_graphcast,climatology,0.0,0.0,-0.0,,,,False,True,3,3
sedi,115.6,120,phase2_lagged_graphcast,climatology,,,,,,,False,True,3,3
brier,204.5,120,phase2_lagged_graphcast,climatology,7.656235046413333e-05,7.506092666014313e-05,1.5014238039902042e-06,,,0.27255306026356974,False,True,3,3
csi,204.5,120,phase2_lagged_graphcast,climatology,0.0,0.0,-0.0,,,,False,True,3,3
sedi,204.5,120,phase2_lagged_graphcast,climatology,,,,,,,False,True,3,3
rmse_mm,,120,phase2_lagged_graphcast,tier0,14.976074946697587,15.2975149870868,-0.3214400403892128,,,0.03315339050932458,False,True,3,3
mae_mm,,120,phase2_lagged_graphcast,tier0,7.262984410504914,7.284553205748328,-0.021568795243414485,,,0.7288185478090792,False,True,3,3
csi,7.5,120,phase2_lagged_graphcast,tier0,0.3147148160647992,0.2986519184237815,-0.01606289764101765,,,,False,True,3,3
sedi,7.5,120,phase2_lagged_graphcast,tier0,0.5248628292461037,0.48142172960788027,-0.04344109963822346,,,,False,True,3,3
csi,64.5,120,phase2_lagged_graphcast,tier0,0.041474654377880185,0.04201680672268908,0.0005421523448088938,,,,False,True,3,3
sedi,64.5,120,phase2_lagged_graphcast,tier0,0.37250850328589213,0.3300996523012865,-0.04240885098460562,,,,False,True,3,3
csi,115.6,120,phase2_lagged_graphcast,tier0,0.0,0.0,-0.0,,,,False,True,3,3
sedi,115.6,120,phase2_lagged_graphcast,tier0,,,,,,,False,True,3,3
csi,204.5,120,phase2_lagged_graphcast,tier0,0.0,0.0,-0.0,,,,False,True,3,3
sedi,204.5,120,phase2_lagged_graphcast,tier0,,,,,,,False,True,3,3
rmse_mm,,120,tier0,best_single_member_on_train,15.2975149870868,14.831577752631485,0.4659372344553141,,,0.009682169251137166,False,True,3,3
mae_mm,,120,tier0,best_single_member_on_train,7.284553205748328,7.243774725074036,0.040778480674292794,,,0.6968832512565526,False,True,3,3
csi,7.5,120,tier0,best_single_member_on_train,0.2986519184237815,0.30729253981559096,0.008640621391809433,,,,False,True,3,3
sedi,7.5,120,tier0,best_single_member_on_train,0.48142172960788027,0.5067124786682892,0.0252907490604089,,,,False,True,3,3
csi,64.5,120,tier0,best_single_member_on_train,0.04201680672268908,0.037914691943127965,-0.004102114779561114,,,,False,True,3,3
sedi,64.5,120,tier0,best_single_member_on_train,0.3300996523012865,0.38496413151656234,0.05486447921527582,,,,False,True,3,3
csi,115.6,120,tier0,best_single_member_on_train,0.0,0.0,-0.0,,,,False,True,3,3
sedi,115.6,120,tier0,best_single_member_on_train,,,,,,,False,True,3,3
csi,204.5,120,tier0,best_single_member_on_train,0.0,0.0,-0.0,,,,False,True,3,3
sedi,204.5,120,tier0,best_single_member_on_train,,,,,,,False,True,3,3
rmse_mm,,120,tier0,climatology,15.2975149870868,15.326811209692421,-0.02929622260562148,,,0.9548089649711273,False,True,3,3
mae_mm,,120,tier0,climatology,7.284553205748328,7.2803280643157935,0.00422514143253494,,,0.984602918668249,False,True,3,3
csi,7.5,120,tier0,climatology,0.2986519184237815,0.2600386514923771,-0.03861326693140443,,,,False,True,3,3
sedi,7.5,120,tier0,climatology,0.48142172960788027,0.3947518673119328,-0.08666986229594748,,,,False,True,3,3
csi,64.5,120,tier0,climatology,0.04201680672268908,0.0,-0.04201680672268908,,,,False,True,3,3
sedi,64.5,120,tier0,climatology,0.3300996523012865,,,,,,False,True,3,3
csi,115.6,120,tier0,climatology,0.0,0.0,-0.0,,,,False,True,3,3
sedi,115.6,120,tier0,climatology,,,,,,,False,True,3,3
csi,204.5,120,tier0,climatology,0.0,0.0,-0.0,,,,False,True,3,3
sedi,204.5,120,tier0,climatology,,,,,,,False,True,3,3
rmse_mm,,120,tier1_regional,best_single_member_on_train,14.820202618156745,14.831577752631485,-0.011375134474739923,,,0.4761087430430748,False,True,3,3
mae_mm,,120,tier1_regional,best_single_member_on_train,7.189513648928173,7.243774725074036,-0.0542610761458624,,,0.6185833155959577,False,True,3,3
csi,7.5,120,tier1_regional,best_single_member_on_train,0.30854134827644764,0.30729253981559096,-0.0012488084608566763,,,,False,True,3,3
sedi,7.5,120,tier1_regional,best_single_member_on_train,0.5083440582114798,0.5067124786682892,-0.0016315795431905977,,,,False,True,3,3
csi,64.5,120,tier1_regional,best_single_member_on_train,0.03686635944700461,0.037914691943127965,0.0010483324961233567,,,,False,True,3,3
sedi,64.5,120,tier1_regional,best_single_member_on_train,0.35604356817310284,0.38496413151656234,0.028920563343459493,,,,False,True,3,3
csi,115.6,120,tier1_regional,best_single_member_on_train,0.0,0.0,-0.0,,,,False,True,3,3
sedi,115.6,120,tier1_regional,best_single_member_on_train,,,,,,,False,True,3,3
csi,204.5,120,tier1_regional,best_single_member_on_train,0.0,0.0,-0.0,,,,False,True,3,3
sedi,204.5,120,tier1_regional,best_single_member_on_train,,,,,,,False,True,3,3
rmse_mm,,120,tier1_regional,climatology,14.820202618156745,15.326811209692421,-0.5066085915356755,,,0.335999244459501,False,True,3,3
mae_mm,,120,tier1_regional,climatology,7.189513648928173,7.2803280643157935,-0.09081441538762025,,,0.6585610719872983,False,True,3,3
csi,7.5,120,tier1_regional,climatology,0.30854134827644764,0.2600386514923771,-0.04850269678407054,,,,False,True,3,3
sedi,7.5,120,tier1_regional,climatology,0.5083440582114798,0.3947518673119328,-0.11359219089954697,,,,False,True,3,3
csi,64.5,120,tier1_regional,climatology,0.03686635944700461,0.0,-0.03686635944700461,,,,False,True,3,3
sedi,64.5,120,tier1_regional,climatology,0.35604356817310284,,,,,,False,True,3,3
csi,115.6,120,tier1_regional,climatology,0.0,0.0,-0.0,,,,False,True,3,3
sedi,115.6,120,tier1_regional,climatology,,,,,,,False,True,3,3
csi,204.5,120,tier1_regional,climatology,0.0,0.0,-0.0,,,,False,True,3,3
sedi,204.5,120,tier1_regional,climatology,,,,,,,False,True,3,3
rmse_mm,,120,tier1_regional,tier0,14.820202618156745,15.2975149870868,-0.477312368930054,,,0.0038148885602553857,False,True,3,3
mae_mm,,120,tier1_regional,tier0,7.189513648928173,7.284553205748328,-0.09503955682015519,,,0.2200325815454759,False,True,3,3
csi,7.5,120,tier1_regional,tier0,0.30854134827644764,0.2986519184237815,-0.00988942985266611,,,,False,True,3,3
sedi,7.5,120,tier1_regional,tier0,0.5083440582114798,0.48142172960788027,-0.0269223286035995,,,,False,True,3,3
csi,64.5,120,tier1_regional,tier0,0.03686635944700461,0.04201680672268908,0.005150447275684471,,,,False,True,3,3
sedi,64.5,120,tier1_regional,tier0,0.35604356817310284,0.3300996523012865,-0.025943915871816325,,,,False,True,3,3
csi,115.6,120,tier1_regional,tier0,0.0,0.0,-0.0,,,,False,True,3,3
sedi,115.6,120,tier1_regional,tier0,,,,,,,False,True,3,3
csi,204.5,120,tier1_regional,tier0,0.0,0.0,-0.0,,,,False,True,3,3
sedi,204.5,120,tier1_regional,tier0,,,,,,,False,True,3,3
rmse_mm,,120,tier2_bma,best_single_member_on_train,14.92732591754537,14.831577752631485,0.09574816491388383,,,0.5153791996826389,False,True,3,3
mae_mm,,120,tier2_bma,best_single_member_on_train,7.557783003673304,7.243774725074036,0.3140082785992684,,,0.0034996852336054867,False,True,3,3
csi,7.5,120,tier2_bma,best_single_member_on_train,0.2998143564356436,0.30729253981559096,0.0074781833799473785,,,,False,True,3,3
sedi,7.5,120,tier2_bma,best_single_member_on_train,0.49710646770801875,0.5067124786682892,0.009606010960270417,,,,False,True,3,3
csi,64.5,120,tier2_bma,best_single_member_on_train,0.04326923076923077,0.037914691943127965,-0.005354538826102803,,,,False,True,3,3
sedi,64.5,120,tier2_bma,best_single_member_on_train,0.4209381707036746,0.38496413151656234,-0.03597403918711228,,,,False,True,3,3
csi,115.6,120,tier2_bma,best_single_member_on_train,0.0,0.0,-0.0,,,,False,True,3,3
sedi,115.6,120,tier2_bma,best_single_member_on_train,,,,,,,False,True,3,3
csi,204.5,120,tier2_bma,best_single_member_on_train,0.0,0.0,-0.0,,,,False,True,3,3
sedi,204.5,120,tier2_bma,best_single_member_on_train,,,,,,,False,True,3,3
rmse_mm,,120,tier2_bma,climatology,14.92732591754537,15.326811209692421,-0.39948529214705175,,,0.31045999152197323,False,True,3,3
mae_mm,,120,tier2_bma,climatology,7.557783003673304,7.2803280643157935,0.27745493935751053,,,0.16021582810069346,False,True,3,3
crps_mm,,120,tier2_bma,climatology,4.453872087979247,4.5754298234021995,-0.1215577354229529,,,0.8645657700420305,False,True,3,3
csi,7.5,120,tier2_bma,climatology,0.2998143564356436,0.2600386514923771,-0.03977570494326649,,,,False,True,3,3
sedi,7.5,120,tier2_bma,climatology,0.49710646770801875,0.3947518673119328,-0.10235460039608596,,,,False,True,3,3
csi,64.5,120,tier2_bma,climatology,0.04326923076923077,0.0,-0.04326923076923077,,,,False,True,3,3
sedi,64.5,120,tier2_bma,climatology,0.4209381707036746,,,,,,False,True,3,3
csi,115.6,120,tier2_bma,climatology,0.0,0.0,-0.0,,,,False,True,3,3
sedi,115.6,120,tier2_bma,climatology,,,,,,,False,True,3,3
csi,204.5,120,tier2_bma,climatology,0.0,0.0,-0.0,,,,False,True,3,3
sedi,204.5,120,tier2_bma,climatology,,,,,,,False,True,3,3
rmse_mm,,120,tier2_bma,tier0,14.92732591754537,15.2975149870868,-0.37018906954143027,,,0.029533561855159145,False,True,3,3
mae_mm,,120,tier2_bma,tier0,7.557783003673304,7.284553205748328,0.2732297979249756,,,0.0025671924502441725,False,True,3,3
csi,7.5,120,tier2_bma,tier0,0.2998143564356436,0.2986519184237815,-0.0011624380118620548,,,,False,True,3,3
sedi,7.5,120,tier2_bma,tier0,0.49710646770801875,0.48142172960788027,-0.015684738100138484,,,,False,True,3,3
csi,64.5,120,tier2_bma,tier0,0.04326923076923077,0.04201680672268908,-0.0012524240465416892,,,,False,True,3,3
sedi,64.5,120,tier2_bma,tier0,0.4209381707036746,0.3300996523012865,-0.0908385184023881,,,,False,True,3,3
csi,115.6,120,tier2_bma,tier0,0.0,0.0,-0.0,,,,False,True,3,3
sedi,115.6,120,tier2_bma,tier0,,,,,,,False,True,3,3
csi,204.5,120,tier2_bma,tier0,0.0,0.0,-0.0,,,,False,True,3,3
sedi,204.5,120,tier2_bma,tier0,,,,,,,False,True,3,3
rmse_mm,,120,tier2_emos_graphcast,best_single_member_on_train,14.879741597826078,14.831577752631485,0.04816384519459227,,,0.7130556034123033,False,True,3,3
mae_mm,,120,tier2_emos_graphcast,best_single_member_on_train,7.3056078291348925,7.243774725074036,0.06183310406085685,,,0.38186087110886247,False,True,3,3
csi,7.5,120,tier2_emos_graphcast,best_single_member_on_train,0.31289333548491205,0.30729253981559096,-0.00560079566932109,,,,False,True,3,3
sedi,7.5,120,tier2_emos_graphcast,best_single_member_on_train,0.5269281820245796,0.5067124786682892,-0.020215703356290415,,,,False,True,3,3
csi,64.5,120,tier2_emos_graphcast,best_single_member_on_train,0.03773584905660377,0.037914691943127965,0.00017884288652419283,,,,False,True,3,3
sedi,64.5,120,tier2_emos_graphcast,best_single_member_on_train,0.3793128389370687,0.38496413151656234,0.00565129257949365,,,,False,True,3,3
csi,115.6,120,tier2_emos_graphcast,best_single_member_on_train,0.0,0.0,-0.0,,,,False,True,3,3
sedi,115.6,120,tier2_emos_graphcast,best_single_member_on_train,,,,,,,False,True,3,3
csi,204.5,120,tier2_emos_graphcast,best_single_member_on_train,0.0,0.0,-0.0,,,,False,True,3,3
sedi,204.5,120,tier2_emos_graphcast,best_single_member_on_train,,,,,,,False,True,3,3
rmse_mm,,120,tier2_emos_graphcast,climatology,14.879741597826078,15.326811209692421,-0.4470696118663433,,,0.2683980374309133,False,True,3,3
mae_mm,,120,tier2_emos_graphcast,climatology,7.3056078291348925,7.2803280643157935,0.025279764819098993,,,0.8854105767080325,False,True,3,3
crps_mm,,120,tier2_emos_graphcast,climatology,4.458232978051889,4.5754298234021995,-0.1171968453503105,,,0.12883496095577637,False,True,3,3
csi,7.5,120,tier2_emos_graphcast,climatology,0.31289333548491205,0.2600386514923771,-0.052854683992534957,,,,False,True,3,3
sedi,7.5,120,tier2_emos_graphcast,climatology,0.5269281820245796,0.3947518673119328,-0.1321763147126468,,,,False,True,3,3
csi,64.5,120,tier2_emos_graphcast,climatology,0.03773584905660377,0.0,-0.03773584905660377,,,,False,True,3,3
sedi,64.5,120,tier2_emos_graphcast,climatology,0.3793128389370687,,,,,,False,True,3,3
csi,115.6,120,tier2_emos_graphcast,climatology,0.0,0.0,-0.0,,,,False,True,3,3
sedi,115.6,120,tier2_emos_graphcast,climatology,,,,,,,False,True,3,3
csi,204.5,120,tier2_emos_graphcast,climatology,0.0,0.0,-0.0,,,,False,True,3,3
sedi,204.5,120,tier2_emos_graphcast,climatology,,,,,,,False,True,3,3
rmse_mm,,120,tier2_emos_graphcast,tier0,14.879741597826078,15.2975149870868,-0.41777338926072183,,,0.042078207076449645,False,True,3,3
mae_mm,,120,tier2_emos_graphcast,tier0,7.3056078291348925,7.284553205748328,0.021054623386564053,,,0.7319598999498295,False,True,3,3
csi,7.5,120,tier2_emos_graphcast,tier0,0.31289333548491205,0.2986519184237815,-0.014241417061130524,,,,False,True,3,3
sedi,7.5,120,tier2_emos_graphcast,tier0,0.5269281820245796,0.48142172960788027,-0.04550645241669932,,,,False,True,3,3
csi,64.5,120,tier2_emos_graphcast,tier0,0.03773584905660377,0.04201680672268908,0.004280957666085307,,,,False,True,3,3
sedi,64.5,120,tier2_emos_graphcast,tier0,0.3793128389370687,0.3300996523012865,-0.04921318663578217,,,,False,True,3,3
csi,115.6,120,tier2_emos_graphcast,tier0,0.0,0.0,-0.0,,,,False,True,3,3
sedi,115.6,120,tier2_emos_graphcast,tier0,,,,,,,False,True,3,3
csi,204.5,120,tier2_emos_graphcast,tier0,0.0,0.0,-0.0,,,,False,True,3,3
sedi,204.5,120,tier2_emos_graphcast,tier0,,,,,,,False,True,3,3
rmse_mm,,120,tier2_emos_ifs_ens,best_single_member_on_train,15.080854137443572,14.831577752631485,0.24927638481208625,,,0.2873661979387848,False,True,3,3
mae_mm,,120,tier2_emos_ifs_ens,best_single_member_on_train,7.6644786140648264,7.243774725074036,0.4207038889907908,,,0.0007131751582006446,False,True,3,3
csi,7.5,120,tier2_emos_ifs_ens,best_single_member_on_train,0.31933609958506226,0.30729253981559096,-0.012043559769471301,,,,False,True,3,3
sedi,7.5,120,tier2_emos_ifs_ens,best_single_member_on_train,0.5392155915027274,0.5067124786682892,-0.032503112834438186,,,,False,True,3,3
csi,64.5,120,tier2_emos_ifs_ens,best_single_member_on_train,0.04128440366972477,0.037914691943127965,-0.003369711726596808,,,,False,True,3,3
sedi,64.5,120,tier2_emos_ifs_ens,best_single_member_on_train,0.3686335400706001,0.38496413151656234,0.016330591445962217,,,,False,True,3,3
csi,115.6,120,tier2_emos_ifs_ens,best_single_member_on_train,0.0,0.0,-0.0,,,,False,True,3,3
sedi,115.6,120,tier2_emos_ifs_ens,best_single_member_on_train,,,,,,,False,True,3,3
csi,204.5,120,tier2_emos_ifs_ens,best_single_member_on_train,0.0,0.0,-0.0,,,,False,True,3,3
sedi,204.5,120,tier2_emos_ifs_ens,best_single_member_on_train,,,,,,,False,True,3,3
rmse_mm,,120,tier2_emos_ifs_ens,climatology,15.080854137443572,15.326811209692421,-0.24595707224884933,,,0.42152285544331525,False,True,3,3
mae_mm,,120,tier2_emos_ifs_ens,climatology,7.6644786140648264,7.2803280643157935,0.38415054974903295,,,0.08610850313186097,False,True,3,3
crps_mm,,120,tier2_emos_ifs_ens,climatology,4.549744650570403,4.5754298234021995,-0.025685172831796166,,,0.7412848024991707,False,True,3,3
csi,7.5,120,tier2_emos_ifs_ens,climatology,0.31933609958506226,0.2600386514923771,-0.05929744809268517,,,,False,True,3,3
sedi,7.5,120,tier2_emos_ifs_ens,climatology,0.5392155915027274,0.3947518673119328,-0.14446372419079456,,,,False,True,3,3
csi,64.5,120,tier2_emos_ifs_ens,climatology,0.04128440366972477,0.0,-0.04128440366972477,,,,False,True,3,3
sedi,64.5,120,tier2_emos_ifs_ens,climatology,0.3686335400706001,,,,,,False,True,3,3
csi,115.6,120,tier2_emos_ifs_ens,climatology,0.0,0.0,-0.0,,,,False,True,3,3
sedi,115.6,120,tier2_emos_ifs_ens,climatology,,,,,,,False,True,3,3
csi,204.5,120,tier2_emos_ifs_ens,climatology,0.0,0.0,-0.0,,,,False,True,3,3
sedi,204.5,120,tier2_emos_ifs_ens,climatology,,,,,,,False,True,3,3
rmse_mm,,120,tier2_emos_ifs_ens,tier0,15.080854137443572,15.2975149870868,-0.21666084964322785,,,0.34299097669310474,False,True,3,3
mae_mm,,120,tier2_emos_ifs_ens,tier0,7.6644786140648264,7.284553205748328,0.379925408316498,,,4.0751509162150716e-07,False,True,3,3
csi,7.5,120,tier2_emos_ifs_ens,tier0,0.31933609958506226,0.2986519184237815,-0.020684181161280735,,,,False,True,3,3
sedi,7.5,120,tier2_emos_ifs_ens,tier0,0.5392155915027274,0.48142172960788027,-0.05779386189484709,,,,False,True,3,3
csi,64.5,120,tier2_emos_ifs_ens,tier0,0.04128440366972477,0.04201680672268908,0.0007324030529643061,,,,False,True,3,3
sedi,64.5,120,tier2_emos_ifs_ens,tier0,0.3686335400706001,0.3300996523012865,-0.0385338877693136,,,,False,True,3,3
csi,115.6,120,tier2_emos_ifs_ens,tier0,0.0,0.0,-0.0,,,,False,True,3,3
sedi,115.6,120,tier2_emos_ifs_ens,tier0,,,,,,,False,True,3,3
csi,204.5,120,tier2_emos_ifs_ens,tier0,0.0,0.0,-0.0,,,,False,True,3,3
sedi,204.5,120,tier2_emos_ifs_ens,tier0,,,,,,,False,True,3,3
rmse_mm,,120,tier3_regime_conditioned,best_single_member_on_train,14.94372163476014,14.831577752631485,0.11214388212865423,,,0.39511553751177153,False,True,3,3
mae_mm,,120,tier3_regime_conditioned,best_single_member_on_train,7.223729530176768,7.243774725074036,-0.02004519489726775,,,0.803610847697303,False,True,3,3
csi,7.5,120,tier3_regime_conditioned,best_single_member_on_train,0.3162465940054496,0.30729253981559096,-0.008954054189858618,,,,False,True,3,3
sedi,7.5,120,tier3_regime_conditioned,best_single_member_on_train,0.5274262798973852,0.5067124786682892,-0.02071380122909605,,,,False,True,3,3
csi,64.5,120,tier3_regime_conditioned,best_single_member_on_train,0.04035874439461883,0.037914691943127965,-0.0024440524514908676,,,,False,True,3,3
sedi,64.5,120,tier3_regime_conditioned,best_single_member_on_train,0.351599242863041,0.38496413151656234,0.03336488865352133,,,,False,True,3,3
csi,115.6,120,tier3_regime_conditioned,best_single_member_on_train,0.0,0.0,-0.0,,,,False,True,3,3
sedi,115.6,120,tier3_regime_conditioned,best_single_member_on_train,,,,,,,False,True,3,3
csi,204.5,120,tier3_regime_conditioned,best_single_member_on_train,0.0,0.0,-0.0,,,,False,True,3,3
sedi,204.5,120,tier3_regime_conditioned,best_single_member_on_train,,,,,,,False,True,3,3
rmse_mm,,120,tier3_regime_conditioned,climatology,14.94372163476014,15.326811209692421,-0.38308957493228135,,,0.36235138217375773,False,True,3,3
mae_mm,,120,tier3_regime_conditioned,climatology,7.223729530176768,7.2803280643157935,-0.0565985341390256,,,0.7691225993672717,False,True,3,3
csi,7.5,120,tier3_regime_conditioned,climatology,0.3162465940054496,0.2600386514923771,-0.056207942513072484,,,,False,True,3,3
sedi,7.5,120,tier3_regime_conditioned,climatology,0.5274262798973852,0.3947518673119328,-0.13267441258545243,,,,False,True,3,3
csi,64.5,120,tier3_regime_conditioned,climatology,0.04035874439461883,0.0,-0.04035874439461883,,,,False,True,3,3
sedi,64.5,120,tier3_regime_conditioned,climatology,0.351599242863041,,,,,,False,True,3,3
csi,115.6,120,tier3_regime_conditioned,climatology,0.0,0.0,-0.0,,,,False,True,3,3
sedi,115.6,120,tier3_regime_conditioned,climatology,,,,,,,False,True,3,3
csi,204.5,120,tier3_regime_conditioned,climatology,0.0,0.0,-0.0,,,,False,True,3,3
sedi,204.5,120,tier3_regime_conditioned,climatology,,,,,,,False,True,3,3
rmse_mm,,120,tier3_regime_conditioned,tier0,14.94372163476014,15.2975149870868,-0.35379335232665987,,,0.010536449557356739,False,True,3,3
mae_mm,,120,tier3_regime_conditioned,tier0,7.223729530176768,7.284553205748328,-0.06082367557156054,,,0.060966340441873657,False,True,3,3
csi,7.5,120,tier3_regime_conditioned,tier0,0.3162465940054496,0.2986519184237815,-0.01759467558166805,,,,False,True,3,3
sedi,7.5,120,tier3_regime_conditioned,tier0,0.5274262798973852,0.48142172960788027,-0.04600455028950495,,,,False,True,3,3
csi,64.5,120,tier3_regime_conditioned,tier0,0.04035874439461883,0.04201680672268908,0.0016580623280702464,,,,False,True,3,3
sedi,64.5,120,tier3_regime_conditioned,tier0,0.351599242863041,0.3300996523012865,-0.02149959056175449,,,,False,True,3,3
csi,115.6,120,tier3_regime_conditioned,tier0,0.0,0.0,-0.0,,,,False,True,3,3
sedi,115.6,120,tier3_regime_conditioned,tier0,,,,,,,False,True,3,3
csi,204.5,120,tier3_regime_conditioned,tier0,0.0,0.0,-0.0,,,,False,True,3,3
sedi,204.5,120,tier3_regime_conditioned,tier0,,,,,,,False,True,3,3
