metric,threshold,lead_hours,method_a,method_b,estimate_a,estimate_b,diff,ci_lo,ci_hi,dm_p,significant,degenerate_bootstrap,n_days,block_days
rmse_mm,,24,best_single_member_on_train,climatology,14.55619411014247,14.522378568473306,0.03381554166916523,-0.31065025654415673,0.3857226726554841,0.8030020884132792,False,False,244,7
mae_mm,,24,best_single_member_on_train,climatology,7.431167048703481,7.988357690202983,-0.5571906414995027,-0.8606037000814775,-0.145348656334454,1.8717117933182027e-08,True,False,244,7
csi,7.5,24,best_single_member_on_train,climatology,0.3629148067407177,0.303517899662035,-0.05939690707868267,-0.07743510548689675,-0.0413143750167447,,True,False,244,7
sedi,7.5,24,best_single_member_on_train,climatology,0.5454833483880719,0.4123212034694355,-0.13316214491863637,-0.1700714395651834,-0.09564149992269474,,True,False,244,7
csi,64.5,24,best_single_member_on_train,climatology,0.10024061597690087,0.0,-0.10024061597690087,-0.12979265639094795,-0.07297095045283732,,True,False,244,7
sedi,64.5,24,best_single_member_on_train,climatology,0.46402062555981294,,,,,,False,False,244,7
csi,115.6,24,best_single_member_on_train,climatology,0.05475738682569802,0.0,-0.05475738682569802,-0.08696775684255359,-0.024544422228577722,,True,False,244,7
sedi,115.6,24,best_single_member_on_train,climatology,0.46898807028667866,,,,,,False,False,244,7
csi,204.5,24,best_single_member_on_train,climatology,0.021148036253776436,0.0,-0.021148036253776436,-0.04651464031811062,0.0,,False,False,244,7
sedi,204.5,24,best_single_member_on_train,climatology,0.47467774292241305,,,,,,False,False,244,7
rmse_mm,,24,best_single_member_on_train,tier0,14.55619411014247,14.810538148475372,-0.254344038332901,-0.37875168949630356,-0.13644157996418335,8.041344050206878e-07,True,False,244,7
mae_mm,,24,best_single_member_on_train,tier0,7.431167048703481,7.678222519808582,-0.24705547110510118,-0.3084919044253581,-0.18436635003329085,6.977495279697857e-33,True,False,244,7
csi,7.5,24,best_single_member_on_train,tier0,0.3629148067407177,0.3685788720356698,0.005664065294952114,0.003111054615916301,0.008362874819531315,,True,False,244,7
sedi,7.5,24,best_single_member_on_train,tier0,0.5454833483880719,0.5601812652904616,0.014697916902389752,0.00975089902147823,0.019291034757095777,,True,False,244,7
csi,64.5,24,best_single_member_on_train,tier0,0.10024061597690087,0.11123222964073216,0.010991613663831293,0.005032731707545129,0.01750884372552203,,True,False,244,7
sedi,64.5,24,best_single_member_on_train,tier0,0.46402062555981294,0.48381960232473886,0.019798976764925924,0.007602257181554208,0.03555376595559472,,True,False,244,7
csi,115.6,24,best_single_member_on_train,tier0,0.05475738682569802,0.04934616333580064,-0.005411223489897379,-0.020980740517685937,0.011881685596233791,,False,False,244,7
sedi,115.6,24,best_single_member_on_train,tier0,0.46898807028667866,0.44442620980625946,-0.024561860480419195,-0.06145220001274771,0.02966660527979793,,False,False,244,7
csi,204.5,24,best_single_member_on_train,tier0,0.021148036253776436,0.016,-0.0051480362537764356,-0.025099444831018627,0.01398768784604116,,False,False,244,7
sedi,204.5,24,best_single_member_on_train,tier0,0.47467774292241305,0.4228292676630606,-0.05184847525935243,-0.13583266628188262,0.049823086867510316,,False,False,244,7
rmse_mm,,24,best_single_member_on_train,tier2_emos_graphcast,14.55619411014247,13.522716773760019,1.033477336382452,0.8808463785519886,1.2230365408046098,1.4291288591376374e-32,True,False,244,7
mae_mm,,24,best_single_member_on_train,tier2_emos_graphcast,7.431167048703481,7.02235604309862,0.4088110056048606,0.29546921191839887,0.5451398375527935,2.3320714674754193e-25,True,False,244,7
csi,7.5,24,best_single_member_on_train,tier2_emos_graphcast,0.3629148067407177,0.37917091057241803,0.01625610383170034,0.013009591881790825,0.019890960644064714,,True,False,244,7
sedi,7.5,24,best_single_member_on_train,tier2_emos_graphcast,0.5454833483880719,0.5833489386024562,0.03786559021438429,0.031523346805591,0.0438458964514251,,True,False,244,7
csi,64.5,24,best_single_member_on_train,tier2_emos_graphcast,0.10024061597690087,0.023215766311627018,-0.07702484966527386,-0.10055649229955979,-0.056305038870722225,,True,False,244,7
sedi,64.5,24,best_single_member_on_train,tier2_emos_graphcast,0.46402062555981294,0.365152921098385,-0.09886770446142795,-0.1474808306231611,-0.048410041910695166,,True,False,244,7
csi,115.6,24,best_single_member_on_train,tier2_emos_graphcast,0.05475738682569802,0.0009927200529450694,-0.053764666772752955,-0.08661726394713432,-0.02389278339387669,,True,False,244,7
sedi,115.6,24,best_single_member_on_train,tier2_emos_graphcast,0.46898807028667866,0.21275534084083858,-0.2562327294458401,-0.3440108694994794,-0.14207674983756602,,True,False,244,7
csi,204.5,24,best_single_member_on_train,tier2_emos_graphcast,0.021148036253776436,0.0,-0.021148036253776436,-0.04651464031811062,0.0,,False,False,244,7
sedi,204.5,24,best_single_member_on_train,tier2_emos_graphcast,0.47467774292241305,,,,,,False,False,244,7
rmse_mm,,24,best_single_member_on_train,tier2_emos_ifs_ens,14.55619411014247,13.590719538942508,0.9654745711999624,0.812602854246465,1.152949735434183,2.7543991737405483e-27,True,False,244,7
mae_mm,,24,best_single_member_on_train,tier2_emos_ifs_ens,7.431167048703481,7.053574426028696,0.37759262267478455,0.2393810505691675,0.5481372013438336,1.4381983934146857e-16,True,False,244,7
csi,7.5,24,best_single_member_on_train,tier2_emos_ifs_ens,0.3629148067407177,0.3780428048032902,0.015127998062572534,0.012033589786062754,0.018452230984111674,,True,False,244,7
sedi,7.5,24,best_single_member_on_train,tier2_emos_ifs_ens,0.5454833483880719,0.580266012871533,0.03478266448346112,0.029029898533286212,0.04011009858316343,,True,False,244,7
csi,64.5,24,best_single_member_on_train,tier2_emos_ifs_ens,0.10024061597690087,0.031368880573744935,-0.06887173540315594,-0.09306799771896272,-0.04682393852147563,,True,False,244,7
sedi,64.5,24,best_single_member_on_train,tier2_emos_ifs_ens,0.46402062555981294,0.36668944394219016,-0.09733118161762278,-0.13842229525743138,-0.05509750501171326,,True,False,244,7
csi,115.6,24,best_single_member_on_train,tier2_emos_ifs_ens,0.05475738682569802,0.0019808517662594917,-0.05277653505943853,-0.0865432949733582,-0.022766606784711145,,True,False,244,7
sedi,115.6,24,best_single_member_on_train,tier2_emos_ifs_ens,0.46898807028667866,0.2524561853598485,-0.21653188492683018,-0.30901072821642067,-0.10233878514200717,,True,False,244,7
csi,204.5,24,best_single_member_on_train,tier2_emos_ifs_ens,0.021148036253776436,0.0,-0.021148036253776436,-0.04651464031811062,0.0,,False,False,244,7
sedi,204.5,24,best_single_member_on_train,tier2_emos_ifs_ens,0.47467774292241305,,,,,,False,False,244,7
rmse_mm,,24,climatology,best_single_member_on_train,14.522378568473306,14.55619411014247,-0.03381554166916523,-0.3857226726554841,0.31065025654415673,0.8030020884132792,False,False,244,7
mae_mm,,24,climatology,best_single_member_on_train,7.988357690202983,7.431167048703481,0.5571906414995027,0.145348656334454,0.8606037000814775,1.8717117933182027e-08,True,False,244,7
csi,7.5,24,climatology,best_single_member_on_train,0.303517899662035,0.3629148067407177,0.05939690707868267,0.041314375016744696,0.07743510548689674,,True,False,244,7
sedi,7.5,24,climatology,best_single_member_on_train,0.4123212034694355,0.5454833483880719,0.13316214491863637,0.09564149992269473,0.1700714395651834,,True,False,244,7
csi,64.5,24,climatology,best_single_member_on_train,0.0,0.10024061597690087,0.10024061597690087,0.0729709504528373,0.12979265639094795,,True,False,244,7
sedi,64.5,24,climatology,best_single_member_on_train,,0.46402062555981294,,,,,False,False,244,7
csi,115.6,24,climatology,best_single_member_on_train,0.0,0.05475738682569802,0.05475738682569802,0.02454442222857772,0.08696775684255359,,True,False,244,7
sedi,115.6,24,climatology,best_single_member_on_train,,0.46898807028667866,,,,,False,False,244,7
csi,204.5,24,climatology,best_single_member_on_train,0.0,0.021148036253776436,0.021148036253776436,-0.0,0.04651464031811061,,False,False,244,7
sedi,204.5,24,climatology,best_single_member_on_train,,0.47467774292241305,,,,,False,False,244,7
rmse_mm,,24,climatology,tier0,14.522378568473306,14.810538148475372,-0.2881595800020662,-0.6831265138974368,0.05005554233362777,0.04311437847520448,False,False,244,7
mae_mm,,24,climatology,tier0,7.988357690202983,7.678222519808582,0.3101351703944015,-0.09240166243426892,0.6066193697976672,0.0021513342034386305,False,False,244,7
csi,7.5,24,climatology,tier0,0.303517899662035,0.3685788720356698,0.06506097237363478,0.04746707400296237,0.08309483938207404,,True,False,244,7
sedi,7.5,24,climatology,tier0,0.4123212034694355,0.5601812652904616,0.14786006182102612,0.11048295936277622,0.1855771665855374,,True,False,244,7
csi,64.5,24,climatology,tier0,0.0,0.11123222964073216,0.11123222964073216,0.0871579694642257,0.13696547342669746,,True,False,244,7
sedi,64.5,24,climatology,tier0,,0.48381960232473886,,,,,False,False,244,7
csi,115.6,24,climatology,tier0,0.0,0.04934616333580064,0.04934616333580064,0.025804879703523936,0.07177033398602888,,True,False,244,7
sedi,115.6,24,climatology,tier0,,0.44442620980625946,,,,,False,False,244,7
csi,204.5,24,climatology,tier0,0.0,0.016,0.016,0.002982911529309972,0.027849634897198695,,True,False,244,7
sedi,204.5,24,climatology,tier0,,0.4228292676630606,,,,,False,False,244,7
rmse_mm,,24,climatology,tier2_emos_graphcast,14.522378568473306,13.522716773760019,0.9996617947132869,0.7343767847362915,1.2607518058414011,8.005929496879724e-26,True,False,244,7
mae_mm,,24,climatology,tier2_emos_graphcast,7.988357690202983,7.02235604309862,0.9660016471043633,0.6470919241192317,1.2171705210458112,4.7243040433615995e-40,True,False,244,7
crps_mm,,24,climatology,tier2_emos_graphcast,4.988066905447064,4.5457035411574,0.4423633642896636,0.344903121474714,0.5392960887763293,9.485550605586173e-46,True,False,244,7
brier,7.5,24,climatology,tier2_emos_graphcast,0.04288186420301255,0.2199879200755326,-0.17710605587252007,-0.19564830348404574,-0.16213818098645277,0.0,True,False,244,7
csi,7.5,24,climatology,tier2_emos_graphcast,0.303517899662035,0.37917091057241803,0.07565301091038301,0.057027890739155485,0.09417066689505559,,True,False,244,7
sedi,7.5,24,climatology,tier2_emos_graphcast,0.4123212034694355,0.5833489386024562,0.17102773513302066,0.13160529512362368,0.20845102619293931,,True,False,244,7
brier,64.5,24,climatology,tier2_emos_graphcast,0.003428480957173395,0.013536338377352436,-0.01010785742017904,-0.012036255279948508,-0.00873960910590253,1.4449032395452328e-98,True,False,244,7
csi,64.5,24,climatology,tier2_emos_graphcast,0.0,0.023215766311627018,0.023215766311627018,0.013161626197640244,0.035514239798898166,,True,False,244,7
sedi,64.5,24,climatology,tier2_emos_graphcast,,0.365152921098385,,,,,False,False,244,7
brier,115.6,24,climatology,tier2_emos_graphcast,0.0006926535152204265,0.0025985280329392396,-0.001905874517718813,-0.0024441087467163285,-0.0015085145847227677,1.0992725795078711e-39,True,False,244,7
csi,115.6,24,climatology,tier2_emos_graphcast,0.0,0.0009927200529450694,0.0009927200529450694,-0.0,0.002570776799568573,,False,False,244,7
sedi,115.6,24,climatology,tier2_emos_graphcast,,0.21275534084083858,,,,,False,False,244,7
brier,204.5,24,climatology,tier2_emos_graphcast,7.062161199531952e-05,0.0002656642242107956,-0.00019504261221547605,-0.00027346805717422794,-0.000137886611003277,1.8540760706566994e-14,True,False,244,7
csi,204.5,24,climatology,tier2_emos_graphcast,0.0,0.0,-0.0,-0.0,0.0,,False,False,244,7
sedi,204.5,24,climatology,tier2_emos_graphcast,,,,,,,False,False,244,7
rmse_mm,,24,climatology,tier2_emos_ifs_ens,14.522378568473306,13.590719538942508,0.9316590295307972,0.6814868084324702,1.1893392298617316,4.5287366052656796e-24,True,False,244,7
mae_mm,,24,climatology,tier2_emos_ifs_ens,7.988357690202983,7.053574426028696,0.9347832641742873,0.6589055014361883,1.163344951523095,1.70143191153204e-43,True,False,244,7
crps_mm,,24,climatology,tier2_emos_ifs_ens,4.988066905447064,4.579076240651639,0.4089906647954251,0.3153568454337245,0.506038756687456,2.174329001004036e-42,True,False,244,7
brier,7.5,24,climatology,tier2_emos_ifs_ens,0.04288186420301255,0.1822030815550769,-0.13932121735206435,-0.1516503724325648,-0.12905989355285524,0.0,True,False,244,7
csi,7.5,24,climatology,tier2_emos_ifs_ens,0.303517899662035,0.3780428048032902,0.0745249051412552,0.056872372882299224,0.09297804957887652,,True,False,244,7
sedi,7.5,24,climatology,tier2_emos_ifs_ens,0.4123212034694355,0.580266012871533,0.1679448094020975,0.12939867424620385,0.2062216801694599,,True,False,244,7
brier,64.5,24,climatology,tier2_emos_ifs_ens,0.003428480957173395,0.014154993644099879,-0.010726512686926483,-0.01261019942734729,-0.009306056938151203,3.544034062281197e-107,True,False,244,7
csi,64.5,24,climatology,tier2_emos_ifs_ens,0.0,0.031368880573744935,0.031368880573744935,0.020469882734299595,0.042591638942989465,,True,False,244,7
sedi,64.5,24,climatology,tier2_emos_ifs_ens,,0.36668944394219016,,,,,False,False,244,7
brier,115.6,24,climatology,tier2_emos_ifs_ens,0.0006926535152204265,0.002919629316221924,-0.0022269758010014977,-0.002807469660320641,-0.0017737706195799113,1.1039701917909881e-44,True,False,244,7
csi,115.6,24,climatology,tier2_emos_ifs_ens,0.0,0.0019808517662594917,0.0019808517662594917,-0.0,0.005112725687805559,,False,False,244,7
sedi,115.6,24,climatology,tier2_emos_ifs_ens,,0.2524561853598485,,,,,False,False,244,7
brier,204.5,24,climatology,tier2_emos_ifs_ens,7.062161199531952e-05,0.00030194874867454946,-0.00023132713667922992,-0.00031826272496733067,-0.00016315970084780542,3.0768627019165513e-17,True,False,244,7
csi,204.5,24,climatology,tier2_emos_ifs_ens,0.0,0.0,-0.0,-0.0,0.0,,False,False,244,7
sedi,204.5,24,climatology,tier2_emos_ifs_ens,,,,,,,False,False,244,7
rmse_mm,,24,graphcast,best_single_member_on_train,14.55619411014247,14.55619411014247,0.0,0.0,0.0,1.0,False,False,244,7
mae_mm,,24,graphcast,best_single_member_on_train,7.431167048703481,7.431167048703481,0.0,0.0,0.0,1.0,False,False,244,7
csi,7.5,24,graphcast,best_single_member_on_train,0.3629148067407177,0.3629148067407177,-0.0,-0.0,0.0,,False,False,244,7
sedi,7.5,24,graphcast,best_single_member_on_train,0.5454833483880719,0.5454833483880719,-0.0,-0.0,0.0,,False,False,244,7
csi,64.5,24,graphcast,best_single_member_on_train,0.10024061597690087,0.10024061597690087,-0.0,-0.0,0.0,,False,False,244,7
sedi,64.5,24,graphcast,best_single_member_on_train,0.46402062555981294,0.46402062555981294,-0.0,-0.0,0.0,,False,False,244,7
csi,115.6,24,graphcast,best_single_member_on_train,0.05475738682569802,0.05475738682569802,-0.0,-0.0,0.0,,False,False,244,7
sedi,115.6,24,graphcast,best_single_member_on_train,0.46898807028667866,0.46898807028667866,-0.0,-0.0,0.0,,False,False,244,7
csi,204.5,24,graphcast,best_single_member_on_train,0.021148036253776436,0.021148036253776436,-0.0,-0.0,0.0,,False,False,244,7
sedi,204.5,24,graphcast,best_single_member_on_train,0.47467774292241305,0.47467774292241305,-0.0,0.0,-0.0,,False,False,244,7
rmse_mm,,24,graphcast,climatology,14.55619411014247,14.522378568473306,0.03381554166916523,-0.31065025654415673,0.3857226726554841,0.8030020884132792,False,False,244,7
mae_mm,,24,graphcast,climatology,7.431167048703481,7.988357690202983,-0.5571906414995027,-0.8606037000814775,-0.145348656334454,1.8717117933182027e-08,True,False,244,7
csi,7.5,24,graphcast,climatology,0.3629148067407177,0.303517899662035,-0.05939690707868267,-0.07743510548689675,-0.0413143750167447,,True,False,244,7
sedi,7.5,24,graphcast,climatology,0.5454833483880719,0.4123212034694355,-0.13316214491863637,-0.1700714395651834,-0.09564149992269474,,True,False,244,7
csi,64.5,24,graphcast,climatology,0.10024061597690087,0.0,-0.10024061597690087,-0.12979265639094795,-0.07297095045283732,,True,False,244,7
sedi,64.5,24,graphcast,climatology,0.46402062555981294,,,,,,False,False,244,7
csi,115.6,24,graphcast,climatology,0.05475738682569802,0.0,-0.05475738682569802,-0.08696775684255359,-0.024544422228577722,,True,False,244,7
sedi,115.6,24,graphcast,climatology,0.46898807028667866,,,,,,False,False,244,7
csi,204.5,24,graphcast,climatology,0.021148036253776436,0.0,-0.021148036253776436,-0.04651464031811062,0.0,,False,False,244,7
sedi,204.5,24,graphcast,climatology,0.47467774292241305,,,,,,False,False,244,7
rmse_mm,,24,graphcast,tier0,14.55619411014247,14.810538148475372,-0.254344038332901,-0.37875168949630356,-0.13644157996418335,8.041344050206878e-07,True,False,244,7
mae_mm,,24,graphcast,tier0,7.431167048703481,7.678222519808582,-0.24705547110510118,-0.3084919044253581,-0.18436635003329085,6.977495279697857e-33,True,False,244,7
csi,7.5,24,graphcast,tier0,0.3629148067407177,0.3685788720356698,0.005664065294952114,0.003111054615916301,0.008362874819531315,,True,False,244,7
sedi,7.5,24,graphcast,tier0,0.5454833483880719,0.5601812652904616,0.014697916902389752,0.00975089902147823,0.019291034757095777,,True,False,244,7
csi,64.5,24,graphcast,tier0,0.10024061597690087,0.11123222964073216,0.010991613663831293,0.005032731707545129,0.01750884372552203,,True,False,244,7
sedi,64.5,24,graphcast,tier0,0.46402062555981294,0.48381960232473886,0.019798976764925924,0.007602257181554208,0.03555376595559472,,True,False,244,7
csi,115.6,24,graphcast,tier0,0.05475738682569802,0.04934616333580064,-0.005411223489897379,-0.020980740517685937,0.011881685596233791,,False,False,244,7
sedi,115.6,24,graphcast,tier0,0.46898807028667866,0.44442620980625946,-0.024561860480419195,-0.06145220001274771,0.02966660527979793,,False,False,244,7
csi,204.5,24,graphcast,tier0,0.021148036253776436,0.016,-0.0051480362537764356,-0.025099444831018627,0.01398768784604116,,False,False,244,7
sedi,204.5,24,graphcast,tier0,0.47467774292241305,0.4228292676630606,-0.05184847525935243,-0.13583266628188262,0.049823086867510316,,False,False,244,7
rmse_mm,,24,graphcast,tier2_emos_graphcast,14.55619411014247,13.522716773760019,1.033477336382452,0.8808463785519886,1.2230365408046098,1.4291288591376374e-32,True,False,244,7
mae_mm,,24,graphcast,tier2_emos_graphcast,7.431167048703481,7.02235604309862,0.4088110056048606,0.29546921191839887,0.5451398375527935,2.3320714674754193e-25,True,False,244,7
csi,7.5,24,graphcast,tier2_emos_graphcast,0.3629148067407177,0.37917091057241803,0.01625610383170034,0.013009591881790825,0.019890960644064714,,True,False,244,7
sedi,7.5,24,graphcast,tier2_emos_graphcast,0.5454833483880719,0.5833489386024562,0.03786559021438429,0.031523346805591,0.0438458964514251,,True,False,244,7
csi,64.5,24,graphcast,tier2_emos_graphcast,0.10024061597690087,0.023215766311627018,-0.07702484966527386,-0.10055649229955979,-0.056305038870722225,,True,False,244,7
sedi,64.5,24,graphcast,tier2_emos_graphcast,0.46402062555981294,0.365152921098385,-0.09886770446142795,-0.1474808306231611,-0.048410041910695166,,True,False,244,7
csi,115.6,24,graphcast,tier2_emos_graphcast,0.05475738682569802,0.0009927200529450694,-0.053764666772752955,-0.08661726394713432,-0.02389278339387669,,True,False,244,7
sedi,115.6,24,graphcast,tier2_emos_graphcast,0.46898807028667866,0.21275534084083858,-0.2562327294458401,-0.3440108694994794,-0.14207674983756602,,True,False,244,7
csi,204.5,24,graphcast,tier2_emos_graphcast,0.021148036253776436,0.0,-0.021148036253776436,-0.04651464031811062,0.0,,False,False,244,7
sedi,204.5,24,graphcast,tier2_emos_graphcast,0.47467774292241305,,,,,,False,False,244,7
rmse_mm,,24,graphcast,tier2_emos_ifs_ens,14.55619411014247,13.590719538942508,0.9654745711999624,0.812602854246465,1.152949735434183,2.7543991737405483e-27,True,False,244,7
mae_mm,,24,graphcast,tier2_emos_ifs_ens,7.431167048703481,7.053574426028696,0.37759262267478455,0.2393810505691675,0.5481372013438336,1.4381983934146857e-16,True,False,244,7
csi,7.5,24,graphcast,tier2_emos_ifs_ens,0.3629148067407177,0.3780428048032902,0.015127998062572534,0.012033589786062754,0.018452230984111674,,True,False,244,7
sedi,7.5,24,graphcast,tier2_emos_ifs_ens,0.5454833483880719,0.580266012871533,0.03478266448346112,0.029029898533286212,0.04011009858316343,,True,False,244,7
csi,64.5,24,graphcast,tier2_emos_ifs_ens,0.10024061597690087,0.031368880573744935,-0.06887173540315594,-0.09306799771896272,-0.04682393852147563,,True,False,244,7
sedi,64.5,24,graphcast,tier2_emos_ifs_ens,0.46402062555981294,0.36668944394219016,-0.09733118161762278,-0.13842229525743138,-0.05509750501171326,,True,False,244,7
csi,115.6,24,graphcast,tier2_emos_ifs_ens,0.05475738682569802,0.0019808517662594917,-0.05277653505943853,-0.0865432949733582,-0.022766606784711145,,True,False,244,7
sedi,115.6,24,graphcast,tier2_emos_ifs_ens,0.46898807028667866,0.2524561853598485,-0.21653188492683018,-0.30901072821642067,-0.10233878514200717,,True,False,244,7
csi,204.5,24,graphcast,tier2_emos_ifs_ens,0.021148036253776436,0.0,-0.021148036253776436,-0.04651464031811062,0.0,,False,False,244,7
sedi,204.5,24,graphcast,tier2_emos_ifs_ens,0.47467774292241305,,,,,,False,False,244,7
rmse_mm,,24,hres,best_single_member_on_train,17.577116146432456,14.55619411014247,3.020922036289985,2.659253156500167,3.440331317051101,6.772394144496542e-67,True,False,244,7
mae_mm,,24,hres,best_single_member_on_train,8.31535288733631,7.431167048703481,0.8841858386328294,0.773734917470116,1.0100062364250164,8.388546816583147e-134,True,False,244,7
csi,7.5,24,hres,best_single_member_on_train,0.3459573455022743,0.3629148067407177,0.016957461238443383,0.012816341479890608,0.020692108588749387,,True,False,244,7
sedi,7.5,24,hres,best_single_member_on_train,0.5117091722684927,0.5454833483880719,0.033774176119579224,0.025903817152046833,0.041121837333519276,,True,False,244,7
csi,64.5,24,hres,best_single_member_on_train,0.09632128863735306,0.10024061597690087,0.003919327339547807,-0.00900020154135037,0.01717506614865158,,False,False,244,7
sedi,64.5,24,hres,best_single_member_on_train,0.4543509490196957,0.46402062555981294,0.009669676540117245,-0.016761848321364244,0.030707818723259724,,False,False,244,7
csi,115.6,24,hres,best_single_member_on_train,0.03929857523093784,0.05475738682569802,0.015458811594760181,-0.00551102814584683,0.03895333103693322,,False,False,244,7
sedi,115.6,24,hres,best_single_member_on_train,0.4071750095765362,0.46898807028667866,0.061813060710142476,-0.011100258083875533,0.11282352815795661,,False,False,244,7
csi,204.5,24,hres,best_single_member_on_train,0.008658008658008658,0.021148036253776436,0.012490027595767778,-0.010262550569344435,0.03949710180066116,,False,False,244,7
sedi,204.5,24,hres,best_single_member_on_train,0.3495914848787589,0.47467774292241305,0.12508625804365414,-0.013129131858016785,0.2685964273036999,,False,False,244,7
rmse_mm,,24,hres,climatology,17.577116146432456,14.522378568473306,3.05473757795915,2.617078556306433,3.6481350551154534,5.365235425207837e-44,True,False,244,7
mae_mm,,24,hres,climatology,8.31535288733631,7.988357690202983,0.3269951971333267,0.007188373365499965,0.7810536458634567,0.003849349815194402,True,False,244,7
csi,7.5,24,hres,climatology,0.3459573455022743,0.303517899662035,-0.04243944584023929,-0.0592342162900987,-0.02585829595581619,,True,False,244,7
sedi,7.5,24,hres,climatology,0.5117091722684927,0.4123212034694355,-0.09938796879905715,-0.13738519118639478,-0.062222790071358995,,True,False,244,7
csi,64.5,24,hres,climatology,0.09632128863735306,0.0,-0.09632128863735306,-0.11434410282363218,-0.07888119143220142,,True,False,244,7
sedi,64.5,24,hres,climatology,0.4543509490196957,,,,,,False,False,244,7
csi,115.6,24,hres,climatology,0.03929857523093784,0.0,-0.03929857523093784,-0.05592645461109389,-0.02387599731198375,,True,False,244,7
sedi,115.6,24,hres,climatology,0.4071750095765362,,,,,,False,False,244,7
csi,204.5,24,hres,climatology,0.008658008658008658,0.0,-0.008658008658008658,-0.0151587130209458,-0.0024687571006589415,,True,False,244,7
sedi,204.5,24,hres,climatology,0.3495914848787589,,,,,,False,False,244,7
rmse_mm,,24,hres,tier0,17.577116146432456,14.810538148475372,2.766577997957084,2.4600188139400485,3.1064677118297377,3.1708538850661658e-80,True,False,244,7
mae_mm,,24,hres,tier0,8.31535288733631,7.678222519808582,0.6371303675277282,0.5577705371593004,0.7250872635729055,4.923090740878425e-169,True,False,244,7
csi,7.5,24,hres,tier0,0.3459573455022743,0.3685788720356698,0.022621526533395497,0.01996470411598487,0.025353529702171463,,True,False,244,7
sedi,7.5,24,hres,tier0,0.5117091722684927,0.5601812652904616,0.048472093021968976,0.043264608470267,0.05336452871182975,,True,False,244,7
csi,64.5,24,hres,tier0,0.09632128863735306,0.11123222964073216,0.0149109410033791,0.006142556406819097,0.023885102298433238,,True,False,244,7
sedi,64.5,24,hres,tier0,0.4543509490196957,0.48381960232473886,0.02946865330504317,0.015723936275086028,0.041106564389676734,,True,False,244,7
csi,115.6,24,hres,tier0,0.03929857523093784,0.04934616333580064,0.010047588104862802,0.0012732090361220725,0.018985157742127334,,True,False,244,7
sedi,115.6,24,hres,tier0,0.4071750095765362,0.44442620980625946,0.03725120022972328,0.012595867933133196,0.05692274288769313,,True,False,244,7
csi,204.5,24,hres,tier0,0.008658008658008658,0.016,0.007341991341991342,-0.0030381751404644215,0.01676002886184414,,False,False,244,7
sedi,204.5,24,hres,tier0,0.3495914848787589,0.4228292676630606,0.07323778278430171,-0.023138045612337732,0.16812705178839835,,False,False,244,7
rmse_mm,,24,hres,tier2_emos_graphcast,17.577116146432456,13.522716773760019,4.054399372672437,3.66677042668801,4.538706635618449,1.5581630515793304e-74,True,False,244,7
mae_mm,,24,hres,tier2_emos_graphcast,8.31535288733631,7.02235604309862,1.29299684423769,1.106454262068752,1.5123814577779682,8.882825475552856e-104,True,False,244,7
csi,7.5,24,hres,tier2_emos_graphcast,0.3459573455022743,0.37917091057241803,0.033213565070143725,0.028897760458628647,0.03775124063474567,,True,False,244,7
sedi,7.5,24,hres,tier2_emos_graphcast,0.5117091722684927,0.5833489386024562,0.07163976633396352,0.06325254786630194,0.08002474022811368,,True,False,244,7
csi,64.5,24,hres,tier2_emos_graphcast,0.09632128863735306,0.023215766311627018,-0.07310552232572605,-0.08781528328254068,-0.056743419149971615,,True,False,244,7
sedi,64.5,24,hres,tier2_emos_graphcast,0.4543509490196957,0.365152921098385,-0.08919802792131071,-0.1439870789987157,-0.040192231999361214,,True,False,244,7
csi,115.6,24,hres,tier2_emos_graphcast,0.03929857523093784,0.0009927200529450694,-0.03830585517799277,-0.054775152272034326,-0.022580578043725562,,True,False,244,7
sedi,115.6,24,hres,tier2_emos_graphcast,0.4071750095765362,0.21275534084083858,-0.1944196687356976,-0.2885213143068388,-0.08593929563291847,,True,False,244,7
csi,204.5,24,hres,tier2_emos_graphcast,0.008658008658008658,0.0,-0.008658008658008658,-0.0151587130209458,-0.0024687571006589415,,True,False,244,7
sedi,204.5,24,hres,tier2_emos_graphcast,0.3495914848787589,,,,,,False,False,244,7
rmse_mm,,24,hres,tier2_emos_ifs_ens,17.577116146432456,13.590719538942508,3.9863966074899473,3.606041281278108,4.443740926802601,1.818736576575501e-75,True,False,244,7
mae_mm,,24,hres,tier2_emos_ifs_ens,8.31535288733631,7.053574426028696,1.261778461307614,1.0707070658075795,1.5042955236776883,3.4866964222720816e-92,True,False,244,7
csi,7.5,24,hres,tier2_emos_ifs_ens,0.3459573455022743,0.3780428048032902,0.03208545930101592,0.028387553675870543,0.035998216672441095,,True,False,244,7
sedi,7.5,24,hres,tier2_emos_ifs_ens,0.5117091722684927,0.580266012871533,0.06855684060304035,0.06198867535619637,0.07545342269739613,,True,False,244,7
csi,64.5,24,hres,tier2_emos_ifs_ens,0.09632128863735306,0.031368880573744935,-0.06495240806360814,-0.0796977079958732,-0.05077455531975922,,True,False,244,7
sedi,64.5,24,hres,tier2_emos_ifs_ens,0.4543509490196957,0.36668944394219016,-0.08766150507750553,-0.1250447539358168,-0.0515564324121799,,True,False,244,7
csi,115.6,24,hres,tier2_emos_ifs_ens,0.03929857523093784,0.0019808517662594917,-0.03731772346467835,-0.054095995979634395,-0.021034662860580762,,True,False,244,7
sedi,115.6,24,hres,tier2_emos_ifs_ens,0.4071750095765362,0.2524561853598485,-0.1547188242166877,-0.2519128469351497,-0.05023569277926023,,True,False,244,7
csi,204.5,24,hres,tier2_emos_ifs_ens,0.008658008658008658,0.0,-0.008658008658008658,-0.0151587130209458,-0.0024687571006589415,,True,False,244,7
sedi,204.5,24,hres,tier2_emos_ifs_ens,0.3495914848787589,,,,,,False,False,244,7
rmse_mm,,24,ifs_ens_mean,best_single_member_on_train,14.788765806338244,14.55619411014247,0.23257169619577311,0.05920865823766659,0.40173525933372056,0.0013313154108388922,True,False,244,7
mae_mm,,24,ifs_ens_mean,best_single_member_on_train,7.869930859616025,7.431167048703481,0.438763810912544,0.3397220594788649,0.5351713836702389,1.2552625070490165e-44,True,False,244,7
csi,7.5,24,ifs_ens_mean,best_single_member_on_train,0.3687866273196889,0.3629148067407177,-0.005871820578971232,-0.009950901421948505,-0.0019488119076497192,,True,False,244,7
sedi,7.5,24,ifs_ens_mean,best_single_member_on_train,0.5642282965112893,0.5454833483880719,-0.018744948123217364,-0.02539523412340268,-0.010725372006421504,,True,False,244,7
csi,64.5,24,ifs_ens_mean,best_single_member_on_train,0.11148664078556748,0.10024061597690087,-0.011246024808666613,-0.025584719041198543,0.0030816478176032476,,False,False,244,7
sedi,64.5,24,ifs_ens_mean,best_single_member_on_train,0.48444457062220886,0.46402062555981294,-0.02042394506239592,-0.052879597638019124,0.00790069634797933,,False,False,244,7
csi,115.6,24,ifs_ens_mean,best_single_member_on_train,0.04658227848101266,0.05475738682569802,0.008175108344685364,-0.01342905463713726,0.030386237291692493,,False,False,244,7
sedi,115.6,24,ifs_ens_mean,best_single_member_on_train,0.4377192749821039,0.46898807028667866,0.03126879530457477,-0.03570869487610469,0.08123539375165602,,False,False,244,7
csi,204.5,24,ifs_ens_mean,best_single_member_on_train,0.008571428571428572,0.021148036253776436,0.012576607682347864,-0.009235849056603775,0.038832011226046445,,False,False,244,7
sedi,204.5,24,ifs_ens_mean,best_single_member_on_train,0.3713998564000143,0.47467774292241305,0.10327788652239872,-0.02851526844429299,0.24376820709835414,,False,False,244,7
rmse_mm,,24,ifs_ens_mean,climatology,14.788765806338244,14.522378568473306,0.26638723786493834,-0.10814242676483343,0.6759096292212363,0.06313721444449645,False,False,244,7
mae_mm,,24,ifs_ens_mean,climatology,7.869930859616025,7.988357690202983,-0.11842683058695869,-0.4181791023120669,0.285530810941252,0.2418353243806518,False,False,244,7
csi,7.5,24,ifs_ens_mean,climatology,0.3687866273196889,0.303517899662035,-0.0652687276576539,-0.08218056767714793,-0.04815409804402693,,True,False,244,7
sedi,7.5,24,ifs_ens_mean,climatology,0.5642282965112893,0.4123212034694355,-0.15190709304185374,-0.18964247990349847,-0.11400015603933983,,True,False,244,7
csi,64.5,24,ifs_ens_mean,climatology,0.11148664078556748,0.0,-0.11148664078556748,-0.13317372458508753,-0.08912023092901446,,True,False,244,7
sedi,64.5,24,ifs_ens_mean,climatology,0.48444457062220886,,,,,,False,False,244,7
csi,115.6,24,ifs_ens_mean,climatology,0.04658227848101266,0.0,-0.04658227848101266,-0.06545958487927638,-0.028522295731126024,,True,False,244,7
sedi,115.6,24,ifs_ens_mean,climatology,0.4377192749821039,,,,,,False,False,244,7
csi,204.5,24,ifs_ens_mean,climatology,0.008571428571428572,0.0,-0.008571428571428572,-0.01823320761494253,0.0,,False,False,244,7
sedi,204.5,24,ifs_ens_mean,climatology,0.3713998564000143,,,,,,False,False,244,7
rmse_mm,,24,ifs_ens_mean,tier0,14.788765806338244,14.810538148475372,-0.021772342137127865,-0.10019868788319565,0.04402494529774142,0.5322974611236233,False,False,244,7
mae_mm,,24,ifs_ens_mean,tier0,7.869930859616025,7.678222519808582,0.19170833980744284,0.15406942006991528,0.2280569714585381,8.364368346035916e-47,True,False,244,7
csi,7.5,24,ifs_ens_mean,tier0,0.3687866273196889,0.3685788720356698,-0.0002077552840191177,-0.0021187212232771577,0.0017057559447728231,,False,False,244,7
sedi,7.5,24,ifs_ens_mean,tier0,0.5642282965112893,0.5601812652904616,-0.004047031220827613,-0.007240225362677777,-2.1555090366373682e-05,,True,False,244,7
csi,64.5,24,ifs_ens_mean,tier0,0.11148664078556748,0.11123222964073216,-0.00025441114483532035,-0.008924667504831904,0.009435627595775844,,False,False,244,7
sedi,64.5,24,ifs_ens_mean,tier0,0.48444457062220886,0.48381960232473886,-0.0006249682974699966,-0.019427495651343645,0.01767639049243801,,False,False,244,7
csi,115.6,24,ifs_ens_mean,tier0,0.04658227848101266,0.04934616333580064,0.0027638848547879846,-0.00754366666039541,0.012895678704723999,,False,False,244,7
sedi,115.6,24,ifs_ens_mean,tier0,0.4377192749821039,0.44442620980625946,0.006706934824155575,-0.03008004980991274,0.03309702110907058,,False,False,244,7
csi,204.5,24,ifs_ens_mean,tier0,0.008571428571428572,0.016,0.0074285714285714285,-0.0007774927792443221,0.017246312713430634,,False,False,244,7
sedi,204.5,24,ifs_ens_mean,tier0,0.3713998564000143,0.4228292676630606,0.05142941126304629,-0.028793140130175494,0.14162405765329478,,False,False,244,7
rmse_mm,,24,ifs_ens_mean,tier2_emos_graphcast,14.788765806338244,13.522716773760019,1.2660490325782252,1.0771756292883954,1.4970663802234645,3.860270647074793e-37,True,False,244,7
mae_mm,,24,ifs_ens_mean,tier2_emos_graphcast,7.869930859616025,7.02235604309862,0.8475748165174046,0.7103790715027911,1.0010938488906334,8.288249630368592e-80,True,False,244,7
csi,7.5,24,ifs_ens_mean,tier2_emos_graphcast,0.3687866273196889,0.37917091057241803,0.01038428325272911,0.006748305501313392,0.013978557804353673,,True,False,244,7
sedi,7.5,24,ifs_ens_mean,tier2_emos_graphcast,0.5642282965112893,0.5833489386024562,0.01912064209116693,0.012111622393994928,0.026499153719985853,,True,False,244,7
csi,64.5,24,ifs_ens_mean,tier2_emos_graphcast,0.11148664078556748,0.023215766311627018,-0.08827087447394047,-0.10642764411918487,-0.06748281036544035,,True,False,244,7
sedi,64.5,24,ifs_ens_mean,tier2_emos_graphcast,0.48444457062220886,0.365152921098385,-0.11929164952382387,-0.17253692113754274,-0.06825069821382596,,True,False,244,7
csi,115.6,24,ifs_ens_mean,tier2_emos_graphcast,0.04658227848101266,0.0009927200529450694,-0.04558955842806759,-0.06490360233096006,-0.02757111688880514,,True,False,244,7
sedi,115.6,24,ifs_ens_mean,tier2_emos_graphcast,0.4377192749821039,0.21275534084083858,-0.2249639341412653,-0.3166246960798733,-0.12742093340899668,,True,False,244,7
csi,204.5,24,ifs_ens_mean,tier2_emos_graphcast,0.008571428571428572,0.0,-0.008571428571428572,-0.01823320761494253,0.0,,False,False,244,7
sedi,204.5,24,ifs_ens_mean,tier2_emos_graphcast,0.3713998564000143,,,,,,False,False,244,7
rmse_mm,,24,ifs_ens_mean,tier2_emos_ifs_ens,14.788765806338244,13.590719538942508,1.1980462673957355,1.0289903222860433,1.4127301668355394,1.3715676370009983e-38,True,False,244,7
mae_mm,,24,ifs_ens_mean,tier2_emos_ifs_ens,7.869930859616025,7.053574426028696,0.8163564335873286,0.6797437360280171,0.9864646400511171,2.0720992146536416e-72,True,False,244,7
csi,7.5,24,ifs_ens_mean,tier2_emos_ifs_ens,0.3687866273196889,0.3780428048032902,0.009256177483601302,0.007024212298035422,0.011591675623227578,,True,False,244,7
sedi,7.5,24,ifs_ens_mean,tier2_emos_ifs_ens,0.5642282965112893,0.580266012871533,0.01603771636024376,0.012030253680527328,0.020901622083201732,,True,False,244,7
csi,64.5,24,ifs_ens_mean,tier2_emos_ifs_ens,0.11148664078556748,0.031368880573744935,-0.08011776021182254,-0.09667445304253873,-0.06404659490455876,,True,False,244,7
sedi,64.5,24,ifs_ens_mean,tier2_emos_ifs_ens,0.48444457062220886,0.36668944394219016,-0.1177551266800187,-0.152154896034695,-0.08328864621444675,,True,False,244,7
csi,115.6,24,ifs_ens_mean,tier2_emos_ifs_ens,0.04658227848101266,0.0019808517662594917,-0.044601426714753166,-0.06463352110466296,-0.026084970183436144,,True,False,244,7
sedi,115.6,24,ifs_ens_mean,tier2_emos_ifs_ens,0.4377192749821039,0.2524561853598485,-0.1852630896222554,-0.2724102383849476,-0.09439340790432224,,True,False,244,7
csi,204.5,24,ifs_ens_mean,tier2_emos_ifs_ens,0.008571428571428572,0.0,-0.008571428571428572,-0.01823320761494253,0.0,,False,False,244,7
sedi,204.5,24,ifs_ens_mean,tier2_emos_ifs_ens,0.3713998564000143,,,,,,False,False,244,7
rmse_mm,,24,phase2_lagged_graphcast,best_single_member_on_train,13.849633359628827,14.55619411014247,-0.7065607505136438,-0.8580381610927442,-0.5834387200505454,1.7315766731230507e-27,True,False,244,7
mae_mm,,24,phase2_lagged_graphcast,best_single_member_on_train,7.345909362300579,7.431167048703481,-0.08525768640290199,-0.1437251387454249,-0.03391945936898664,0.0003112174208202853,True,False,244,7
csi,7.5,24,phase2_lagged_graphcast,best_single_member_on_train,0.37996871082377565,0.3629148067407177,-0.017053904083057958,-0.020678386157189626,-0.013588200882891182,,True,False,244,7
sedi,7.5,24,phase2_lagged_graphcast,best_single_member_on_train,0.5830316311004893,0.5454833483880719,-0.03754828271241739,-0.04385312427886613,-0.03085060429055765,,True,False,244,7
csi,64.5,24,phase2_lagged_graphcast,best_single_member_on_train,0.09572909317848809,0.10024061597690087,0.004511522798412784,-0.0017352162470132537,0.011418115250931544,,False,False,244,7
sedi,64.5,24,phase2_lagged_graphcast,best_single_member_on_train,0.4699685985657358,0.46402062555981294,-0.005947973005922869,-0.020521757541004812,0.007942679478074154,,False,False,244,7
csi,115.6,24,phase2_lagged_graphcast,best_single_member_on_train,0.0290955091714105,0.05475738682569802,0.025661877654287523,0.010140233937041629,0.04065003193393969,,True,False,244,7
sedi,115.6,24,phase2_lagged_graphcast,best_single_member_on_train,0.4350272147371352,0.46898807028667866,0.03396085554954348,-0.0027070827701203984,0.07344856000645139,,False,False,244,7
csi,204.5,24,phase2_lagged_graphcast,best_single_member_on_train,0.0,0.021148036253776436,0.021148036253776436,-0.0,0.04651464031811061,,False,False,244,7
sedi,204.5,24,phase2_lagged_graphcast,best_single_member_on_train,,0.47467774292241305,,,,,False,False,244,7
rmse_mm,,24,phase2_lagged_graphcast,climatology,13.849633359628827,14.522378568473306,-0.6727452088444785,-0.9595438350308392,-0.3644167839306527,6.757073581319073e-08,True,False,244,7
mae_mm,,24,phase2_lagged_graphcast,climatology,7.345909362300579,7.988357690202983,-0.6424483279024047,-0.9335787056654471,-0.24491542442820927,1.2024491681272763e-11,True,False,244,7
brier,7.5,24,phase2_lagged_graphcast,climatology,0.2667669382433647,0.04288186420301255,0.22388507404035218,0.20494727058894396,0.24384343889411225,0.0,True,False,244,7
csi,7.5,24,phase2_lagged_graphcast,climatology,0.37996871082377565,0.303517899662035,-0.07645081116174063,-0.09510570948414472,-0.05775526144713213,,True,False,244,7
sedi,7.5,24,phase2_lagged_graphcast,climatology,0.5830316311004893,0.4123212034694355,-0.17071042763105376,-0.2079199485480076,-0.13209191610859153,,True,False,244,7
brier,64.5,24,phase2_lagged_graphcast,climatology,0.005075744953238869,0.003428480957173395,0.001647263996065474,0.0011940904545450527,0.0024026936479206625,2.7201115538084757e-21,True,False,244,7
csi,64.5,24,phase2_lagged_graphcast,climatology,0.09572909317848809,0.0,-0.09572909317848809,-0.12603377347559927,-0.06847031628070684,,True,False,244,7
sedi,64.5,24,phase2_lagged_graphcast,climatology,0.4699685985657358,,,,,,False,False,244,7
brier,115.6,24,phase2_lagged_graphcast,climatology,0.0007855391291659848,0.0006926535152204265,9.288561394555825e-05,4.965068772231858e-05,0.00015115247194549816,4.2766677735417367e-07,True,False,244,7
csi,115.6,24,phase2_lagged_graphcast,climatology,0.0290955091714105,0.0,-0.0290955091714105,-0.051930446378439084,-0.010431070097323561,,True,False,244,7
sedi,115.6,24,phase2_lagged_graphcast,climatology,0.4350272147371352,,,,,,False,False,244,7
brier,204.5,24,phase2_lagged_graphcast,climatology,7.273737074218774e-05,7.062161199531952e-05,2.115758746868221e-06,7.165915519120588e-07,4.345323773849014e-06,0.0037916389905207066,True,False,244,7
csi,204.5,24,phase2_lagged_graphcast,climatology,0.0,0.0,-0.0,-0.0,0.0,,False,False,244,7
sedi,204.5,24,phase2_lagged_graphcast,climatology,,,,,,,False,False,244,7
rmse_mm,,24,phase2_lagged_graphcast,tier0,13.849633359628827,14.810538148475372,-0.9609047888465447,-1.137948965431818,-0.8123554374465689,7.769392840418743e-34,True,False,244,7
mae_mm,,24,phase2_lagged_graphcast,tier0,7.345909362300579,7.678222519808582,-0.33231315750800317,-0.4155362034871334,-0.2608534614490191,1.8420361550818916e-34,True,False,244,7
csi,7.5,24,phase2_lagged_graphcast,tier0,0.37996871082377565,0.3685788720356698,-0.011389838788105844,-0.014839373577978033,-0.007979593975413188,,True,False,244,7
sedi,7.5,24,phase2_lagged_graphcast,tier0,0.5830316311004893,0.5601812652904616,-0.02285036581002764,-0.02953397080416454,-0.016138829337176017,,True,False,244,7
csi,64.5,24,phase2_lagged_graphcast,tier0,0.09572909317848809,0.11123222964073216,0.015503136462244077,0.008477237374231847,0.023449670658567224,,True,False,244,7
sedi,64.5,24,phase2_lagged_graphcast,tier0,0.4699685985657358,0.48381960232473886,0.013851003759003055,0.0006293263720251284,0.029784550636120198,,True,False,244,7
csi,115.6,24,phase2_lagged_graphcast,tier0,0.0290955091714105,0.04934616333580064,0.020250654164390144,0.005031287429333444,0.034956056101602774,,True,False,244,7
sedi,115.6,24,phase2_lagged_graphcast,tier0,0.4350272147371352,0.44442620980625946,0.009398995069124283,-0.041408233974570614,0.0745165254723754,,False,False,244,7
csi,204.5,24,phase2_lagged_graphcast,tier0,0.0,0.016,0.016,0.002982911529309972,0.027849634897198695,,True,False,244,7
sedi,204.5,24,phase2_lagged_graphcast,tier0,,0.4228292676630606,,,,,False,False,244,7
rmse_mm,,24,phase2_lagged_graphcast,tier2_emos_graphcast,13.849633359628827,13.522716773760019,0.32691658586880834,0.2362156086048873,0.442994373799894,5.478918888884697e-11,True,False,244,7
mae_mm,,24,phase2_lagged_graphcast,tier2_emos_graphcast,7.345909362300579,7.02235604309862,0.3235533192019586,0.2419950577841628,0.42975118890864944,4.773221326345303e-28,True,False,244,7
brier,7.5,24,phase2_lagged_graphcast,tier2_emos_graphcast,0.2667669382433647,0.2199879200755326,0.046779018167832115,0.028383788994223648,0.060950405017559155,1.5429568128178787e-25,True,False,244,7
csi,7.5,24,phase2_lagged_graphcast,tier2_emos_graphcast,0.37996871082377565,0.37917091057241803,-0.0007978002513576166,-0.0013814944495552776,-0.0001260193664923484,,True,False,244,7
sedi,7.5,24,phase2_lagged_graphcast,tier2_emos_graphcast,0.5830316311004893,0.5833489386024562,0.0003173075019669014,-0.001256580580814065,0.0019279422722874695,,False,False,244,7
brier,64.5,24,phase2_lagged_graphcast,tier2_emos_graphcast,0.005075744953238869,0.013536338377352436,-0.008460593424113566,-0.010343438624374491,-0.006863746915560313,3.0982478686963265e-70,True,False,244,7
csi,64.5,24,phase2_lagged_graphcast,tier2_emos_graphcast,0.09572909317848809,0.023215766311627018,-0.07251332686686107,-0.09507852499275957,-0.05049428194769007,,True,False,244,7
sedi,64.5,24,phase2_lagged_graphcast,tier2_emos_graphcast,0.4699685985657358,0.365152921098385,-0.10481567746735082,-0.14701146699135292,-0.061330689756175186,,True,False,244,7
brier,115.6,24,phase2_lagged_graphcast,tier2_emos_graphcast,0.0007855391291659848,0.0025985280329392396,-0.0018129889037732548,-0.0023408958657393044,-0.0014094268970336278,4.4342470072450895e-37,True,False,244,7
csi,115.6,24,phase2_lagged_graphcast,tier2_emos_graphcast,0.0290955091714105,0.0009927200529450694,-0.028102789118465428,-0.05134123481031537,-0.008987404483536672,,True,False,244,7
sedi,115.6,24,phase2_lagged_graphcast,tier2_emos_graphcast,0.4350272147371352,0.21275534084083858,-0.2222718738962966,-0.3094960879376897,-0.10994372965764357,,True,False,244,7
brier,204.5,24,phase2_lagged_graphcast,tier2_emos_graphcast,7.273737074218774e-05,0.0002656642242107956,-0.00019292685346860785,-0.00026931600918764605,-0.00013618091913454786,2.0506248295454842e-14,True,False,244,7
csi,204.5,24,phase2_lagged_graphcast,tier2_emos_graphcast,0.0,0.0,-0.0,-0.0,0.0,,False,False,244,7
sedi,204.5,24,phase2_lagged_graphcast,tier2_emos_graphcast,,,,,,,False,False,244,7
rmse_mm,,24,phase2_lagged_graphcast,tier2_emos_ifs_ens,13.849633359628827,13.590719538942508,0.25891382068631863,0.14538121014666314,0.39759885467846345,1.612758778135756e-05,True,False,244,7
mae_mm,,24,phase2_lagged_graphcast,tier2_emos_ifs_ens,7.345909362300579,7.053574426028696,0.29233493627188256,0.17622377518194496,0.44783033220291424,7.140902532662312e-13,True,False,244,7
brier,7.5,24,phase2_lagged_graphcast,tier2_emos_ifs_ens,0.2667669382433647,0.1822030815550769,0.08456385668828784,0.0685401467479717,0.09856188228056106,3.585383924864357e-91,True,False,244,7
csi,7.5,24,phase2_lagged_graphcast,tier2_emos_ifs_ens,0.37996871082377565,0.3780428048032902,-0.001925906020485424,-0.0038593427574939872,6.990909595953036e-05,,False,False,244,7
sedi,7.5,24,phase2_lagged_graphcast,tier2_emos_ifs_ens,0.5830316311004893,0.580266012871533,-0.002765618228956268,-0.006936279460058509,0.0014373298903685371,,False,False,244,7
brier,64.5,24,phase2_lagged_graphcast,tier2_emos_ifs_ens,0.005075744953238869,0.014154993644099879,-0.009079248690861009,-0.010922217633921639,-0.007474732492952271,7.347407377742414e-78,True,False,244,7
csi,64.5,24,phase2_lagged_graphcast,tier2_emos_ifs_ens,0.09572909317848809,0.031368880573744935,-0.06436021260474314,-0.08695628922408938,-0.04239467409352742,,True,False,244,7
sedi,64.5,24,phase2_lagged_graphcast,tier2_emos_ifs_ens,0.4699685985657358,0.36668944394219016,-0.10327915462354564,-0.13663563729881187,-0.06901728571782523,,True,False,244,7
brier,115.6,24,phase2_lagged_graphcast,tier2_emos_ifs_ens,0.0007855391291659848,0.002919629316221924,-0.0021340901870559393,-0.0027263920762851924,-0.001679059481762612,9.35249803390406e-43,True,False,244,7
csi,115.6,24,phase2_lagged_graphcast,tier2_emos_ifs_ens,0.0290955091714105,0.0019808517662594917,-0.027114657405151007,-0.05084137497031679,-0.00839443028683648,,True,False,244,7
sedi,115.6,24,phase2_lagged_graphcast,tier2_emos_ifs_ens,0.4350272147371352,0.2524561853598485,-0.1825710293772867,-0.2762999695638775,-0.08025504516674506,,True,False,244,7
brier,204.5,24,phase2_lagged_graphcast,tier2_emos_ifs_ens,7.273737074218774e-05,0.00030194874867454946,-0.00022921137793236173,-0.00031477255627068246,-0.00016191362283828018,2.920990071492203e-17,True,False,244,7
csi,204.5,24,phase2_lagged_graphcast,tier2_emos_ifs_ens,0.0,0.0,-0.0,-0.0,0.0,,False,False,244,7
sedi,204.5,24,phase2_lagged_graphcast,tier2_emos_ifs_ens,,,,,,,False,False,244,7
rmse_mm,,24,tier0,best_single_member_on_train,14.810538148475372,14.55619411014247,0.254344038332901,0.13644157996418335,0.37875168949630356,8.041344050206878e-07,True,False,244,7
mae_mm,,24,tier0,best_single_member_on_train,7.678222519808582,7.431167048703481,0.24705547110510118,0.18436635003329085,0.3084919044253581,6.977495279697857e-33,True,False,244,7
csi,7.5,24,tier0,best_single_member_on_train,0.3685788720356698,0.3629148067407177,-0.005664065294952114,-0.008362874819531315,-0.003111054615916303,,True,False,244,7
sedi,7.5,24,tier0,best_single_member_on_train,0.5601812652904616,0.5454833483880719,-0.014697916902389752,-0.019291034757095777,-0.00975089902147823,,True,False,244,7
csi,64.5,24,tier0,best_single_member_on_train,0.11123222964073216,0.10024061597690087,-0.010991613663831293,-0.01750884372552203,-0.00503273170754513,,True,False,244,7
sedi,64.5,24,tier0,best_single_member_on_train,0.48381960232473886,0.46402062555981294,-0.019798976764925924,-0.03555376595559472,-0.007602257181554209,,True,False,244,7
csi,115.6,24,tier0,best_single_member_on_train,0.04934616333580064,0.05475738682569802,0.005411223489897379,-0.011881685596233791,0.02098074051768593,,False,False,244,7
sedi,115.6,24,tier0,best_single_member_on_train,0.44442620980625946,0.46898807028667866,0.024561860480419195,-0.029666605279797937,0.06145220001274771,,False,False,244,7
csi,204.5,24,tier0,best_single_member_on_train,0.016,0.021148036253776436,0.0051480362537764356,-0.013987687846041172,0.025099444831018624,,False,False,244,7
sedi,204.5,24,tier0,best_single_member_on_train,0.4228292676630606,0.47467774292241305,0.05184847525935243,-0.049823086867510316,0.13583266628188262,,False,False,244,7
rmse_mm,,24,tier0,climatology,14.810538148475372,14.522378568473306,0.2881595800020662,-0.05005554233362777,0.6831265138974368,0.04311437847520448,False,False,244,7
mae_mm,,24,tier0,climatology,7.678222519808582,7.988357690202983,-0.3101351703944015,-0.6066193697976672,0.09240166243426892,0.0021513342034386305,False,False,244,7
csi,7.5,24,tier0,climatology,0.3685788720356698,0.303517899662035,-0.06506097237363478,-0.08309483938207404,-0.04746707400296238,,True,False,244,7
sedi,7.5,24,tier0,climatology,0.5601812652904616,0.4123212034694355,-0.14786006182102612,-0.1855771665855374,-0.11048295936277622,,True,False,244,7
csi,64.5,24,tier0,climatology,0.11123222964073216,0.0,-0.11123222964073216,-0.13696547342669746,-0.0871579694642257,,True,False,244,7
sedi,64.5,24,tier0,climatology,0.48381960232473886,,,,,,False,False,244,7
csi,115.6,24,tier0,climatology,0.04934616333580064,0.0,-0.04934616333580064,-0.07177033398602889,-0.02580487970352394,,True,False,244,7
sedi,115.6,24,tier0,climatology,0.44442620980625946,,,,,,False,False,244,7
csi,204.5,24,tier0,climatology,0.016,0.0,-0.016,-0.027849634897198702,-0.002982911529309974,,True,False,244,7
sedi,204.5,24,tier0,climatology,0.4228292676630606,,,,,,False,False,244,7
rmse_mm,,24,tier0,tier2_emos_graphcast,14.810538148475372,13.522716773760019,1.287821374715353,1.1291014691935666,1.4964757689991854,2.9132980765626834e-38,True,False,244,7
mae_mm,,24,tier0,tier2_emos_graphcast,7.678222519808582,7.02235604309862,0.6558664767099618,0.5331270515630615,0.8022402811440875,2.2651555164088917e-53,True,False,244,7
csi,7.5,24,tier0,tier2_emos_graphcast,0.3685788720356698,0.37917091057241803,0.010592038536748227,0.007336640347763795,0.013875698008647158,,True,False,244,7
sedi,7.5,24,tier0,tier2_emos_graphcast,0.5601812652904616,0.5833489386024562,0.02316767331199454,0.016865791862430583,0.029313709036038225,,True,False,244,7
csi,64.5,24,tier0,tier2_emos_graphcast,0.11123222964073216,0.023215766311627018,-0.08801646332910515,-0.10879313392151171,-0.06686858170024047,,True,False,244,7
sedi,64.5,24,tier0,tier2_emos_graphcast,0.48381960232473886,0.365152921098385,-0.11866668122635388,-0.16985010394991845,-0.07199647822119053,,True,False,244,7
csi,115.6,24,tier0,tier2_emos_graphcast,0.04934616333580064,0.0009927200529450694,-0.048353443282855575,-0.07058652620897149,-0.02438370422435535,,True,False,244,7
sedi,115.6,24,tier0,tier2_emos_graphcast,0.44442620980625946,0.21275534084083858,-0.23167086896542088,-0.32641487834212524,-0.11708525987975288,,True,False,244,7
csi,204.5,24,tier0,tier2_emos_graphcast,0.016,0.0,-0.016,-0.027849634897198702,-0.002982911529309974,,True,False,244,7
sedi,204.5,24,tier0,tier2_emos_graphcast,0.4228292676630606,,,,,,False,False,244,7
rmse_mm,,24,tier0,tier2_emos_ifs_ens,14.810538148475372,13.590719538942508,1.2198186095328634,1.0701760512788145,1.4174475370296775,1.5770077686806675e-37,True,False,244,7
mae_mm,,24,tier0,tier2_emos_ifs_ens,7.678222519808582,7.053574426028696,0.6246480937798857,0.49263944883513244,0.7900425584230356,2.6591971264583825e-43,True,False,244,7
csi,7.5,24,tier0,tier2_emos_ifs_ens,0.3685788720356698,0.3780428048032902,0.00946393276762042,0.007539692398640578,0.011350122918246431,,True,False,244,7
sedi,7.5,24,tier0,tier2_emos_ifs_ens,0.5601812652904616,0.580266012871533,0.02008474758107137,0.016475126727613802,0.02358223340288088,,True,False,244,7
csi,64.5,24,tier0,tier2_emos_ifs_ens,0.11123222964073216,0.031368880573744935,-0.07986334906698722,-0.10061201692631466,-0.060968707158003885,,True,False,244,7
sedi,64.5,24,tier0,tier2_emos_ifs_ens,0.48381960232473886,0.36668944394219016,-0.1171301583825487,-0.1542058465793147,-0.08010556411605997,,True,False,244,7
csi,115.6,24,tier0,tier2_emos_ifs_ens,0.04934616333580064,0.0019808517662594917,-0.04736531156954115,-0.06998756080525517,-0.02284007392490555,,True,False,244,7
sedi,115.6,24,tier0,tier2_emos_ifs_ens,0.44442620980625946,0.2524561853598485,-0.19197002444641098,-0.28615593239824777,-0.08599769416807027,,True,False,244,7
csi,204.5,24,tier0,tier2_emos_ifs_ens,0.016,0.0,-0.016,-0.027849634897198702,-0.002982911529309974,,True,False,244,7
sedi,204.5,24,tier0,tier2_emos_ifs_ens,0.4228292676630606,,,,,,False,False,244,7
rmse_mm,,24,tier1_regional,best_single_member_on_train,14.323639175197052,14.55619411014247,-0.23255493494541923,-0.3529974361591148,-0.13599782439531072,4.3071955654531045e-07,True,False,244,7
mae_mm,,24,tier1_regional,best_single_member_on_train,7.575587103288852,7.431167048703481,0.1444200545853711,0.08051110667074819,0.20151530082094554,4.576971321303534e-13,True,False,244,7
csi,7.5,24,tier1_regional,best_single_member_on_train,0.37349891748611913,0.3629148067407177,-0.010584110745401443,-0.01344398199993158,-0.008026547299256098,,True,False,244,7
sedi,7.5,24,tier1_regional,best_single_member_on_train,0.5713303371711647,0.5454833483880719,-0.025846988783092772,-0.030576925521185523,-0.020703536225004687,,True,False,244,7
csi,64.5,24,tier1_regional,best_single_member_on_train,0.11440843420538852,0.10024061597690087,-0.014167818228487644,-0.02137114247337443,-0.00803363036090106,,True,False,244,7
sedi,64.5,24,tier1_regional,best_single_member_on_train,0.4927739969910749,0.46402062555981294,-0.028753371431261943,-0.04618382244336111,-0.015912503933698235,,True,False,244,7
csi,115.6,24,tier1_regional,best_single_member_on_train,0.053318522632602054,0.05475738682569802,0.0014388641930959678,-0.009182860603446176,0.011395736057006434,,False,False,244,7
sedi,115.6,24,tier1_regional,best_single_member_on_train,0.46856587221663293,0.46898807028667866,0.00042219807004573173,-0.030980556347293367,0.02165310009426073,,False,False,244,7
csi,204.5,24,tier1_regional,best_single_member_on_train,0.012345679012345678,0.021148036253776436,0.008802357241430758,-0.0,0.01847196920454738,,False,False,244,7
sedi,204.5,24,tier1_regional,best_single_member_on_train,0.42902171555987617,0.47467774292241305,0.04565602736253688,0.01881037289126985,0.06911412609429522,,True,False,244,7
rmse_mm,,24,tier1_regional,climatology,14.323639175197052,14.522378568473306,-0.198739393276254,-0.5482851267287856,0.16538349350017334,0.1482071287296349,False,False,244,7
mae_mm,,24,tier1_regional,climatology,7.575587103288852,7.988357690202983,-0.4127705869141316,-0.7050549881488913,-0.025302456999228173,2.51366195501823e-05,True,False,244,7
csi,7.5,24,tier1_regional,climatology,0.37349891748611913,0.303517899662035,-0.06998101782408411,-0.08786734735319834,-0.05230712855338844,,True,False,244,7
sedi,7.5,24,tier1_regional,climatology,0.5713303371711647,0.4123212034694355,-0.15900913370172914,-0.1969271075997642,-0.12167556649610162,,True,False,244,7
csi,64.5,24,tier1_regional,climatology,0.11440843420538852,0.0,-0.11440843420538852,-0.1416614923835231,-0.08835849890575292,,True,False,244,7
sedi,64.5,24,tier1_regional,climatology,0.4927739969910749,,,,,,False,False,244,7
csi,115.6,24,tier1_regional,climatology,0.053318522632602054,0.0,-0.053318522632602054,-0.08126482218001928,-0.0275852610808243,,True,False,244,7
sedi,115.6,24,tier1_regional,climatology,0.46856587221663293,,,,,,False,False,244,7
csi,204.5,24,tier1_regional,climatology,0.012345679012345678,0.0,-0.012345679012345678,-0.028072646404744255,0.0,,False,False,244,7
sedi,204.5,24,tier1_regional,climatology,0.42902171555987617,,,,,,False,False,244,7
rmse_mm,,24,tier1_regional,tier0,14.323639175197052,14.810538148475372,-0.4868989732783202,-0.5600714833349008,-0.4264302348794507,1.0337739852341445e-53,True,False,244,7
mae_mm,,24,tier1_regional,tier0,7.575587103288852,7.678222519808582,-0.10263541651973007,-0.13035978674343188,-0.08083009768102888,8.808044842138659e-36,True,False,244,7
csi,7.5,24,tier1_regional,tier0,0.37349891748611913,0.3685788720356698,-0.0049200454504493285,-0.005919425495882052,-0.0039919421368888935,,True,False,244,7
sedi,7.5,24,tier1_regional,tier0,0.5713303371711647,0.5601812652904616,-0.011149071880703021,-0.013013367543607185,-0.009378345321788493,,True,False,244,7
csi,64.5,24,tier1_regional,tier0,0.11440843420538852,0.11123222964073216,-0.0031762045646563514,-0.006665650387437102,5.0603642868274615e-05,,False,False,244,7
sedi,64.5,24,tier1_regional,tier0,0.4927739969910749,0.48381960232473886,-0.008954394666336019,-0.014883639147616725,-0.0034828456783542534,,True,False,244,7
csi,115.6,24,tier1_regional,tier0,0.053318522632602054,0.04934616333580064,-0.0039723592968014115,-0.01329344981886315,0.004962578059782169,,False,False,244,7
sedi,115.6,24,tier1_regional,tier0,0.46856587221663293,0.44442620980625946,-0.024139662410373464,-0.04817358823682392,0.0020900278556703305,,False,False,244,7
csi,204.5,24,tier1_regional,tier0,0.012345679012345678,0.016,0.003654320987654322,-0.008055232835481903,0.01773124826367742,,False,False,244,7
sedi,204.5,24,tier1_regional,tier0,0.42902171555987617,0.4228292676630606,-0.006192447896815556,-0.09238612784777062,0.10844103257057984,,False,False,244,7
rmse_mm,,24,tier1_regional,tier2_emos_graphcast,14.323639175197052,13.522716773760019,0.8009224014370329,0.6443539764894796,0.9790026896723819,7.381375216703526e-23,True,False,244,7
mae_mm,,24,tier1_regional,tier2_emos_graphcast,7.575587103288852,7.02235604309862,0.5532310601902317,0.4429453112724051,0.6791599324579654,6.098209988706086e-47,True,False,244,7
csi,7.5,24,tier1_regional,tier2_emos_graphcast,0.37349891748611913,0.37917091057241803,0.005671993086298899,0.002562311153573195,0.008652399417364428,,True,False,244,7
sedi,7.5,24,tier1_regional,tier2_emos_graphcast,0.5713303371711647,0.5833489386024562,0.01201860143129152,0.005807533071442791,0.01798355011579671,,True,False,244,7
csi,64.5,24,tier1_regional,tier2_emos_graphcast,0.11440843420538852,0.023215766311627018,-0.0911926678937615,-0.11302343511966208,-0.06992159030177093,,True,False,244,7
sedi,64.5,24,tier1_regional,tier2_emos_graphcast,0.4927739969910749,0.365152921098385,-0.1276210758926899,-0.17884390518787932,-0.08214837193020871,,True,False,244,7
csi,115.6,24,tier1_regional,tier2_emos_graphcast,0.053318522632602054,0.0009927200529450694,-0.05232580257965699,-0.08049520496440861,-0.026124765048994976,,True,False,244,7
sedi,115.6,24,tier1_regional,tier2_emos_graphcast,0.46856587221663293,0.21275534084083858,-0.25581053137579435,-0.3444981311295846,-0.1480111309757696,,True,False,244,7
csi,204.5,24,tier1_regional,tier2_emos_graphcast,0.012345679012345678,0.0,-0.012345679012345678,-0.028072646404744255,0.0,,False,False,244,7
sedi,204.5,24,tier1_regional,tier2_emos_graphcast,0.42902171555987617,,,,,,False,False,244,7
rmse_mm,,24,tier1_regional,tier2_emos_ifs_ens,14.323639175197052,13.590719538942508,0.7329196362545431,0.5899445935672789,0.9028910565348921,4.931008061440912e-21,True,False,244,7
mae_mm,,24,tier1_regional,tier2_emos_ifs_ens,7.575587103288852,7.053574426028696,0.5220126772601557,0.40244210442010275,0.6669196483908802,7.094978680112424e-37,True,False,244,7
csi,7.5,24,tier1_regional,tier2_emos_ifs_ens,0.37349891748611913,0.3780428048032902,0.004543887317171091,0.0030793778159172976,0.006013869951975732,,True,False,244,7
sedi,7.5,24,tier1_regional,tier2_emos_ifs_ens,0.5713303371711647,0.580266012871533,0.00893567570036835,0.005900023834554527,0.011902023553534074,,True,False,244,7
csi,64.5,24,tier1_regional,tier2_emos_ifs_ens,0.11440843420538852,0.031368880573744935,-0.08303955363164359,-0.1042127822836075,-0.06327752238355863,,True,False,244,7
sedi,64.5,24,tier1_regional,tier2_emos_ifs_ens,0.4927739969910749,0.36668944394219016,-0.12608455304888472,-0.16173179070262483,-0.09142035431388236,,True,False,244,7
csi,115.6,24,tier1_regional,tier2_emos_ifs_ens,0.053318522632602054,0.0019808517662594917,-0.05133767086634256,-0.07949511353054975,-0.0248867673917703,,True,False,244,7
sedi,115.6,24,tier1_regional,tier2_emos_ifs_ens,0.46856587221663293,0.2524561853598485,-0.21610968685678444,-0.3089382177627241,-0.11373594417214614,,True,False,244,7
csi,204.5,24,tier1_regional,tier2_emos_ifs_ens,0.012345679012345678,0.0,-0.012345679012345678,-0.028072646404744255,0.0,,False,False,244,7
sedi,204.5,24,tier1_regional,tier2_emos_ifs_ens,0.42902171555987617,,,,,,False,False,244,7
rmse_mm,,24,tier2_bma,best_single_member_on_train,26.64918818137526,14.55619411014247,12.092994071232788,3.2439350866819954,19.946495739054996,0.028931196477524963,True,False,244,7
mae_mm,,24,tier2_bma,best_single_member_on_train,7.233253229074824,7.431167048703481,-0.19791381962865628,-0.3887624840237436,-0.027496843985061564,0.006739490170535984,True,False,244,7
csi,7.5,24,tier2_bma,best_single_member_on_train,0.3794697128916472,0.3629148067407177,-0.016554906150929527,-0.019830244797916917,-0.013507654664124237,,True,False,244,7
sedi,7.5,24,tier2_bma,best_single_member_on_train,0.5826411103876767,0.5454833483880719,-0.037157761999604855,-0.04293119982816783,-0.0315235308503154,,True,False,244,7
csi,64.5,24,tier2_bma,best_single_member_on_train,0.04539067750015273,0.10024061597690087,0.05484993847674814,0.036675667401724156,0.07554405856604501,,True,False,244,7
sedi,64.5,24,tier2_bma,best_single_member_on_train,0.39683827909455277,0.46402062555981294,0.06718234646526017,0.030474671427391724,0.10455339686689175,,True,False,244,7
csi,115.6,24,tier2_bma,best_single_member_on_train,0.012940795858945324,0.05475738682569802,0.0418165909667527,0.020823197197630153,0.06431187220436235,,True,False,244,7
sedi,115.6,24,tier2_bma,best_single_member_on_train,0.36988310748548786,0.46898807028667866,0.0991049628011908,0.05268653145014869,0.18984531318432402,,True,False,244,7
csi,204.5,24,tier2_bma,best_single_member_on_train,0.0,0.021148036253776436,0.021148036253776436,-0.0,0.04651464031811061,,False,False,244,7
sedi,204.5,24,tier2_bma,best_single_member_on_train,,0.47467774292241305,,,,,False,False,244,7
rmse_mm,,24,tier2_bma,climatology,26.64918818137526,14.522378568473306,12.126809612901953,3.3855932268307054,19.823687470990496,0.02845382091858854,True,False,244,7
mae_mm,,24,tier2_bma,climatology,7.233253229074824,7.988357690202983,-0.755104461128159,-1.0227083029381314,-0.4448390594720922,1.0390847602331137e-14,True,False,244,7
crps_mm,,24,tier2_bma,climatology,4.643212299429356,4.988066905447064,-0.3448546060177078,-0.6013870423725811,-0.13052848816394005,5.059045038364539e-05,True,False,244,7
brier,7.5,24,tier2_bma,climatology,0.14382784106335839,0.04288186420301255,0.10094597686034584,0.09392795496031896,0.10966736209770747,0.0,True,False,244,7
csi,7.5,24,tier2_bma,climatology,0.3794697128916472,0.303517899662035,-0.0759518132296122,-0.09452475660368365,-0.05783801652379782,,True,False,244,7
sedi,7.5,24,tier2_bma,climatology,0.5826411103876767,0.4123212034694355,-0.17031990691824123,-0.2080209046216909,-0.13244468348425403,,True,False,244,7
brier,64.5,24,tier2_bma,climatology,0.012380163760744302,0.003428480957173395,0.008951682803570907,0.0076590961950056494,0.010665617295845578,5.593350353481506e-102,True,False,244,7
csi,64.5,24,tier2_bma,climatology,0.04539067750015273,0.0,-0.04539067750015273,-0.06385725131321665,-0.030005039210621094,,True,False,244,7
sedi,64.5,24,tier2_bma,climatology,0.39683827909455277,,,,,,False,False,244,7
brier,115.6,24,tier2_bma,climatology,0.0025706478475852456,0.0006926535152204265,0.001877994332364819,0.001492611612134989,0.0024046492807805837,4.342289866388328e-43,True,False,244,7
csi,115.6,24,tier2_bma,climatology,0.012940795858945324,0.0,-0.012940795858945324,-0.027878312372446507,-0.0018590104100516898,,True,False,244,7
sedi,115.6,24,tier2_bma,climatology,0.36988310748548786,,,,,,False,False,244,7
brier,204.5,24,tier2_bma,climatology,0.00028809564554716893,7.062161199531952e-05,0.0002174740335518494,0.00015460470375416315,0.0003008946620540572,5.14394694777886e-17,True,False,244,7
csi,204.5,24,tier2_bma,climatology,0.0,0.0,-0.0,-0.0,0.0,,False,False,244,7
sedi,204.5,24,tier2_bma,climatology,,,,,,,False,False,244,7
rmse_mm,,24,tier2_bma,tier0,26.64918818137526,14.810538148475372,11.838650032899887,2.9974088151574256,19.63374092033745,0.031060570586692513,True,False,244,7
mae_mm,,24,tier2_bma,tier0,7.233253229074824,7.678222519808582,-0.44496929073375746,-0.6160702934341483,-0.2950244552592776,1.5034073673945638e-10,True,False,244,7
csi,7.5,24,tier2_bma,tier0,0.3794697128916472,0.3685788720356698,-0.010890840855977413,-0.013681938743474373,-0.008289668675556918,,True,False,244,7
sedi,7.5,24,tier2_bma,tier0,0.5826411103876767,0.5601812652904616,-0.022459845097215103,-0.027769454312968622,-0.017325859163602457,,True,False,244,7
csi,64.5,24,tier2_bma,tier0,0.04539067750015273,0.11123222964073216,0.06584155214057943,0.04883488249312541,0.08500048191274091,,True,False,244,7
sedi,64.5,24,tier2_bma,tier0,0.39683827909455277,0.48381960232473886,0.08698132323018609,0.05553921161665767,0.1213699901465895,,True,False,244,7
csi,115.6,24,tier2_bma,tier0,0.012940795858945324,0.04934616333580064,0.03640536747685532,0.020220558869646132,0.05435413733090316,,True,False,244,7
sedi,115.6,24,tier2_bma,tier0,0.36988310748548786,0.44442620980625946,0.0745431023207716,0.01798734576252687,0.19266694835852122,,True,False,244,7
csi,204.5,24,tier2_bma,tier0,0.0,0.016,0.016,0.002982911529309972,0.027849634897198695,,True,False,244,7
sedi,204.5,24,tier2_bma,tier0,,0.4228292676630606,,,,,False,False,244,7
rmse_mm,,24,tier2_bma,tier2_emos_graphcast,26.64918818137526,13.522716773760019,13.12647140761524,4.328142705218517,20.893599801903424,0.02088044619366011,True,False,244,7
mae_mm,,24,tier2_bma,tier2_emos_graphcast,7.233253229074824,7.02235604309862,0.21089718597620433,0.08481883585852935,0.3557244668984307,0.0008503925569227002,True,False,244,7
crps_mm,,24,tier2_bma,tier2_emos_graphcast,4.643212299429356,4.5457035411574,0.09750875827195582,-0.11149873329603704,0.2727966619907678,0.1799936568545174,False,False,244,7
brier,7.5,24,tier2_bma,tier2_emos_graphcast,0.14382784106335839,0.2199879200755326,-0.07616007901217423,-0.08624309241069092,-0.06776747418296203,2.1204867775653386e-127,True,False,244,7
csi,7.5,24,tier2_bma,tier2_emos_graphcast,0.3794697128916472,0.37917091057241803,-0.00029880231922918554,-0.0013725515094479125,0.0006502639182307644,,False,False,244,7
sedi,7.5,24,tier2_bma,tier2_emos_graphcast,0.5826411103876767,0.5833489386024562,0.0007078282147794379,-0.0017393826638455456,0.002702592718153218,,False,False,244,7
brier,64.5,24,tier2_bma,tier2_emos_graphcast,0.012380163760744302,0.013536338377352436,-0.0011561746166081337,-0.0015277893259802212,-0.000889088136699804,6.598821432187442e-17,True,False,244,7
csi,64.5,24,tier2_bma,tier2_emos_graphcast,0.04539067750015273,0.023215766311627018,-0.02217491118852571,-0.03780920492929916,-0.009142456919235084,,True,False,244,7
sedi,64.5,24,tier2_bma,tier2_emos_graphcast,0.39683827909455277,0.365152921098385,-0.031685357996167784,-0.0805648015452478,0.01633659013074202,,False,False,244,7
brier,115.6,24,tier2_bma,tier2_emos_graphcast,0.0025706478475852456,0.0025985280329392396,-2.7880185353993964e-05,-8.34075252422869e-05,2.400145283344582e-05,0.1755237720929057,False,False,244,7
csi,115.6,24,tier2_bma,tier2_emos_graphcast,0.012940795858945324,0.0009927200529450694,-0.011948075806000255,-0.026930408251868238,-0.0009210425461809612,,True,False,244,7
sedi,115.6,24,tier2_bma,tier2_emos_graphcast,0.36988310748548786,0.21275534084083858,-0.15712776664464928,-0.2574584166961399,0.008127406307109737,,False,False,244,7
brier,204.5,24,tier2_bma,tier2_emos_graphcast,0.00028809564554716893,0.0002656642242107956,2.2431421336373345e-05,9.624290596299763e-06,4.048745118743227e-05,0.0020499839835234745,True,False,244,7
csi,204.5,24,tier2_bma,tier2_emos_graphcast,0.0,0.0,-0.0,-0.0,0.0,,False,False,244,7
sedi,204.5,24,tier2_bma,tier2_emos_graphcast,,,,,,,False,False,244,7
rmse_mm,,24,tier2_bma,tier2_emos_ifs_ens,26.64918818137526,13.590719538942508,13.05846864243275,4.247242920489758,20.851216512667936,0.02131027189315305,True,False,244,7
mae_mm,,24,tier2_bma,tier2_emos_ifs_ens,7.233253229074824,7.053574426028696,0.17967880304612827,0.055082768657840064,0.3348154999526253,0.005944497826835482,True,False,244,7
crps_mm,,24,tier2_bma,tier2_emos_ifs_ens,4.643212299429356,4.579076240651639,0.06413605877771733,-0.1495226139860387,0.24058736264453048,0.3857367296033565,False,False,244,7
brier,7.5,24,tier2_bma,tier2_emos_ifs_ens,0.14382784106335839,0.1822030815550769,-0.038375240491718504,-0.04323618061126626,-0.03419695026315607,2.53484713564176e-95,True,False,244,7
csi,7.5,24,tier2_bma,tier2_emos_ifs_ens,0.3794697128916472,0.3780428048032902,-0.001426908088356993,-0.002747630817531746,-0.00021348015976491305,,True,False,244,7
sedi,7.5,24,tier2_bma,tier2_emos_ifs_ens,0.5826411103876767,0.580266012871533,-0.0023750975161437315,-0.0052651320245615555,0.0001772467690283438,,False,False,244,7
brier,64.5,24,tier2_bma,tier2_emos_ifs_ens,0.012380163760744302,0.014154993644099879,-0.0017748298833555765,-0.0022230436485229424,-0.0014268611114300093,1.8268956963270245e-26,True,False,244,7
csi,64.5,24,tier2_bma,tier2_emos_ifs_ens,0.04539067750015273,0.031368880573744935,-0.014021796926407794,-0.029969305847597362,-0.0008884303398631034,,True,False,244,7
sedi,64.5,24,tier2_bma,tier2_emos_ifs_ens,0.39683827909455277,0.36668944394219016,-0.030148835152362607,-0.06903585018264737,0.007579559083016879,,False,False,244,7
brier,115.6,24,tier2_bma,tier2_emos_ifs_ens,0.0025706478475852456,0.002919629316221924,-0.00034898146863667845,-0.00048490445027802985,-0.00024355295431431089,3.380397330312699e-14,True,False,244,7
csi,115.6,24,tier2_bma,tier2_emos_ifs_ens,0.012940795858945324,0.0019808517662594917,-0.010959944092685832,-0.02606237798226957,0.0003579701898668925,,False,False,244,7
sedi,115.6,24,tier2_bma,tier2_emos_ifs_ens,0.36988310748548786,0.2524561853598485,-0.11742692212563938,-0.22177109844938736,0.035306699143324,,False,False,244,7
brier,204.5,24,tier2_bma,tier2_emos_ifs_ens,0.00028809564554716893,0.00030194874867454946,-1.3853103127380527e-05,-3.169089747777523e-05,4.781385634811833e-06,0.06705382878836665,False,False,244,7
csi,204.5,24,tier2_bma,tier2_emos_ifs_ens,0.0,0.0,-0.0,-0.0,0.0,,False,False,244,7
sedi,204.5,24,tier2_bma,tier2_emos_ifs_ens,,,,,,,False,False,244,7
rmse_mm,,24,tier2_emos_graphcast,best_single_member_on_train,13.522716773760019,14.55619411014247,-1.033477336382452,-1.2230365408046098,-0.8808463785519886,1.4291288591376374e-32,True,False,244,7
mae_mm,,24,tier2_emos_graphcast,best_single_member_on_train,7.02235604309862,7.431167048703481,-0.4088110056048606,-0.5451398375527935,-0.29546921191839887,2.3320714674754193e-25,True,False,244,7
csi,7.5,24,tier2_emos_graphcast,best_single_member_on_train,0.37917091057241803,0.3629148067407177,-0.01625610383170034,-0.019890960644064714,-0.013009591881790825,,True,False,244,7
sedi,7.5,24,tier2_emos_graphcast,best_single_member_on_train,0.5833489386024562,0.5454833483880719,-0.03786559021438429,-0.0438458964514251,-0.031523346805591,,True,False,244,7
csi,64.5,24,tier2_emos_graphcast,best_single_member_on_train,0.023215766311627018,0.10024061597690087,0.07702484966527386,0.05630503887072222,0.10055649229955979,,True,False,244,7
sedi,64.5,24,tier2_emos_graphcast,best_single_member_on_train,0.365152921098385,0.46402062555981294,0.09886770446142795,0.048410041910695166,0.1474808306231611,,True,False,244,7
csi,115.6,24,tier2_emos_graphcast,best_single_member_on_train,0.0009927200529450694,0.05475738682569802,0.053764666772752955,0.023892783393876686,0.08661726394713432,,True,False,244,7
sedi,115.6,24,tier2_emos_graphcast,best_single_member_on_train,0.21275534084083858,0.46898807028667866,0.2562327294458401,0.14207674983756602,0.3440108694994794,,True,False,244,7
csi,204.5,24,tier2_emos_graphcast,best_single_member_on_train,0.0,0.021148036253776436,0.021148036253776436,-0.0,0.04651464031811061,,False,False,244,7
sedi,204.5,24,tier2_emos_graphcast,best_single_member_on_train,,0.47467774292241305,,,,,False,False,244,7
rmse_mm,,24,tier2_emos_graphcast,climatology,13.522716773760019,14.522378568473306,-0.9996617947132869,-1.2607518058414011,-0.7343767847362915,8.005929496879724e-26,True,False,244,7
mae_mm,,24,tier2_emos_graphcast,climatology,7.02235604309862,7.988357690202983,-0.9660016471043633,-1.2171705210458112,-0.6470919241192317,4.7243040433615995e-40,True,False,244,7
crps_mm,,24,tier2_emos_graphcast,climatology,4.5457035411574,4.988066905447064,-0.4423633642896636,-0.5392960887763293,-0.344903121474714,9.485550605586173e-46,True,False,244,7
brier,7.5,24,tier2_emos_graphcast,climatology,0.2199879200755326,0.04288186420301255,0.17710605587252007,0.16213818098645277,0.19564830348404574,0.0,True,False,244,7
csi,7.5,24,tier2_emos_graphcast,climatology,0.37917091057241803,0.303517899662035,-0.07565301091038301,-0.09417066689505559,-0.05702789073915549,,True,False,244,7
sedi,7.5,24,tier2_emos_graphcast,climatology,0.5833489386024562,0.4123212034694355,-0.17102773513302066,-0.20845102619293934,-0.13160529512362368,,True,False,244,7
brier,64.5,24,tier2_emos_graphcast,climatology,0.013536338377352436,0.003428480957173395,0.01010785742017904,0.00873960910590253,0.012036255279948508,1.4449032395452328e-98,True,False,244,7
csi,64.5,24,tier2_emos_graphcast,climatology,0.023215766311627018,0.0,-0.023215766311627018,-0.03551423979889817,-0.013161626197640245,,True,False,244,7
sedi,64.5,24,tier2_emos_graphcast,climatology,0.365152921098385,,,,,,False,False,244,7
brier,115.6,24,tier2_emos_graphcast,climatology,0.0025985280329392396,0.0006926535152204265,0.001905874517718813,0.0015085145847227677,0.0024441087467163285,1.0992725795078711e-39,True,False,244,7
csi,115.6,24,tier2_emos_graphcast,climatology,0.0009927200529450694,0.0,-0.0009927200529450694,-0.002570776799568573,0.0,,False,False,244,7
sedi,115.6,24,tier2_emos_graphcast,climatology,0.21275534084083858,,,,,,False,False,244,7
brier,204.5,24,tier2_emos_graphcast,climatology,0.0002656642242107956,7.062161199531952e-05,0.00019504261221547605,0.000137886611003277,0.00027346805717422794,1.8540760706566994e-14,True,False,244,7
csi,204.5,24,tier2_emos_graphcast,climatology,0.0,0.0,-0.0,-0.0,0.0,,False,False,244,7
sedi,204.5,24,tier2_emos_graphcast,climatology,,,,,,,False,False,244,7
rmse_mm,,24,tier2_emos_graphcast,tier0,13.522716773760019,14.810538148475372,-1.287821374715353,-1.4964757689991854,-1.1291014691935666,2.9132980765626834e-38,True,False,244,7
mae_mm,,24,tier2_emos_graphcast,tier0,7.02235604309862,7.678222519808582,-0.6558664767099618,-0.8022402811440875,-0.5331270515630615,2.2651555164088917e-53,True,False,244,7
csi,7.5,24,tier2_emos_graphcast,tier0,0.37917091057241803,0.3685788720356698,-0.010592038536748227,-0.01387569800864716,-0.007336640347763795,,True,False,244,7
sedi,7.5,24,tier2_emos_graphcast,tier0,0.5833489386024562,0.5601812652904616,-0.02316767331199454,-0.029313709036038228,-0.016865791862430587,,True,False,244,7
csi,64.5,24,tier2_emos_graphcast,tier0,0.023215766311627018,0.11123222964073216,0.08801646332910515,0.06686858170024046,0.1087931339215117,,True,False,244,7
sedi,64.5,24,tier2_emos_graphcast,tier0,0.365152921098385,0.48381960232473886,0.11866668122635388,0.07199647822119053,0.16985010394991845,,True,False,244,7
csi,115.6,24,tier2_emos_graphcast,tier0,0.0009927200529450694,0.04934616333580064,0.048353443282855575,0.024383704224355342,0.07058652620897148,,True,False,244,7
sedi,115.6,24,tier2_emos_graphcast,tier0,0.21275534084083858,0.44442620980625946,0.23167086896542088,0.11708525987975288,0.32641487834212524,,True,False,244,7
csi,204.5,24,tier2_emos_graphcast,tier0,0.0,0.016,0.016,0.002982911529309972,0.027849634897198695,,True,False,244,7
sedi,204.5,24,tier2_emos_graphcast,tier0,,0.4228292676630606,,,,,False,False,244,7
rmse_mm,,24,tier2_emos_graphcast,tier2_emos_ifs_ens,13.522716773760019,13.590719538942508,-0.06800276518248971,-0.11328581025978676,-0.020020583217734124,0.0030415011443336313,True,False,244,7
mae_mm,,24,tier2_emos_graphcast,tier2_emos_ifs_ens,7.02235604309862,7.053574426028696,-0.03121838293007606,-0.08473455108700385,0.02737892125499405,0.06358578614114895,False,False,244,7
crps_mm,,24,tier2_emos_graphcast,tier2_emos_ifs_ens,4.5457035411574,4.579076240651639,-0.03337269949423849,-0.05030872512971603,-0.016718853117832524,3.1712244499076574e-05,True,False,244,7
brier,7.5,24,tier2_emos_graphcast,tier2_emos_ifs_ens,0.2199879200755326,0.1822030815550769,0.03778483852045572,0.03227704845685702,0.044456421156238074,4.706764795083881e-81,True,False,244,7
csi,7.5,24,tier2_emos_graphcast,tier2_emos_ifs_ens,0.37917091057241803,0.3780428048032902,-0.0011281057691278074,-0.00299348469713865,0.0007470080785240889,,False,False,244,7
sedi,7.5,24,tier2_emos_graphcast,tier2_emos_ifs_ens,0.5833489386024562,0.580266012871533,-0.0030829257309231695,-0.0067385760178912514,0.000706032689266683,,False,False,244,7
brier,64.5,24,tier2_emos_graphcast,tier2_emos_ifs_ens,0.013536338377352436,0.014154993644099879,-0.0006186552667474428,-0.0009638741132189131,-0.00029913928743388466,8.88202404852291e-06,True,False,244,7
csi,64.5,24,tier2_emos_graphcast,tier2_emos_ifs_ens,0.023215766311627018,0.031368880573744935,0.008153114262117917,0.0014578363162023864,0.015255310535079426,,True,False,244,7
sedi,64.5,24,tier2_emos_graphcast,tier2_emos_ifs_ens,0.365152921098385,0.36668944394219016,0.001536522843805177,-0.027282464362734793,0.03460651360416053,,False,False,244,7
brier,115.6,24,tier2_emos_graphcast,tier2_emos_ifs_ens,0.0025985280329392396,0.002919629316221924,-0.0003211012832826845,-0.0004435381138171205,-0.00022395477529405815,1.60064172386279e-12,True,False,244,7
csi,115.6,24,tier2_emos_graphcast,tier2_emos_ifs_ens,0.0009927200529450694,0.0019808517662594917,0.0009881317133144222,-0.0,0.002541948888236986,,False,False,244,7
sedi,115.6,24,tier2_emos_graphcast,tier2_emos_ifs_ens,0.21275534084083858,0.2524561853598485,0.039700844519009904,-0.025289102911142544,0.06315119406032532,,False,False,244,7
brier,204.5,24,tier2_emos_graphcast,tier2_emos_ifs_ens,0.0002656642242107956,0.00030194874867454946,-3.628452446375387e-05,-5.389147502771598e-05,-2.2429347004427273e-05,1.1098003966527551e-07,True,False,244,7
csi,204.5,24,tier2_emos_graphcast,tier2_emos_ifs_ens,0.0,0.0,-0.0,-0.0,0.0,,False,False,244,7
sedi,204.5,24,tier2_emos_graphcast,tier2_emos_ifs_ens,,,,,,,False,False,244,7
rmse_mm,,24,tier2_emos_ifs_ens,best_single_member_on_train,13.590719538942508,14.55619411014247,-0.9654745711999624,-1.152949735434183,-0.812602854246465,2.7543991737405483e-27,True,False,244,7
mae_mm,,24,tier2_emos_ifs_ens,best_single_member_on_train,7.053574426028696,7.431167048703481,-0.37759262267478455,-0.5481372013438336,-0.2393810505691675,1.4381983934146857e-16,True,False,244,7
csi,7.5,24,tier2_emos_ifs_ens,best_single_member_on_train,0.3780428048032902,0.3629148067407177,-0.015127998062572534,-0.018452230984111674,-0.012033589786062756,,True,False,244,7
sedi,7.5,24,tier2_emos_ifs_ens,best_single_member_on_train,0.580266012871533,0.5454833483880719,-0.03478266448346112,-0.04011009858316343,-0.029029898533286216,,True,False,244,7
csi,64.5,24,tier2_emos_ifs_ens,best_single_member_on_train,0.031368880573744935,0.10024061597690087,0.06887173540315594,0.046823938521475615,0.09306799771896271,,True,False,244,7
sedi,64.5,24,tier2_emos_ifs_ens,best_single_member_on_train,0.36668944394219016,0.46402062555981294,0.09733118161762278,0.05509750501171325,0.13842229525743138,,True,False,244,7
csi,115.6,24,tier2_emos_ifs_ens,best_single_member_on_train,0.0019808517662594917,0.05475738682569802,0.05277653505943853,0.02276660678471114,0.0865432949733582,,True,False,244,7
sedi,115.6,24,tier2_emos_ifs_ens,best_single_member_on_train,0.2524561853598485,0.46898807028667866,0.21653188492683018,0.10233878514200717,0.30901072821642067,,True,False,244,7
csi,204.5,24,tier2_emos_ifs_ens,best_single_member_on_train,0.0,0.021148036253776436,0.021148036253776436,-0.0,0.04651464031811061,,False,False,244,7
sedi,204.5,24,tier2_emos_ifs_ens,best_single_member_on_train,,0.47467774292241305,,,,,False,False,244,7
rmse_mm,,24,tier2_emos_ifs_ens,climatology,13.590719538942508,14.522378568473306,-0.9316590295307972,-1.1893392298617316,-0.6814868084324702,4.5287366052656796e-24,True,False,244,7
mae_mm,,24,tier2_emos_ifs_ens,climatology,7.053574426028696,7.988357690202983,-0.9347832641742873,-1.163344951523095,-0.6589055014361883,1.70143191153204e-43,True,False,244,7
crps_mm,,24,tier2_emos_ifs_ens,climatology,4.579076240651639,4.988066905447064,-0.4089906647954251,-0.506038756687456,-0.3153568454337245,2.174329001004036e-42,True,False,244,7
brier,7.5,24,tier2_emos_ifs_ens,climatology,0.1822030815550769,0.04288186420301255,0.13932121735206435,0.12905989355285524,0.1516503724325648,0.0,True,False,244,7
csi,7.5,24,tier2_emos_ifs_ens,climatology,0.3780428048032902,0.303517899662035,-0.0745249051412552,-0.09297804957887652,-0.056872372882299224,,True,False,244,7
sedi,7.5,24,tier2_emos_ifs_ens,climatology,0.580266012871533,0.4123212034694355,-0.1679448094020975,-0.2062216801694599,-0.12939867424620385,,True,False,244,7
brier,64.5,24,tier2_emos_ifs_ens,climatology,0.014154993644099879,0.003428480957173395,0.010726512686926483,0.009306056938151203,0.01261019942734729,3.544034062281197e-107,True,False,244,7
csi,64.5,24,tier2_emos_ifs_ens,climatology,0.031368880573744935,0.0,-0.031368880573744935,-0.04259163894298947,-0.0204698827342996,,True,False,244,7
sedi,64.5,24,tier2_emos_ifs_ens,climatology,0.36668944394219016,,,,,,False,False,244,7
brier,115.6,24,tier2_emos_ifs_ens,climatology,0.002919629316221924,0.0006926535152204265,0.0022269758010014977,0.0017737706195799113,0.002807469660320641,1.1039701917909881e-44,True,False,244,7
csi,115.6,24,tier2_emos_ifs_ens,climatology,0.0019808517662594917,0.0,-0.0019808517662594917,-0.00511272568780556,0.0,,False,False,244,7
sedi,115.6,24,tier2_emos_ifs_ens,climatology,0.2524561853598485,,,,,,False,False,244,7
brier,204.5,24,tier2_emos_ifs_ens,climatology,0.00030194874867454946,7.062161199531952e-05,0.00023132713667922992,0.00016315970084780542,0.00031826272496733067,3.0768627019165513e-17,True,False,244,7
csi,204.5,24,tier2_emos_ifs_ens,climatology,0.0,0.0,-0.0,-0.0,0.0,,False,False,244,7
sedi,204.5,24,tier2_emos_ifs_ens,climatology,,,,,,,False,False,244,7
rmse_mm,,24,tier2_emos_ifs_ens,tier0,13.590719538942508,14.810538148475372,-1.2198186095328634,-1.4174475370296775,-1.0701760512788145,1.5770077686806675e-37,True,False,244,7
mae_mm,,24,tier2_emos_ifs_ens,tier0,7.053574426028696,7.678222519808582,-0.6246480937798857,-0.7900425584230356,-0.49263944883513244,2.6591971264583825e-43,True,False,244,7
csi,7.5,24,tier2_emos_ifs_ens,tier0,0.3780428048032902,0.3685788720356698,-0.00946393276762042,-0.011350122918246431,-0.007539692398640579,,True,False,244,7
sedi,7.5,24,tier2_emos_ifs_ens,tier0,0.580266012871533,0.5601812652904616,-0.02008474758107137,-0.02358223340288088,-0.016475126727613802,,True,False,244,7
csi,64.5,24,tier2_emos_ifs_ens,tier0,0.031368880573744935,0.11123222964073216,0.07986334906698722,0.06096870715800388,0.10061201692631466,,True,False,244,7
sedi,64.5,24,tier2_emos_ifs_ens,tier0,0.36668944394219016,0.48381960232473886,0.1171301583825487,0.08010556411605997,0.1542058465793147,,True,False,244,7
csi,115.6,24,tier2_emos_ifs_ens,tier0,0.0019808517662594917,0.04934616333580064,0.04736531156954115,0.02284007392490555,0.06998756080525516,,True,False,244,7
sedi,115.6,24,tier2_emos_ifs_ens,tier0,0.2524561853598485,0.44442620980625946,0.19197002444641098,0.08599769416807027,0.28615593239824777,,True,False,244,7
csi,204.5,24,tier2_emos_ifs_ens,tier0,0.0,0.016,0.016,0.002982911529309972,0.027849634897198695,,True,False,244,7
sedi,204.5,24,tier2_emos_ifs_ens,tier0,,0.4228292676630606,,,,,False,False,244,7
rmse_mm,,24,tier2_emos_ifs_ens,tier2_emos_graphcast,13.590719538942508,13.522716773760019,0.06800276518248971,0.020020583217734124,0.11328581025978676,0.0030415011443336313,True,False,244,7
mae_mm,,24,tier2_emos_ifs_ens,tier2_emos_graphcast,7.053574426028696,7.02235604309862,0.03121838293007606,-0.02737892125499405,0.08473455108700385,0.06358578614114895,False,False,244,7
crps_mm,,24,tier2_emos_ifs_ens,tier2_emos_graphcast,4.579076240651639,4.5457035411574,0.03337269949423849,0.016718853117832524,0.05030872512971603,3.1712244499076574e-05,True,False,244,7
brier,7.5,24,tier2_emos_ifs_ens,tier2_emos_graphcast,0.1822030815550769,0.2199879200755326,-0.03778483852045572,-0.044456421156238074,-0.03227704845685702,4.706764795083881e-81,True,False,244,7
csi,7.5,24,tier2_emos_ifs_ens,tier2_emos_graphcast,0.3780428048032902,0.37917091057241803,0.0011281057691278074,-0.000747008078524089,0.00299348469713865,,False,False,244,7
sedi,7.5,24,tier2_emos_ifs_ens,tier2_emos_graphcast,0.580266012871533,0.5833489386024562,0.0030829257309231695,-0.0007060326892666834,0.0067385760178912514,,False,False,244,7
brier,64.5,24,tier2_emos_ifs_ens,tier2_emos_graphcast,0.014154993644099879,0.013536338377352436,0.0006186552667474428,0.00029913928743388466,0.0009638741132189131,8.88202404852291e-06,True,False,244,7
csi,64.5,24,tier2_emos_ifs_ens,tier2_emos_graphcast,0.031368880573744935,0.023215766311627018,-0.008153114262117917,-0.015255310535079426,-0.0014578363162023877,,True,False,244,7
sedi,64.5,24,tier2_emos_ifs_ens,tier2_emos_graphcast,0.36668944394219016,0.365152921098385,-0.001536522843805177,-0.03460651360416053,0.027282464362734783,,False,False,244,7
brier,115.6,24,tier2_emos_ifs_ens,tier2_emos_graphcast,0.002919629316221924,0.0025985280329392396,0.0003211012832826845,0.00022395477529405815,0.0004435381138171205,1.60064172386279e-12,True,False,244,7
csi,115.6,24,tier2_emos_ifs_ens,tier2_emos_graphcast,0.0019808517662594917,0.0009927200529450694,-0.0009881317133144222,-0.002541948888236987,0.0,,False,False,244,7
sedi,115.6,24,tier2_emos_ifs_ens,tier2_emos_graphcast,0.2524561853598485,0.21275534084083858,-0.039700844519009904,-0.06315119406032532,0.025289102911142544,,False,False,244,7
brier,204.5,24,tier2_emos_ifs_ens,tier2_emos_graphcast,0.00030194874867454946,0.0002656642242107956,3.628452446375387e-05,2.2429347004427273e-05,5.389147502771598e-05,1.1098003966527551e-07,True,False,244,7
csi,204.5,24,tier2_emos_ifs_ens,tier2_emos_graphcast,0.0,0.0,-0.0,-0.0,0.0,,False,False,244,7
sedi,204.5,24,tier2_emos_ifs_ens,tier2_emos_graphcast,,,,,,,False,False,244,7
rmse_mm,,24,tier3_regime_conditioned,best_single_member_on_train,13.884945089465843,14.55619411014247,-0.671249020676628,-0.8079736241638786,-0.55691341138854,3.432157342643132e-28,True,False,244,7
mae_mm,,24,tier3_regime_conditioned,best_single_member_on_train,7.445775243147832,7.431167048703481,0.014608194444351241,-0.050093156578042,0.07088258355219557,0.5300387515383109,False,False,244,7
csi,7.5,24,tier3_regime_conditioned,best_single_member_on_train,0.3809581581751602,0.3629148067407177,-0.018043351434442523,-0.021675517924132682,-0.01464419231170507,,True,False,244,7
sedi,7.5,24,tier3_regime_conditioned,best_single_member_on_train,0.5879937336632499,0.5454833483880719,-0.04251038527517803,-0.04828663381781757,-0.03615027681855111,,True,False,244,7
csi,64.5,24,tier3_regime_conditioned,best_single_member_on_train,0.10411304302148448,0.10024061597690087,-0.0038724270445836123,-0.011821528703843034,0.003476611587505663,,False,False,244,7
sedi,64.5,24,tier3_regime_conditioned,best_single_member_on_train,0.48065594206591983,0.46402062555981294,-0.01663531650610689,-0.03483734791189002,-0.0010001865111056289,,True,False,244,7
csi,115.6,24,tier3_regime_conditioned,best_single_member_on_train,0.030693677102516883,0.05475738682569802,0.02406370972318114,0.006680703930312151,0.04235403239404654,,True,False,244,7
sedi,115.6,24,tier3_regime_conditioned,best_single_member_on_train,0.4235398845634124,0.46898807028667866,0.045448185723266254,-0.0031294584036080076,0.09230029084826945,,False,False,244,7
csi,204.5,24,tier3_regime_conditioned,best_single_member_on_train,0.0,0.021148036253776436,0.021148036253776436,-0.0,0.04651464031811061,,False,False,244,7
sedi,204.5,24,tier3_regime_conditioned,best_single_member_on_train,,0.47467774292241305,,,,,False,False,244,7
rmse_mm,,24,tier3_regime_conditioned,climatology,13.884945089465843,14.522378568473306,-0.6374334790074627,-0.9455493843954953,-0.3038668644329943,8.721734040444578e-07,True,False,244,7
mae_mm,,24,tier3_regime_conditioned,climatology,7.445775243147832,7.988357690202983,-0.5425824470551515,-0.8274505035023558,-0.15998388529253296,9.57727242274028e-09,True,False,244,7
csi,7.5,24,tier3_regime_conditioned,climatology,0.3809581581751602,0.303517899662035,-0.07744025851312519,-0.09547727282854075,-0.0597458251601697,,True,False,244,7
sedi,7.5,24,tier3_regime_conditioned,climatology,0.5879937336632499,0.4123212034694355,-0.1756725301938144,-0.21315675800934333,-0.13770494400538738,,True,False,244,7
csi,64.5,24,tier3_regime_conditioned,climatology,0.10411304302148448,0.0,-0.10411304302148448,-0.13187356598814393,-0.07881913224586475,,True,False,244,7
sedi,64.5,24,tier3_regime_conditioned,climatology,0.48065594206591983,,,,,,False,False,244,7
csi,115.6,24,tier3_regime_conditioned,climatology,0.030693677102516883,0.0,-0.030693677102516883,-0.05277738662537002,-0.013158414374268592,,True,False,244,7
sedi,115.6,24,tier3_regime_conditioned,climatology,0.4235398845634124,,,,,,False,False,244,7
csi,204.5,24,tier3_regime_conditioned,climatology,0.0,0.0,-0.0,-0.0,0.0,,False,False,244,7
sedi,204.5,24,tier3_regime_conditioned,climatology,,,,,,,False,False,244,7
rmse_mm,,24,tier3_regime_conditioned,tier0,13.884945089465843,14.810538148475372,-0.9255930590095289,-1.0684925888819485,-0.8072178324135081,2.2305741888172434e-47,True,False,244,7
mae_mm,,24,tier3_regime_conditioned,tier0,7.445775243147832,7.678222519808582,-0.23244727666074994,-0.28980025578535235,-0.1857562081054757,7.119862355159282e-36,True,False,244,7
csi,7.5,24,tier3_regime_conditioned,tier0,0.3809581581751602,0.3685788720356698,-0.012379286139490409,-0.014654352327922709,-0.010214142508941442,,True,False,244,7
sedi,7.5,24,tier3_regime_conditioned,tier0,0.5879937336632499,0.5601812652904616,-0.02781246837278828,-0.032022721679162,-0.02357711706949234,,True,False,244,7
csi,64.5,24,tier3_regime_conditioned,tier0,0.10411304302148448,0.11123222964073216,0.0071191866192476805,0.0020028423307668613,0.012066789553971967,,True,False,244,7
sedi,64.5,24,tier3_regime_conditioned,tier0,0.48065594206591983,0.48381960232473886,0.0031636602588190343,-0.0070779248394305565,0.013395568257319256,,False,False,244,7
csi,115.6,24,tier3_regime_conditioned,tier0,0.030693677102516883,0.04934616333580064,0.01865248623328376,0.004171929978365417,0.03395346423000537,,True,False,244,7
sedi,115.6,24,tier3_regime_conditioned,tier0,0.4235398845634124,0.44442620980625946,0.02088632524284706,-0.03043024341249828,0.08109503748773578,,False,False,244,7
csi,204.5,24,tier3_regime_conditioned,tier0,0.0,0.016,0.016,0.002982911529309972,0.027849634897198695,,True,False,244,7
sedi,204.5,24,tier3_regime_conditioned,tier0,,0.4228292676630606,,,,,False,False,244,7
rmse_mm,,24,tier3_regime_conditioned,tier2_emos_graphcast,13.884945089465843,13.522716773760019,0.36222831570582414,0.2584655957384399,0.48225205592186837,3.2217635939261724e-10,True,False,244,7
mae_mm,,24,tier3_regime_conditioned,tier2_emos_graphcast,7.445775243147832,7.02235604309862,0.42341920004921185,0.3414817239059473,0.5266043733514516,6.034438968095285e-43,True,False,244,7
csi,7.5,24,tier3_regime_conditioned,tier2_emos_graphcast,0.3809581581751602,0.37917091057241803,-0.0017872476027421813,-0.003713293047636607,4.711631610887602e-05,,False,False,244,7
sedi,7.5,24,tier3_regime_conditioned,tier2_emos_graphcast,0.5879937336632499,0.5833489386024562,-0.004644795060793738,-0.008458599979579729,-0.0010587319539961339,,True,False,244,7
csi,64.5,24,tier3_regime_conditioned,tier2_emos_graphcast,0.10411304302148448,0.023215766311627018,-0.08089727670985747,-0.10163897657721452,-0.060254012139212366,,True,False,244,7
sedi,64.5,24,tier3_regime_conditioned,tier2_emos_graphcast,0.48065594206591983,0.365152921098385,-0.11550302096753484,-0.1610449765887052,-0.07295758343384322,,True,False,244,7
csi,115.6,24,tier3_regime_conditioned,tier2_emos_graphcast,0.030693677102516883,0.0009927200529450694,-0.029700957049571812,-0.0520837595471904,-0.01178916435712294,,True,False,244,7
sedi,115.6,24,tier3_regime_conditioned,tier2_emos_graphcast,0.4235398845634124,0.21275534084083858,-0.21078454372257382,-0.3003853006810102,-0.107323799027495,,True,False,244,7
csi,204.5,24,tier3_regime_conditioned,tier2_emos_graphcast,0.0,0.0,-0.0,-0.0,0.0,,False,False,244,7
sedi,204.5,24,tier3_regime_conditioned,tier2_emos_graphcast,,,,,,,False,False,244,7
rmse_mm,,24,tier3_regime_conditioned,tier2_emos_ifs_ens,13.884945089465843,13.590719538942508,0.29422555052333443,0.1880801567511825,0.4212971520755745,1.190927789712768e-06,True,False,244,7
mae_mm,,24,tier3_regime_conditioned,tier2_emos_ifs_ens,7.445775243147832,7.053574426028696,0.3922008171191358,0.2886850552932031,0.5312589510801677,3.768659575175913e-25,True,False,244,7
csi,7.5,24,tier3_regime_conditioned,tier2_emos_ifs_ens,0.3809581581751602,0.3780428048032902,-0.0029153533718699887,-0.0039293575053726566,-0.0020679051098420414,,True,False,244,7
sedi,7.5,24,tier3_regime_conditioned,tier2_emos_ifs_ens,0.5879937336632499,0.580266012871533,-0.007727720791716908,-0.009866514810183882,-0.005670482080743267,,True,False,244,7
csi,64.5,24,tier3_regime_conditioned,tier2_emos_ifs_ens,0.10411304302148448,0.031368880573744935,-0.07274416244773954,-0.09311397203215831,-0.053027195298542544,,True,False,244,7
sedi,64.5,24,tier3_regime_conditioned,tier2_emos_ifs_ens,0.48065594206591983,0.36668944394219016,-0.11396649812372966,-0.14600369502855148,-0.08251333326207512,,True,False,244,7
csi,115.6,24,tier3_regime_conditioned,tier2_emos_ifs_ens,0.030693677102516883,0.0019808517662594917,-0.02871282533625739,-0.051448129027266545,-0.010839043077243529,,True,False,244,7
sedi,115.6,24,tier3_regime_conditioned,tier2_emos_ifs_ens,0.4235398845634124,0.2524561853598485,-0.17108369920356392,-0.2650932244898619,-0.07249059108361174,,True,False,244,7
csi,204.5,24,tier3_regime_conditioned,tier2_emos_ifs_ens,0.0,0.0,-0.0,-0.0,0.0,,False,False,244,7
sedi,204.5,24,tier3_regime_conditioned,tier2_emos_ifs_ens,,,,,,,False,False,244,7
rmse_mm,,48,best_single_member_on_train,climatology,14.077455951250808,14.562365019904897,-0.48490906865408867,-0.766844736671653,-0.17913627615354194,7.977297980508926e-05,True,False,242,7
mae_mm,,48,best_single_member_on_train,climatology,7.461369407962495,8.009643963083567,-0.5482745551210719,-0.8525341620186454,-0.14667319077819338,3.3121723594740615e-08,True,False,242,7
csi,7.5,48,best_single_member_on_train,climatology,0.37815710895190546,0.30416651626349117,-0.07399059268841429,-0.09348061393666657,-0.05501972741280886,,True,False,242,7
sedi,7.5,48,best_single_member_on_train,climatology,0.5783620607778381,0.41254595552424145,-0.1658161052535967,-0.2049116717292653,-0.12733681769179883,,True,False,242,7
csi,64.5,48,best_single_member_on_train,climatology,0.09671648074089666,0.0,-0.09671648074089666,-0.1224755539486524,-0.07120495617507518,,True,False,242,7
sedi,64.5,48,best_single_member_on_train,climatology,0.46588908006440644,,,,,,False,False,242,7
csi,115.6,48,best_single_member_on_train,climatology,0.02977818292312367,0.0,-0.02977818292312367,-0.05273020923857408,-0.012222189327854982,,True,False,242,7
sedi,115.6,48,best_single_member_on_train,climatology,0.4148047030023809,,,,,,False,False,242,7
csi,204.5,48,best_single_member_on_train,climatology,0.0,0.0,-0.0,-0.0,0.0,,False,False,242,7
sedi,204.5,48,best_single_member_on_train,climatology,,,,,,,False,False,242,7
rmse_mm,,48,best_single_member_on_train,tier0,14.077455951250808,14.757454267513594,-0.6799983162627861,-0.8339324323569368,-0.5619820088081904,2.0775894397350077e-21,True,False,242,7
mae_mm,,48,best_single_member_on_train,tier0,7.461369407962495,7.653279902176854,-0.19191049421435835,-0.2622643797068037,-0.13679508936797338,3.1057706458724903e-12,True,False,242,7
csi,7.5,48,best_single_member_on_train,tier0,0.37815710895190546,0.37634303534303537,-0.0018140736088700926,-0.005196281058333115,0.0011246823719006454,,False,False,242,7
sedi,7.5,48,best_single_member_on_train,tier0,0.5783620607778381,0.5748806978379466,-0.0034813629398915413,-0.01029389145964158,0.0024355233554902867,,False,False,242,7
csi,64.5,48,best_single_member_on_train,tier0,0.09671648074089666,0.09638722276468127,-0.00032925797621538577,-0.009951221949023243,0.011056882242687598,,False,False,242,7
sedi,64.5,48,best_single_member_on_train,tier0,0.46588908006440644,0.45314695860528886,-0.012742121459117572,-0.0341655056161155,0.011824846560044152,,False,False,242,7
csi,115.6,48,best_single_member_on_train,tier0,0.02977818292312367,0.024774193548387096,-0.0050039893747365755,-0.023271095244810656,0.008364892878256753,,False,False,242,7
sedi,115.6,48,best_single_member_on_train,tier0,0.4148047030023809,0.3519074882147378,-0.06289721478764315,-0.12890487959574112,0.0034677413038013555,,False,False,242,7
csi,204.5,48,best_single_member_on_train,tier0,0.0,0.0,-0.0,-0.0,0.0,,False,False,242,7
sedi,204.5,48,best_single_member_on_train,tier0,,,,,,,False,False,242,7
rmse_mm,,48,best_single_member_on_train,tier2_emos_graphcast,14.077455951250808,13.557853926719867,0.5196020245309416,0.41471087768039416,0.6501078832938509,4.672023296895749e-18,True,False,242,7
mae_mm,,48,best_single_member_on_train,tier2_emos_graphcast,7.461369407962495,7.02900965034045,0.43235975762204504,0.3336657808295227,0.5502361250675465,6.34582982969618e-33,True,False,242,7
csi,7.5,48,best_single_member_on_train,tier2_emos_graphcast,0.37815710895190546,0.3799683535860805,0.0018112446341750355,-0.0005992431136808308,0.004464088063090614,,False,False,242,7
sedi,7.5,48,best_single_member_on_train,tier2_emos_graphcast,0.5783620607778381,0.583780895755873,0.005418834978034859,0.0007000208032854616,0.010539434426057925,,True,False,242,7
csi,64.5,48,best_single_member_on_train,tier2_emos_graphcast,0.09671648074089666,0.024826089731316614,-0.07189039100958004,-0.08979293984491066,-0.05218764485252666,,True,False,242,7
sedi,64.5,48,best_single_member_on_train,tier2_emos_graphcast,0.46588908006440644,0.372614168958662,-0.09327491110574443,-0.12993671748469948,-0.05392186840466852,,True,False,242,7
csi,115.6,48,best_single_member_on_train,tier2_emos_graphcast,0.02977818292312367,0.00033288948069241014,-0.029445293442431263,-0.052379813058515745,-0.012190504055568138,,True,False,242,7
sedi,115.6,48,best_single_member_on_train,tier2_emos_graphcast,0.4148047030023809,0.18871098073625184,-0.2260937222661291,-0.2973029469470131,-0.08339687208147734,,True,False,242,7
csi,204.5,48,best_single_member_on_train,tier2_emos_graphcast,0.0,0.0,-0.0,-0.0,0.0,,False,False,242,7
sedi,204.5,48,best_single_member_on_train,tier2_emos_graphcast,,,,,,,False,False,242,7
rmse_mm,,48,best_single_member_on_train,tier2_emos_ifs_ens,14.077455951250808,13.670555970611163,0.40689998063964516,0.2849687761671097,0.5538547760408429,1.037987022295455e-08,True,False,242,7
mae_mm,,48,best_single_member_on_train,tier2_emos_ifs_ens,7.461369407962495,7.091380391039441,0.3699890169230544,0.24375964958290455,0.5248223981914478,9.082100082706204e-17,True,False,242,7
csi,7.5,48,best_single_member_on_train,tier2_emos_ifs_ens,0.37815710895190546,0.38147361812158714,0.0033165091696816806,4.571879663327617e-05,0.0062675468666212875,,True,False,242,7
sedi,7.5,48,best_single_member_on_train,tier2_emos_ifs_ens,0.5783620607778381,0.5861422836517041,0.007780222873865927,0.001128114855043902,0.013600960241905621,,True,False,242,7
csi,64.5,48,best_single_member_on_train,tier2_emos_ifs_ens,0.09671648074089666,0.024556962025316455,-0.0721595187155802,-0.09120253082559077,-0.05326135500335493,,True,False,242,7
sedi,64.5,48,best_single_member_on_train,tier2_emos_ifs_ens,0.46588908006440644,0.3554948443784857,-0.11039423568592072,-0.13934180022044432,-0.07609510916464099,,True,False,242,7
csi,115.6,48,best_single_member_on_train,tier2_emos_ifs_ens,0.02977818292312367,0.0006655574043261231,-0.02911262551879755,-0.05186184871211489,-0.01177003245599885,,True,False,242,7
sedi,115.6,48,best_single_member_on_train,tier2_emos_ifs_ens,0.4148047030023809,0.2277254278418245,-0.18707927516055642,-0.24773259985324764,-0.07974376212462608,,True,False,242,7
csi,204.5,48,best_single_member_on_train,tier2_emos_ifs_ens,0.0,0.0,-0.0,-0.0,0.0,,False,False,242,7
sedi,204.5,48,best_single_member_on_train,tier2_emos_ifs_ens,,,,,,,False,False,242,7
rmse_mm,,48,climatology,best_single_member_on_train,14.562365019904897,14.077455951250808,0.48490906865408867,0.17913627615354194,0.766844736671653,7.977297980508926e-05,True,False,242,7
mae_mm,,48,climatology,best_single_member_on_train,8.009643963083567,7.461369407962495,0.5482745551210719,0.14667319077819338,0.8525341620186454,3.3121723594740615e-08,True,False,242,7
csi,7.5,48,climatology,best_single_member_on_train,0.30416651626349117,0.37815710895190546,0.07399059268841429,0.05501972741280886,0.09348061393666657,,True,False,242,7
sedi,7.5,48,climatology,best_single_member_on_train,0.41254595552424145,0.5783620607778381,0.1658161052535967,0.1273368176917988,0.2049116717292653,,True,False,242,7
csi,64.5,48,climatology,best_single_member_on_train,0.0,0.09671648074089666,0.09671648074089666,0.07120495617507518,0.12247555394865238,,True,False,242,7
sedi,64.5,48,climatology,best_single_member_on_train,,0.46588908006440644,,,,,False,False,242,7
csi,115.6,48,climatology,best_single_member_on_train,0.0,0.02977818292312367,0.02977818292312367,0.01222218932785498,0.05273020923857408,,True,False,242,7
sedi,115.6,48,climatology,best_single_member_on_train,,0.4148047030023809,,,,,False,False,242,7
csi,204.5,48,climatology,best_single_member_on_train,0.0,0.0,-0.0,-0.0,0.0,,False,False,242,7
sedi,204.5,48,climatology,best_single_member_on_train,,,,,,,False,False,242,7
rmse_mm,,48,climatology,tier0,14.562365019904897,14.757454267513594,-0.1950892476086974,-0.5385228008547779,0.10998432031896228,0.13975800792147555,False,False,242,7
mae_mm,,48,climatology,tier0,8.009643963083567,7.653279902176854,0.3563640609067136,-0.06783176537897413,0.6511153271921897,0.0004667246913412396,False,False,242,7
csi,7.5,48,climatology,tier0,0.30416651626349117,0.37634303534303537,0.0721765190795442,0.05449683085156574,0.09029512406503055,,True,False,242,7
sedi,7.5,48,climatology,tier0,0.41254595552424145,0.5748806978379466,0.16233474231370515,0.12427025878191592,0.20066462190905082,,True,False,242,7
csi,64.5,48,climatology,tier0,0.0,0.09638722276468127,0.09638722276468127,0.07505723000437448,0.12079289909886155,,True,False,242,7
sedi,64.5,48,climatology,tier0,,0.45314695860528886,,,,,False,False,242,7
csi,115.6,48,climatology,tier0,0.0,0.024774193548387096,0.024774193548387096,0.013069385135198876,0.038513617294766656,,True,False,242,7
sedi,115.6,48,climatology,tier0,,0.3519074882147378,,,,,False,False,242,7
csi,204.5,48,climatology,tier0,0.0,0.0,-0.0,-0.0,0.0,,False,False,242,7
sedi,204.5,48,climatology,tier0,,,,,,,False,False,242,7
rmse_mm,,48,climatology,tier2_emos_graphcast,14.562365019904897,13.557853926719867,1.0045110931850303,0.7525163177921826,1.242241345390027,4.7833554602238024e-27,True,False,242,7
mae_mm,,48,climatology,tier2_emos_graphcast,8.009643963083567,7.02900965034045,0.980634312743117,0.6607053180108278,1.2374955917894337,2.1246576658006853e-40,True,False,242,7
crps_mm,,48,climatology,tier2_emos_graphcast,5.004564098810349,4.5537298714937045,0.45083422731664413,0.35645786994031625,0.545603196663042,2.759751858948276e-48,True,False,242,7
brier,7.5,48,climatology,tier2_emos_graphcast,0.04294138127989862,0.22034728972245904,-0.17740590844256043,-0.1957685959951588,-0.16237704833673128,0.0,True,False,242,7
csi,7.5,48,climatology,tier2_emos_graphcast,0.30416651626349117,0.3799683535860805,0.07580183732258933,0.05748089800709335,0.09532064372353415,,True,False,242,7
sedi,7.5,48,climatology,tier2_emos_graphcast,0.41254595552424145,0.583780895755873,0.17123494023163155,0.1327098186637726,0.2105262321152841,,True,False,242,7
brier,64.5,48,climatology,tier2_emos_graphcast,0.003453661725652695,0.0135372358293328,-0.010083574103680106,-0.01191346203281599,-0.008784723267165062,1.22472321987696e-99,True,False,242,7
csi,64.5,48,climatology,tier2_emos_graphcast,0.0,0.024826089731316614,0.024826089731316614,0.013954484077030736,0.03861688297614453,,True,False,242,7
sedi,64.5,48,climatology,tier2_emos_graphcast,,0.372614168958662,,,,,False,False,242,7
brier,115.6,48,climatology,tier2_emos_graphcast,0.0006982965816201185,0.0026200750832970727,-0.0019217785016769542,-0.0024671259339394814,-0.0015303966221178226,1.1249837856817763e-39,True,False,242,7
csi,115.6,48,climatology,tier2_emos_graphcast,0.0,0.00033288948069241014,0.00033288948069241014,-0.0,0.001094983230322944,,False,False,242,7
sedi,115.6,48,climatology,tier2_emos_graphcast,,0.18871098073625184,,,,,False,False,242,7
brier,204.5,48,climatology,tier2_emos_graphcast,7.119897304790525e-05,0.0002677566655983989,-0.00019655769255049366,-0.0002738499573334535,-0.00013759570814995918,1.8037964816377114e-14,True,False,242,7
csi,204.5,48,climatology,tier2_emos_graphcast,0.0,0.0,-0.0,-0.0,0.0,,False,False,242,7
sedi,204.5,48,climatology,tier2_emos_graphcast,,,,,,,False,False,242,7
rmse_mm,,48,climatology,tier2_emos_ifs_ens,14.562365019904897,13.670555970611163,0.8918090492937338,0.6575926022250489,1.1333010499296592,9.590647785930878e-23,True,False,242,7
mae_mm,,48,climatology,tier2_emos_ifs_ens,8.009643963083567,7.091380391039441,0.9182635720441263,0.6239592893139487,1.1543677888937485,4.790895865902801e-39,True,False,242,7
crps_mm,,48,climatology,tier2_emos_ifs_ens,5.004564098810349,4.597860827917676,0.406703270892673,0.31504477868152164,0.5018039517714977,1.5232668675436574e-39,True,False,242,7
brier,7.5,48,climatology,tier2_emos_ifs_ens,0.04294138127989862,0.17069548656374886,-0.12775410528385023,-0.13911114512805667,-0.11874516083538648,0.0,True,False,242,7
csi,7.5,48,climatology,tier2_emos_ifs_ens,0.30416651626349117,0.38147361812158714,0.07730710185809597,0.05867071636005527,0.09579163298613265,,True,False,242,7
sedi,7.5,48,climatology,tier2_emos_ifs_ens,0.41254595552424145,0.5861422836517041,0.17359632812746262,0.13514074442721816,0.21175039296245607,,True,False,242,7
brier,64.5,48,climatology,tier2_emos_ifs_ens,0.003453661725652695,0.013962454032582578,-0.010508792306929884,-0.012425771300391296,-0.00915485336617746,1.4649156914029119e-108,True,False,242,7
csi,64.5,48,climatology,tier2_emos_ifs_ens,0.0,0.024556962025316455,0.024556962025316455,0.015210391658287399,0.037825598629235936,,True,False,242,7
sedi,64.5,48,climatology,tier2_emos_ifs_ens,,0.3554948443784857,,,,,False,False,242,7
brier,115.6,48,climatology,tier2_emos_ifs_ens,0.0006982965816201185,0.0029200107376199233,-0.0022217141559998047,-0.0028128700934485443,-0.0017986683132901918,3.3706855152004666e-44,True,False,242,7
csi,115.6,48,climatology,tier2_emos_ifs_ens,0.0,0.0006655574043261231,0.0006655574043261231,-0.0,0.0022087274004609055,,False,False,242,7
sedi,115.6,48,climatology,tier2_emos_ifs_ens,,0.2277254278418245,,,,,False,False,242,7
brier,204.5,48,climatology,tier2_emos_ifs_ens,7.119897304790525e-05,0.0002955091107683057,-0.00022431013772040049,-0.0003090095331760441,-0.00016200989024826534,1.461250994122438e-16,True,False,242,7
csi,204.5,48,climatology,tier2_emos_ifs_ens,0.0,0.0,-0.0,-0.0,0.0,,False,False,242,7
sedi,204.5,48,climatology,tier2_emos_ifs_ens,,,,,,,False,False,242,7
rmse_mm,,48,graphcast,best_single_member_on_train,14.077455951250808,14.077455951250808,0.0,0.0,0.0,1.0,False,False,242,7
mae_mm,,48,graphcast,best_single_member_on_train,7.461369407962495,7.461369407962495,0.0,0.0,0.0,1.0,False,False,242,7
csi,7.5,48,graphcast,best_single_member_on_train,0.37815710895190546,0.37815710895190546,-0.0,-0.0,0.0,,False,False,242,7
sedi,7.5,48,graphcast,best_single_member_on_train,0.5783620607778381,0.5783620607778381,-0.0,-0.0,0.0,,False,False,242,7
csi,64.5,48,graphcast,best_single_member_on_train,0.09671648074089666,0.09671648074089666,-0.0,-0.0,0.0,,False,False,242,7
sedi,64.5,48,graphcast,best_single_member_on_train,0.46588908006440644,0.46588908006440644,-0.0,-0.0,0.0,,False,False,242,7
csi,115.6,48,graphcast,best_single_member_on_train,0.02977818292312367,0.02977818292312367,-0.0,-0.0,0.0,,False,False,242,7
sedi,115.6,48,graphcast,best_single_member_on_train,0.4148047030023809,0.4148047030023809,-0.0,-0.0,0.0,,False,False,242,7
csi,204.5,48,graphcast,best_single_member_on_train,0.0,0.0,-0.0,-0.0,0.0,,False,False,242,7
sedi,204.5,48,graphcast,best_single_member_on_train,,,,,,,False,False,242,7
rmse_mm,,48,graphcast,climatology,14.077455951250808,14.562365019904897,-0.48490906865408867,-0.766844736671653,-0.17913627615354194,7.977297980508926e-05,True,False,242,7
mae_mm,,48,graphcast,climatology,7.461369407962495,8.009643963083567,-0.5482745551210719,-0.8525341620186454,-0.14667319077819338,3.3121723594740615e-08,True,False,242,7
csi,7.5,48,graphcast,climatology,0.37815710895190546,0.30416651626349117,-0.07399059268841429,-0.09348061393666657,-0.05501972741280886,,True,False,242,7
sedi,7.5,48,graphcast,climatology,0.5783620607778381,0.41254595552424145,-0.1658161052535967,-0.2049116717292653,-0.12733681769179883,,True,False,242,7
csi,64.5,48,graphcast,climatology,0.09671648074089666,0.0,-0.09671648074089666,-0.1224755539486524,-0.07120495617507518,,True,False,242,7
sedi,64.5,48,graphcast,climatology,0.46588908006440644,,,,,,False,False,242,7
csi,115.6,48,graphcast,climatology,0.02977818292312367,0.0,-0.02977818292312367,-0.05273020923857408,-0.012222189327854982,,True,False,242,7
sedi,115.6,48,graphcast,climatology,0.4148047030023809,,,,,,False,False,242,7
csi,204.5,48,graphcast,climatology,0.0,0.0,-0.0,-0.0,0.0,,False,False,242,7
sedi,204.5,48,graphcast,climatology,,,,,,,False,False,242,7
rmse_mm,,48,graphcast,tier0,14.077455951250808,14.757454267513594,-0.6799983162627861,-0.8339324323569368,-0.5619820088081904,2.0775894397350077e-21,True,False,242,7
mae_mm,,48,graphcast,tier0,7.461369407962495,7.653279902176854,-0.19191049421435835,-0.2622643797068037,-0.13679508936797338,3.1057706458724903e-12,True,False,242,7
csi,7.5,48,graphcast,tier0,0.37815710895190546,0.37634303534303537,-0.0018140736088700926,-0.005196281058333115,0.0011246823719006454,,False,False,242,7
sedi,7.5,48,graphcast,tier0,0.5783620607778381,0.5748806978379466,-0.0034813629398915413,-0.01029389145964158,0.0024355233554902867,,False,False,242,7
csi,64.5,48,graphcast,tier0,0.09671648074089666,0.09638722276468127,-0.00032925797621538577,-0.009951221949023243,0.011056882242687598,,False,False,242,7
sedi,64.5,48,graphcast,tier0,0.46588908006440644,0.45314695860528886,-0.012742121459117572,-0.0341655056161155,0.011824846560044152,,False,False,242,7
csi,115.6,48,graphcast,tier0,0.02977818292312367,0.024774193548387096,-0.0050039893747365755,-0.023271095244810656,0.008364892878256753,,False,False,242,7
sedi,115.6,48,graphcast,tier0,0.4148047030023809,0.3519074882147378,-0.06289721478764315,-0.12890487959574112,0.0034677413038013555,,False,False,242,7
csi,204.5,48,graphcast,tier0,0.0,0.0,-0.0,-0.0,0.0,,False,False,242,7
sedi,204.5,48,graphcast,tier0,,,,,,,False,False,242,7
rmse_mm,,48,graphcast,tier2_emos_graphcast,14.077455951250808,13.557853926719867,0.5196020245309416,0.41471087768039416,0.6501078832938509,4.672023296895749e-18,True,False,242,7
mae_mm,,48,graphcast,tier2_emos_graphcast,7.461369407962495,7.02900965034045,0.43235975762204504,0.3336657808295227,0.5502361250675465,6.34582982969618e-33,True,False,242,7
csi,7.5,48,graphcast,tier2_emos_graphcast,0.37815710895190546,0.3799683535860805,0.0018112446341750355,-0.0005992431136808308,0.004464088063090614,,False,False,242,7
sedi,7.5,48,graphcast,tier2_emos_graphcast,0.5783620607778381,0.583780895755873,0.005418834978034859,0.0007000208032854616,0.010539434426057925,,True,False,242,7
csi,64.5,48,graphcast,tier2_emos_graphcast,0.09671648074089666,0.024826089731316614,-0.07189039100958004,-0.08979293984491066,-0.05218764485252666,,True,False,242,7
sedi,64.5,48,graphcast,tier2_emos_graphcast,0.46588908006440644,0.372614168958662,-0.09327491110574443,-0.12993671748469948,-0.05392186840466852,,True,False,242,7
csi,115.6,48,graphcast,tier2_emos_graphcast,0.02977818292312367,0.00033288948069241014,-0.029445293442431263,-0.052379813058515745,-0.012190504055568138,,True,False,242,7
sedi,115.6,48,graphcast,tier2_emos_graphcast,0.4148047030023809,0.18871098073625184,-0.2260937222661291,-0.2973029469470131,-0.08339687208147734,,True,False,242,7
csi,204.5,48,graphcast,tier2_emos_graphcast,0.0,0.0,-0.0,-0.0,0.0,,False,False,242,7
sedi,204.5,48,graphcast,tier2_emos_graphcast,,,,,,,False,False,242,7
rmse_mm,,48,graphcast,tier2_emos_ifs_ens,14.077455951250808,13.670555970611163,0.40689998063964516,0.2849687761671097,0.5538547760408429,1.037987022295455e-08,True,False,242,7
mae_mm,,48,graphcast,tier2_emos_ifs_ens,7.461369407962495,7.091380391039441,0.3699890169230544,0.24375964958290455,0.5248223981914478,9.082100082706204e-17,True,False,242,7
csi,7.5,48,graphcast,tier2_emos_ifs_ens,0.37815710895190546,0.38147361812158714,0.0033165091696816806,4.571879663327617e-05,0.0062675468666212875,,True,False,242,7
sedi,7.5,48,graphcast,tier2_emos_ifs_ens,0.5783620607778381,0.5861422836517041,0.007780222873865927,0.001128114855043902,0.013600960241905621,,True,False,242,7
csi,64.5,48,graphcast,tier2_emos_ifs_ens,0.09671648074089666,0.024556962025316455,-0.0721595187155802,-0.09120253082559077,-0.05326135500335493,,True,False,242,7
sedi,64.5,48,graphcast,tier2_emos_ifs_ens,0.46588908006440644,0.3554948443784857,-0.11039423568592072,-0.13934180022044432,-0.07609510916464099,,True,False,242,7
csi,115.6,48,graphcast,tier2_emos_ifs_ens,0.02977818292312367,0.0006655574043261231,-0.02911262551879755,-0.05186184871211489,-0.01177003245599885,,True,False,242,7
sedi,115.6,48,graphcast,tier2_emos_ifs_ens,0.4148047030023809,0.2277254278418245,-0.18707927516055642,-0.24773259985324764,-0.07974376212462608,,True,False,242,7
csi,204.5,48,graphcast,tier2_emos_ifs_ens,0.0,0.0,-0.0,-0.0,0.0,,False,False,242,7
sedi,204.5,48,graphcast,tier2_emos_ifs_ens,,,,,,,False,False,242,7
rmse_mm,,48,hres,best_single_member_on_train,18.61176418219323,14.077455951250808,4.534308230942422,4.080253750266838,5.151719272015389,4.556687850432711e-74,True,False,242,7
mae_mm,,48,hres,best_single_member_on_train,8.445246279383381,7.461369407962495,0.9838768714208861,0.8633480362213335,1.157931216611682,3.7706352764495846e-77,True,False,242,7
csi,7.5,48,hres,best_single_member_on_train,0.3460823419538976,0.37815710895190546,0.032074766998007875,0.0261215828249226,0.038536587681649685,,True,False,242,7
sedi,7.5,48,hres,best_single_member_on_train,0.5106915161024813,0.5783620607778381,0.06767054467535683,0.05568216515810181,0.0794097028598028,,True,False,242,7
csi,64.5,48,hres,best_single_member_on_train,0.08403475890270914,0.09671648074089666,0.012681721838187512,-0.004527305229098042,0.028566739055203502,,False,False,242,7
sedi,64.5,48,hres,best_single_member_on_train,0.4236246571556706,0.46588908006440644,0.04226442290873583,0.00408917666207545,0.07345738782026338,,True,False,242,7
csi,115.6,48,hres,best_single_member_on_train,0.027881814398668332,0.02977818292312367,0.0018963685244553392,-0.013684442338251787,0.02092407599099883,,False,False,242,7
sedi,115.6,48,hres,best_single_member_on_train,0.3523612967113002,0.4148047030023809,0.06244340629108075,-0.022564315356083713,0.12769519386756897,,False,False,242,7
csi,204.5,48,hres,best_single_member_on_train,0.003527336860670194,0.0,-0.003527336860670194,-0.006875665256716792,-0.0008702842119351319,,True,False,242,7
sedi,204.5,48,hres,best_single_member_on_train,0.2508869003193789,,,,,,False,False,242,7
rmse_mm,,48,hres,climatology,18.61176418219323,14.562365019904897,4.049399162288333,3.512672756303574,4.713850260992447,9.685233635398317e-56,True,False,242,7
mae_mm,,48,hres,climatology,8.445246279383381,8.009643963083567,0.43560231629981416,0.09037837470367646,0.9460915486805583,0.00026965604519922355,True,False,242,7
csi,7.5,48,hres,climatology,0.3460823419538976,0.30416651626349117,-0.041915825690406416,-0.05921746398395919,-0.02466063990238607,,True,False,242,7
sedi,7.5,48,hres,climatology,0.5106915161024813,0.41254595552424145,-0.09814556057823987,-0.13688024134159524,-0.060733135691251855,,True,False,242,7
csi,64.5,48,hres,climatology,0.08403475890270914,0.0,-0.08403475890270914,-0.09960016863079311,-0.06901690954725524,,True,False,242,7
sedi,64.5,48,hres,climatology,0.4236246571556706,,,,,,False,False,242,7
csi,115.6,48,hres,climatology,0.027881814398668332,0.0,-0.027881814398668332,-0.037299052593064215,-0.018645343874114317,,True,False,242,7
sedi,115.6,48,hres,climatology,0.3523612967113002,,,,,,False,False,242,7
csi,204.5,48,hres,climatology,0.003527336860670194,0.0,-0.003527336860670194,-0.006875665256716792,-0.0008702842119351319,,True,False,242,7
sedi,204.5,48,hres,climatology,0.2508869003193789,,,,,,False,False,242,7
rmse_mm,,48,hres,tier0,18.61176418219323,14.757454267513594,3.854309914679636,3.4502650261631644,4.357578096362853,3.4084429266421603e-82,True,False,242,7
mae_mm,,48,hres,tier0,8.445246279383381,7.653279902176854,0.7919663772065277,0.6969449819477954,0.9326417980315846,2.66319048251778e-128,True,False,242,7
csi,7.5,48,hres,tier0,0.3460823419538976,0.37634303534303537,0.030260693389137783,0.026411471045818098,0.034307699466098435,,True,False,242,7
sedi,7.5,48,hres,tier0,0.5106915161024813,0.5748806978379466,0.06418918173546528,0.05636694686489201,0.07113624597412799,,True,False,242,7
csi,64.5,48,hres,tier0,0.08403475890270914,0.09638722276468127,0.012352463861972127,0.003037242902987846,0.023278365221005966,,True,False,242,7
sedi,64.5,48,hres,tier0,0.4236246571556706,0.45314695860528886,0.02952230144961826,0.009730166131478337,0.05046391185667049,,True,False,242,7
csi,115.6,48,hres,tier0,0.027881814398668332,0.024774193548387096,-0.0031076208502812362,-0.010391553010391828,0.005285279073701474,,False,False,242,7
sedi,115.6,48,hres,tier0,0.3523612967113002,0.3519074882147378,-0.0004538084965624023,-0.042137732866463495,0.036172517575572,,False,False,242,7
csi,204.5,48,hres,tier0,0.003527336860670194,0.0,-0.003527336860670194,-0.006875665256716792,-0.0008702842119351319,,True,False,242,7
sedi,204.5,48,hres,tier0,0.2508869003193789,,,,,,False,False,242,7
rmse_mm,,48,hres,tier2_emos_graphcast,18.61176418219323,13.557853926719867,5.0539102554733635,4.592688143873476,5.678207221064095,2.9181833232369287e-80,True,False,242,7
mae_mm,,48,hres,tier2_emos_graphcast,8.445246279383381,7.02900965034045,1.4162366290429311,1.2238946827217223,1.680655745994147,1.0644881682502026e-95,True,False,242,7
csi,7.5,48,hres,tier2_emos_graphcast,0.3460823419538976,0.3799683535860805,0.03388601163218291,0.028168912023127282,0.039982647387583566,,True,False,242,7
sedi,7.5,48,hres,tier2_emos_graphcast,0.5106915161024813,0.583780895755873,0.07308937965339168,0.061091030323639675,0.08456838490577578,,True,False,242,7
csi,64.5,48,hres,tier2_emos_graphcast,0.08403475890270914,0.024826089731316614,-0.05920866917139253,-0.07204895527112819,-0.04576826985914285,,True,False,242,7
sedi,64.5,48,hres,tier2_emos_graphcast,0.4236246571556706,0.372614168958662,-0.0510104881970086,-0.10604597561256003,-0.0009042567648868122,,True,False,242,7
csi,115.6,48,hres,tier2_emos_graphcast,0.027881814398668332,0.00033288948069241014,-0.027548924917975923,-0.03673488635862079,-0.018456733875405133,,True,False,242,7
sedi,115.6,48,hres,tier2_emos_graphcast,0.3523612967113002,0.18871098073625184,-0.16365031597504834,-0.22295823825993843,-0.03524433871389527,,True,False,242,7
csi,204.5,48,hres,tier2_emos_graphcast,0.003527336860670194,0.0,-0.003527336860670194,-0.006875665256716792,-0.0008702842119351319,,True,False,242,7
sedi,204.5,48,hres,tier2_emos_graphcast,0.2508869003193789,,,,,,False,False,242,7
rmse_mm,,48,hres,tier2_emos_ifs_ens,18.61176418219323,13.670555970611163,4.941208211582067,4.481909309572664,5.5326314883509164,6.3342353771675045e-83,True,False,242,7
mae_mm,,48,hres,tier2_emos_ifs_ens,8.445246279383381,7.091380391039441,1.3538658883439405,1.149443622019003,1.6337721161306042,7.162755611649716e-91,True,False,242,7
csi,7.5,48,hres,tier2_emos_ifs_ens,0.3460823419538976,0.38147361812158714,0.035391276167689556,0.030855733482851026,0.04025677608865902,,True,False,242,7
sedi,7.5,48,hres,tier2_emos_ifs_ens,0.5106915161024813,0.5861422836517041,0.07545076754922275,0.06569014079723913,0.08472547976760514,,True,False,242,7
csi,64.5,48,hres,tier2_emos_ifs_ens,0.08403475890270914,0.024556962025316455,-0.059477796877392686,-0.06986933281603808,-0.048669060276763286,,True,False,242,7
sedi,64.5,48,hres,tier2_emos_ifs_ens,0.4236246571556706,0.3554948443784857,-0.06812981277718488,-0.10716899419186426,-0.0272507262138252,,True,False,242,7
csi,115.6,48,hres,tier2_emos_ifs_ens,0.027881814398668332,0.0006655574043261231,-0.02721625699434221,-0.03673113650904515,-0.0178155962265032,,True,False,242,7
sedi,115.6,48,hres,tier2_emos_ifs_ens,0.3523612967113002,0.2277254278418245,-0.12463586886947567,-0.17531052803831565,-0.036738708848610344,,True,False,242,7
csi,204.5,48,hres,tier2_emos_ifs_ens,0.003527336860670194,0.0,-0.003527336860670194,-0.006875665256716792,-0.0008702842119351319,,True,False,242,7
sedi,204.5,48,hres,tier2_emos_ifs_ens,0.2508869003193789,,,,,,False,False,242,7
rmse_mm,,48,ifs_ens_mean,best_single_member_on_train,14.6652374124837,14.077455951250808,0.5877814612328915,0.42251137013140094,0.781091620750905,1.8416998831736463e-11,True,False,242,7
mae_mm,,48,ifs_ens_mean,best_single_member_on_train,7.720938423072911,7.461369407962495,0.25956901511041597,0.17830925564505049,0.35463697149093615,1.327971763633538e-11,True,False,242,7
csi,7.5,48,ifs_ens_mean,best_single_member_on_train,0.3734263176603784,0.37815710895190546,0.004730791291527037,0.0006031909339226704,0.009175339784846982,,True,False,242,7
sedi,7.5,48,ifs_ens_mean,best_single_member_on_train,0.5700233771344422,0.5783620607778381,0.008338683643395961,0.00020999172055213844,0.018389969851654187,,True,False,242,7
csi,64.5,48,ifs_ens_mean,best_single_member_on_train,0.09172844890245675,0.09671648074089666,0.004988031838439905,-0.00932253561892881,0.018008651814649022,,False,False,242,7
sedi,64.5,48,ifs_ens_mean,best_single_member_on_train,0.4457884906713819,0.46588908006440644,0.02010058939302456,-0.008833341620227116,0.04628654319003118,,False,False,242,7
csi,115.6,48,ifs_ens_mean,best_single_member_on_train,0.023448275862068966,0.02977818292312367,0.006329907061054706,-0.009947682073382378,0.02907815975127781,,False,False,242,7
sedi,115.6,48,ifs_ens_mean,best_single_member_on_train,0.3564164390378344,0.4148047030023809,0.05838826396454655,-0.01164216194827314,0.14578257906401498,,False,False,242,7
csi,204.5,48,ifs_ens_mean,best_single_member_on_train,0.0,0.0,-0.0,-0.0,0.0,,False,False,242,7
sedi,204.5,48,ifs_ens_mean,best_single_member_on_train,,,,,,,False,False,242,7
rmse_mm,,48,ifs_ens_mean,climatology,14.6652374124837,14.562365019904897,0.10287239257880287,-0.20620397246894387,0.45489052468656804,0.4401867097126183,False,False,242,7
mae_mm,,48,ifs_ens_mean,climatology,7.720938423072911,8.009643963083567,-0.28870554001065596,-0.5911264541384372,0.1315456716663082,0.0045945910337024855,False,False,242,7
csi,7.5,48,ifs_ens_mean,climatology,0.3734263176603784,0.30416651626349117,-0.06925980139688726,-0.08719856788914762,-0.051375774084014156,,True,False,242,7
sedi,7.5,48,ifs_ens_mean,climatology,0.5700233771344422,0.41254595552424145,-0.15747742161020073,-0.19566993397072913,-0.11903766942728661,,True,False,242,7
csi,64.5,48,ifs_ens_mean,climatology,0.09172844890245675,0.0,-0.09172844890245675,-0.11618464059241423,-0.0711117590811362,,True,False,242,7
sedi,64.5,48,ifs_ens_mean,climatology,0.4457884906713819,,,,,,False,False,242,7
csi,115.6,48,ifs_ens_mean,climatology,0.023448275862068966,0.0,-0.023448275862068966,-0.04063728339117056,-0.009176272157751467,,True,False,242,7
sedi,115.6,48,ifs_ens_mean,climatology,0.3564164390378344,,,,,,False,False,242,7
csi,204.5,48,ifs_ens_mean,climatology,0.0,0.0,-0.0,-0.0,0.0,,False,False,242,7
sedi,204.5,48,ifs_ens_mean,climatology,,,,,,,False,False,242,7
rmse_mm,,48,ifs_ens_mean,tier0,14.6652374124837,14.757454267513594,-0.09221685502989452,-0.18935259520650835,0.010351797810860527,0.016885030952888288,False,False,242,7
mae_mm,,48,ifs_ens_mean,tier0,7.720938423072911,7.653279902176854,0.06765852089605762,0.028055666302799976,0.10614867196778993,5.9305956388441785e-06,True,False,242,7
csi,7.5,48,ifs_ens_mean,tier0,0.3734263176603784,0.37634303534303537,0.002916717682656944,0.0010950214388916982,0.005258264426877692,,True,False,242,7
sedi,7.5,48,ifs_ens_mean,tier0,0.5700233771344422,0.5748806978379466,0.00485732070350442,0.0010413716195575295,0.009812119483470553,,True,False,242,7
csi,64.5,48,ifs_ens_mean,tier0,0.09172844890245675,0.09638722276468127,0.004658773862224519,-0.0032218459779412363,0.01237105576576221,,False,False,242,7
sedi,64.5,48,ifs_ens_mean,tier0,0.4457884906713819,0.45314695860528886,0.007358467933906987,-0.010216914540423186,0.0234383028332287,,False,False,242,7
csi,115.6,48,ifs_ens_mean,tier0,0.023448275862068966,0.024774193548387096,0.0013259176863181302,-0.004982920915431839,0.007569402696923065,,False,False,242,7
sedi,115.6,48,ifs_ens_mean,tier0,0.3564164390378344,0.3519074882147378,-0.0045089508230966024,-0.032591166874355655,0.03615638927611909,,False,False,242,7
csi,204.5,48,ifs_ens_mean,tier0,0.0,0.0,-0.0,-0.0,0.0,,False,False,242,7
sedi,204.5,48,ifs_ens_mean,tier0,,,,,,,False,False,242,7
rmse_mm,,48,ifs_ens_mean,tier2_emos_graphcast,14.6652374124837,13.557853926719867,1.1073834857638332,0.9484346886295925,1.3141828907340505,1.6191791778993603e-30,True,False,242,7
mae_mm,,48,ifs_ens_mean,tier2_emos_graphcast,7.720938423072911,7.02900965034045,0.691928772732461,0.5828445779522894,0.836127232151395,1.1189087980189893e-49,True,False,242,7
csi,7.5,48,ifs_ens_mean,tier2_emos_graphcast,0.3734263176603784,0.3799683535860805,0.006542035925702072,0.0029954938332956123,0.0113622472713334,,True,False,242,7
sedi,7.5,48,ifs_ens_mean,tier2_emos_graphcast,0.5700233771344422,0.583780895755873,0.01375751862143082,0.006289761456043661,0.023339885018901337,,True,False,242,7
csi,64.5,48,ifs_ens_mean,tier2_emos_graphcast,0.09172844890245675,0.024826089731316614,-0.06690235917114014,-0.08290755700516252,-0.050345364044338065,,True,False,242,7
sedi,64.5,48,ifs_ens_mean,tier2_emos_graphcast,0.4457884906713819,0.372614168958662,-0.07317432171271987,-0.11491480752179038,-0.03413793315907588,,True,False,242,7
csi,115.6,48,ifs_ens_mean,tier2_emos_graphcast,0.023448275862068966,0.00033288948069241014,-0.023115386381376557,-0.03994120309735091,-0.009007300445934964,,True,False,242,7
sedi,115.6,48,ifs_ens_mean,tier2_emos_graphcast,0.3564164390378344,0.18871098073625184,-0.16770545830158254,-0.2351266244380407,-0.04049326310379566,,True,False,242,7
csi,204.5,48,ifs_ens_mean,tier2_emos_graphcast,0.0,0.0,-0.0,-0.0,0.0,,False,False,242,7
sedi,204.5,48,ifs_ens_mean,tier2_emos_graphcast,,,,,,,False,False,242,7
rmse_mm,,48,ifs_ens_mean,tier2_emos_ifs_ens,14.6652374124837,13.670555970611163,0.9946814418725367,0.8563385589468804,1.1698290663684703,3.4680040678794463e-37,True,False,242,7
mae_mm,,48,ifs_ens_mean,tier2_emos_ifs_ens,7.720938423072911,7.091380391039441,0.6295580320334704,0.508057214834749,0.7914905740579169,1.2672510901261551e-50,True,False,242,7
csi,7.5,48,ifs_ens_mean,tier2_emos_ifs_ens,0.3734263176603784,0.38147361812158714,0.008047300461208717,0.005883815682078448,0.010751496586320667,,True,False,242,7
sedi,7.5,48,ifs_ens_mean,tier2_emos_ifs_ens,0.5700233771344422,0.5861422836517041,0.01611890651726189,0.011885504288762467,0.021620626526724817,,True,False,242,7
csi,64.5,48,ifs_ens_mean,tier2_emos_ifs_ens,0.09172844890245675,0.024556962025316455,-0.0671714868771403,-0.0811746574359851,-0.05323077916060305,,True,False,242,7
sedi,64.5,48,ifs_ens_mean,tier2_emos_ifs_ens,0.4457884906713819,0.3554948443784857,-0.09029364629289616,-0.11761981231166467,-0.06201116455686457,,True,False,242,7
csi,115.6,48,ifs_ens_mean,tier2_emos_ifs_ens,0.023448275862068966,0.0006655574043261231,-0.022782718457742844,-0.03999235660853722,-0.008288417427835957,,True,False,242,7
sedi,115.6,48,ifs_ens_mean,tier2_emos_ifs_ens,0.3564164390378344,0.2277254278418245,-0.12869101119600987,-0.19091030739578208,-0.025730534577364073,,True,False,242,7
csi,204.5,48,ifs_ens_mean,tier2_emos_ifs_ens,0.0,0.0,-0.0,-0.0,0.0,,False,False,242,7
sedi,204.5,48,ifs_ens_mean,tier2_emos_ifs_ens,,,,,,,False,False,242,7
rmse_mm,,48,phase2_lagged_graphcast,best_single_member_on_train,13.839483799394635,14.077455951250808,-0.23797215185617304,-0.3183550636058767,-0.1661384429443967,6.505259581650863e-12,True,False,242,7
mae_mm,,48,phase2_lagged_graphcast,best_single_member_on_train,7.383028557954069,7.461369407962495,-0.07834085000842617,-0.12707721351172035,-0.03477224760063962,5.753458932990489e-06,True,False,242,7
csi,7.5,48,phase2_lagged_graphcast,best_single_member_on_train,0.3814005837827141,0.37815710895190546,-0.0032434748308086125,-0.005786350620929999,-0.0006647953594685785,,True,False,242,7
sedi,7.5,48,phase2_lagged_graphcast,best_single_member_on_train,0.5862162009929924,0.5783620607778381,-0.007854140215154293,-0.012909668950106715,-0.002882237652059972,,True,False,242,7
csi,64.5,48,phase2_lagged_graphcast,best_single_member_on_train,0.08805937084625609,0.09671648074089666,0.008657109894640566,0.0021089112109416884,0.014664268367041792,,True,False,242,7
sedi,64.5,48,phase2_lagged_graphcast,best_single_member_on_train,0.45836728589971726,0.46588908006440644,0.007521794164689177,-0.0053520145157792505,0.019585860299704154,,False,False,242,7
csi,115.6,48,phase2_lagged_graphcast,best_single_member_on_train,0.0206252014179826,0.02977818292312367,0.009152981505141072,-0.001884900694309833,0.019742140679648284,,False,False,242,7
sedi,115.6,48,phase2_lagged_graphcast,best_single_member_on_train,0.41332459631966406,0.4148047030023809,0.001480106682716864,-0.04042313042930623,0.033445937158879925,,False,False,242,7
csi,204.5,48,phase2_lagged_graphcast,best_single_member_on_train,0.0,0.0,-0.0,-0.0,0.0,,False,False,242,7
sedi,204.5,48,phase2_lagged_graphcast,best_single_member_on_train,,,,,,,False,False,242,7
rmse_mm,,48,phase2_lagged_graphcast,climatology,13.839483799394635,14.562365019904897,-0.7228812205102617,-0.9852586177756825,-0.42142810235427103,2.0030022625620835e-09,True,False,242,7
mae_mm,,48,phase2_lagged_graphcast,climatology,7.383028557954069,8.009643963083567,-0.6266154051294981,-0.9171347844643686,-0.23832615483084507,2.699326347265723e-11,True,False,242,7
brier,7.5,48,phase2_lagged_graphcast,climatology,0.2660271582953552,0.04294138127989862,0.22308577701545662,0.20341927617658642,0.24276439474464517,0.0,True,False,242,7
csi,7.5,48,phase2_lagged_graphcast,climatology,0.3814005837827141,0.30416651626349117,-0.0772340675192229,-0.09633070518581237,-0.05874061705630504,,True,False,242,7
sedi,7.5,48,phase2_lagged_graphcast,climatology,0.5862162009929924,0.41254595552424145,-0.17367024546875098,-0.2122976017059654,-0.13590126209491526,,True,False,242,7
brier,64.5,48,phase2_lagged_graphcast,climatology,0.004850841184275141,0.003453661725652695,0.0013971794586224461,0.0009895189231922188,0.0020663130907685773,2.018944134902103e-18,True,False,242,7
csi,64.5,48,phase2_lagged_graphcast,climatology,0.08805937084625609,0.0,-0.08805937084625609,-0.11500930187108707,-0.06345519311563977,,True,False,242,7
sedi,64.5,48,phase2_lagged_graphcast,climatology,0.45836728589971726,,,,,,False,False,242,7
brier,115.6,48,phase2_lagged_graphcast,climatology,0.0007637995154354379,0.0006982965816201185,6.550293381531939e-05,2.9492977568248042e-05,0.00011145760656235656,6.482564117914338e-06,True,False,242,7
csi,115.6,48,phase2_lagged_graphcast,climatology,0.0206252014179826,0.0,-0.0206252014179826,-0.039028623330620286,-0.0071481131952150535,,True,False,242,7
sedi,115.6,48,phase2_lagged_graphcast,climatology,0.41332459631966406,,,,,,False,False,242,7
brier,204.5,48,phase2_lagged_graphcast,climatology,7.223965746062568e-05,7.119897304790525e-05,1.0406844127204302e-06,1.9517583541573424e-07,2.2580771543638497e-06,0.006162966626528251,True,False,242,7
csi,204.5,48,phase2_lagged_graphcast,climatology,0.0,0.0,-0.0,-0.0,0.0,,False,False,242,7
sedi,204.5,48,phase2_lagged_graphcast,climatology,,,,,,,False,False,242,7
rmse_mm,,48,phase2_lagged_graphcast,tier0,13.839483799394635,14.757454267513594,-0.9179704681189591,-1.0783397835978739,-0.7918160996462607,4.645031268050172e-34,True,False,242,7
mae_mm,,48,phase2_lagged_graphcast,tier0,7.383028557954069,7.653279902176854,-0.2702513442227845,-0.34251536046720554,-0.21576668908080804,4.6253275040858685e-22,True,False,242,7
csi,7.5,48,phase2_lagged_graphcast,tier0,0.3814005837827141,0.37634303534303537,-0.005057548439678705,-0.008706850716380637,-0.0018666444725835992,,True,False,242,7
sedi,7.5,48,phase2_lagged_graphcast,tier0,0.5862162009929924,0.5748806978379466,-0.011335503155045834,-0.018609336541697656,-0.0047981524540720724,,True,False,242,7
csi,64.5,48,phase2_lagged_graphcast,tier0,0.08805937084625609,0.09638722276468127,0.00832785191842518,-0.0013572094828277349,0.019100438762100002,,False,False,242,7
sedi,64.5,48,phase2_lagged_graphcast,tier0,0.45836728589971726,0.45314695860528886,-0.005220327294428395,-0.027294439265641495,0.018391709164302154,,False,False,242,7
csi,115.6,48,phase2_lagged_graphcast,tier0,0.0206252014179826,0.024774193548387096,0.004148992130404497,-0.010732488277307096,0.01580721664888533,,False,False,242,7
sedi,115.6,48,phase2_lagged_graphcast,tier0,0.41332459631966406,0.3519074882147378,-0.06141710810492629,-0.12895996723975206,0.011524215362632147,,False,False,242,7
csi,204.5,48,phase2_lagged_graphcast,tier0,0.0,0.0,-0.0,-0.0,0.0,,False,False,242,7
sedi,204.5,48,phase2_lagged_graphcast,tier0,,,,,,,False,False,242,7
rmse_mm,,48,phase2_lagged_graphcast,tier2_emos_graphcast,13.839483799394635,13.557853926719867,0.2816298726747686,0.1987778679768525,0.38381878369200895,6.413880256586781e-10,True,False,242,7
mae_mm,,48,phase2_lagged_graphcast,tier2_emos_graphcast,7.383028557954069,7.02900965034045,0.35401890761361887,0.28247829092397236,0.44775973911948014,4.58152983547432e-39,True,False,242,7
brier,7.5,48,phase2_lagged_graphcast,tier2_emos_graphcast,0.2660271582953552,0.22034728972245904,0.04567986857289619,0.02762081253535108,0.059221421678872135,1.0453066099100506e-24,True,False,242,7
csi,7.5,48,phase2_lagged_graphcast,tier2_emos_graphcast,0.3814005837827141,0.3799683535860805,-0.001432230196633577,-0.0019584582932924586,-0.000881020181207469,,True,False,242,7
sedi,7.5,48,phase2_lagged_graphcast,tier2_emos_graphcast,0.5862162009929924,0.583780895755873,-0.002435305237119434,-0.0036147161363823455,-0.0011985015347147354,,True,False,242,7
brier,64.5,48,phase2_lagged_graphcast,tier2_emos_graphcast,0.004850841184275141,0.0135372358293328,-0.00868639464505766,-0.01057961906485382,-0.0071627572332305794,1.5254991384688851e-74,True,False,242,7
csi,64.5,48,phase2_lagged_graphcast,tier2_emos_graphcast,0.08805937084625609,0.024826089731316614,-0.06323328111493948,-0.08083781749857026,-0.045569537614085234,,True,False,242,7
sedi,64.5,48,phase2_lagged_graphcast,tier2_emos_graphcast,0.45836728589971726,0.372614168958662,-0.08575311694105525,-0.12111549438210481,-0.052548687662288575,,True,False,242,7
brier,115.6,48,phase2_lagged_graphcast,tier2_emos_graphcast,0.0007637995154354379,0.0026200750832970727,-0.0018562755678616348,-0.002395467576564997,-0.0014594175087978916,4.0323186145132765e-38,True,False,242,7
csi,115.6,48,phase2_lagged_graphcast,tier2_emos_graphcast,0.0206252014179826,0.00033288948069241014,-0.02029231193729019,-0.03835847672574387,-0.007005797017307908,,True,False,242,7
sedi,115.6,48,phase2_lagged_graphcast,tier2_emos_graphcast,0.41332459631966406,0.18871098073625184,-0.22461361558341222,-0.29256236546894393,-0.11221822954129662,,True,False,242,7
brier,204.5,48,phase2_lagged_graphcast,tier2_emos_graphcast,7.223965746062568e-05,0.0002677566655983989,-0.0001955170081377732,-0.00027233307421560007,-0.00013708502606834999,1.7850002684392892e-14,True,False,242,7
csi,204.5,48,phase2_lagged_graphcast,tier2_emos_graphcast,0.0,0.0,-0.0,-0.0,0.0,,False,False,242,7
sedi,204.5,48,phase2_lagged_graphcast,tier2_emos_graphcast,,,,,,,False,False,242,7
rmse_mm,,48,phase2_lagged_graphcast,tier2_emos_ifs_ens,13.839483799394635,13.670555970611163,0.16892782878347212,0.056131524872588406,0.299091969695989,0.005553981771248252,True,False,242,7
mae_mm,,48,phase2_lagged_graphcast,tier2_emos_ifs_ens,7.383028557954069,7.091380391039441,0.29164816691462825,0.18767298141418845,0.42423182517931013,1.5510917309706603e-14,True,False,242,7
brier,7.5,48,phase2_lagged_graphcast,tier2_emos_ifs_ens,0.2660271582953552,0.17069548656374886,0.09533167173160637,0.07788052894605371,0.10955747873416644,5.702594185772048e-116,True,False,242,7
csi,7.5,48,phase2_lagged_graphcast,tier2_emos_ifs_ens,0.3814005837827141,0.38147361812158714,7.30343388730681e-05,-0.0027472033165350145,0.0023604553325943796,,False,False,242,7
sedi,7.5,48,phase2_lagged_graphcast,tier2_emos_ifs_ens,0.5862162009929924,0.5861422836517041,-7.391734128836536e-05,-0.005933948848845688,0.0049184979109323035,,False,False,242,7
brier,64.5,48,phase2_lagged_graphcast,tier2_emos_ifs_ens,0.004850841184275141,0.013962454032582578,-0.009111612848307436,-0.010989457552704114,-0.007641768077561813,1.6299529629283772e-82,True,False,242,7
csi,64.5,48,phase2_lagged_graphcast,tier2_emos_ifs_ens,0.08805937084625609,0.024556962025316455,-0.06350240882093963,-0.08164908797411502,-0.04627815297130059,,True,False,242,7
sedi,64.5,48,phase2_lagged_graphcast,tier2_emos_ifs_ens,0.45836728589971726,0.3554948443784857,-0.10287244152123154,-0.12825951169856303,-0.07495369237303882,,True,False,242,7
brier,115.6,48,phase2_lagged_graphcast,tier2_emos_ifs_ens,0.0007637995154354379,0.0029200107376199233,-0.002156211222184485,-0.002743409581486343,-0.0017291296266167958,2.727989472854019e-43,True,False,242,7
csi,115.6,48,phase2_lagged_graphcast,tier2_emos_ifs_ens,0.0206252014179826,0.0006655574043261231,-0.019959644013656477,-0.038200341739839924,-0.006512967181080893,,True,False,242,7
sedi,115.6,48,phase2_lagged_graphcast,tier2_emos_ifs_ens,0.41332459631966406,0.2277254278418245,-0.18559916847783955,-0.2395491359425819,-0.09147717051339754,,True,False,242,7
brier,204.5,48,phase2_lagged_graphcast,tier2_emos_ifs_ens,7.223965746062568e-05,0.0002955091107683057,-0.00022326945330768003,-0.00030720112536911543,-0.0001614715756485747,1.3593592456016943e-16,True,False,242,7
csi,204.5,48,phase2_lagged_graphcast,tier2_emos_ifs_ens,0.0,0.0,-0.0,-0.0,0.0,,False,False,242,7
sedi,204.5,48,phase2_lagged_graphcast,tier2_emos_ifs_ens,,,,,,,False,False,242,7
rmse_mm,,48,tier0,best_single_member_on_train,14.757454267513594,14.077455951250808,0.6799983162627861,0.5619820088081904,0.8339324323569368,2.0775894397350077e-21,True,False,242,7
mae_mm,,48,tier0,best_single_member_on_train,7.653279902176854,7.461369407962495,0.19191049421435835,0.13679508936797338,0.2622643797068037,3.1057706458724903e-12,True,False,242,7
csi,7.5,48,tier0,best_single_member_on_train,0.37634303534303537,0.37815710895190546,0.0018140736088700926,-0.0011246823719006454,0.005196281058333114,,False,False,242,7
sedi,7.5,48,tier0,best_single_member_on_train,0.5748806978379466,0.5783620607778381,0.0034813629398915413,-0.0024355233554902876,0.01029389145964158,,False,False,242,7
csi,64.5,48,tier0,best_single_member_on_train,0.09638722276468127,0.09671648074089666,0.00032925797621538577,-0.0110568822426876,0.009951221949023236,,False,False,242,7
sedi,64.5,48,tier0,best_single_member_on_train,0.45314695860528886,0.46588908006440644,0.012742121459117572,-0.011824846560044159,0.03416550561611549,,False,False,242,7
csi,115.6,48,tier0,best_single_member_on_train,0.024774193548387096,0.02977818292312367,0.0050039893747365755,-0.008364892878256766,0.02327109524481065,,False,False,242,7
sedi,115.6,48,tier0,best_single_member_on_train,0.3519074882147378,0.4148047030023809,0.06289721478764315,-0.0034677413038013633,0.1289048795957411,,False,False,242,7
csi,204.5,48,tier0,best_single_member_on_train,0.0,0.0,-0.0,-0.0,0.0,,False,False,242,7
sedi,204.5,48,tier0,best_single_member_on_train,,,,,,,False,False,242,7
rmse_mm,,48,tier0,climatology,14.757454267513594,14.562365019904897,0.1950892476086974,-0.10998432031896228,0.5385228008547779,0.13975800792147555,False,False,242,7
mae_mm,,48,tier0,climatology,7.653279902176854,8.009643963083567,-0.3563640609067136,-0.6511153271921897,0.06783176537897413,0.0004667246913412396,False,False,242,7
csi,7.5,48,tier0,climatology,0.37634303534303537,0.30416651626349117,-0.0721765190795442,-0.09029512406503055,-0.05449683085156574,,True,False,242,7
sedi,7.5,48,tier0,climatology,0.5748806978379466,0.41254595552424145,-0.16233474231370515,-0.20066462190905082,-0.12427025878191592,,True,False,242,7
csi,64.5,48,tier0,climatology,0.09638722276468127,0.0,-0.09638722276468127,-0.12079289909886155,-0.07505723000437448,,True,False,242,7
sedi,64.5,48,tier0,climatology,0.45314695860528886,,,,,,False,False,242,7
csi,115.6,48,tier0,climatology,0.024774193548387096,0.0,-0.024774193548387096,-0.038513617294766656,-0.013069385135198876,,True,False,242,7
sedi,115.6,48,tier0,climatology,0.3519074882147378,,,,,,False,False,242,7
csi,204.5,48,tier0,climatology,0.0,0.0,-0.0,-0.0,0.0,,False,False,242,7
sedi,204.5,48,tier0,climatology,,,,,,,False,False,242,7
rmse_mm,,48,tier0,tier2_emos_graphcast,14.757454267513594,13.557853926719867,1.1996003407937277,1.0573463640727128,1.3895975358269514,6.894912537923695e-40,True,False,242,7
mae_mm,,48,tier0,tier2_emos_graphcast,7.653279902176854,7.02900965034045,0.6242702518364034,0.5140173134835879,0.7683523283296343,5.104055113311446e-48,True,False,242,7
csi,7.5,48,tier0,tier2_emos_graphcast,0.37634303534303537,0.3799683535860805,0.003625318243045128,0.0004460883969666305,0.007114730993647641,,True,False,242,7
sedi,7.5,48,tier0,tier2_emos_graphcast,0.5748806978379466,0.583780895755873,0.0089001979179264,0.002570255350629877,0.01589142939847735,,True,False,242,7
csi,64.5,48,tier0,tier2_emos_graphcast,0.09638722276468127,0.024826089731316614,-0.07156113303336466,-0.08712082481256411,-0.055702830982326396,,True,False,242,7
sedi,64.5,48,tier0,tier2_emos_graphcast,0.45314695860528886,0.372614168958662,-0.08053278964662686,-0.12229978805350071,-0.040612288425702255,,True,False,242,7
csi,115.6,48,tier0,tier2_emos_graphcast,0.024774193548387096,0.00033288948069241014,-0.024441304067694687,-0.03793887245967357,-0.01271200111295104,,True,False,242,7
sedi,115.6,48,tier0,tier2_emos_graphcast,0.3519074882147378,0.18871098073625184,-0.16319650747848594,-0.22879396604282978,-0.0363996017977517,,True,False,242,7
csi,204.5,48,tier0,tier2_emos_graphcast,0.0,0.0,-0.0,-0.0,0.0,,False,False,242,7
sedi,204.5,48,tier0,tier2_emos_graphcast,,,,,,,False,False,242,7
rmse_mm,,48,tier0,tier2_emos_ifs_ens,14.757454267513594,13.670555970611163,1.0868982969024312,0.9562518796753857,1.254535144465085,4.777245935771382e-43,True,False,242,7
mae_mm,,48,tier0,tier2_emos_ifs_ens,7.653279902176854,7.091380391039441,0.5618995111374128,0.4414571353668972,0.7255157615418696,3.2498065567734397e-40,True,False,242,7
csi,7.5,48,tier0,tier2_emos_ifs_ens,0.37634303534303537,0.38147361812158714,0.005130582778551773,0.0032258800198262313,0.007032907404949722,,True,False,242,7
sedi,7.5,48,tier0,tier2_emos_ifs_ens,0.5748806978379466,0.5861422836517041,0.011261585813757469,0.007445659120958151,0.01510004474584184,,True,False,242,7
csi,64.5,48,tier0,tier2_emos_ifs_ens,0.09638722276468127,0.024556962025316455,-0.07183026073936481,-0.08741750090736973,-0.057911364626546065,,True,False,242,7
sedi,64.5,48,tier0,tier2_emos_ifs_ens,0.45314695860528886,0.3554948443784857,-0.09765211422680314,-0.12650691208227605,-0.06682998755592931,,True,False,242,7
csi,115.6,48,tier0,tier2_emos_ifs_ens,0.024774193548387096,0.0006655574043261231,-0.024108636144060974,-0.03792629387403941,-0.012117940563036483,,True,False,242,7
sedi,115.6,48,tier0,tier2_emos_ifs_ens,0.3519074882147378,0.2277254278418245,-0.12418206037291327,-0.17845787825385112,-0.026131635070686998,,True,False,242,7
csi,204.5,48,tier0,tier2_emos_ifs_ens,0.0,0.0,-0.0,-0.0,0.0,,False,False,242,7
sedi,204.5,48,tier0,tier2_emos_ifs_ens,,,,,,,False,False,242,7
rmse_mm,,48,tier1_regional,best_single_member_on_train,14.00161902880769,14.077455951250808,-0.07583692244311813,-0.16170565088617267,0.005263788352867746,0.031231403713773462,False,False,242,7
mae_mm,,48,tier1_regional,best_single_member_on_train,7.453027815101549,7.461369407962495,-0.008341592860945823,-0.05154786388249996,0.03829595127004368,0.61363868188441,False,False,242,7
csi,7.5,48,tier1_regional,best_single_member_on_train,0.3815653636050798,0.37815710895190546,-0.0034082546531743474,-0.005531954325780823,-0.001026260261251112,,True,False,242,7
sedi,7.5,48,tier1_regional,best_single_member_on_train,0.586600002198446,0.5783620607778381,-0.008237941420607853,-0.012562021985113905,-0.0033413861725840877,,True,False,242,7
csi,64.5,48,tier1_regional,best_single_member_on_train,0.09163833404164896,0.09671648074089666,0.005078146699247693,-0.002337259501756414,0.011912818993586342,,False,False,242,7
sedi,64.5,48,tier1_regional,best_single_member_on_train,0.45712062684152865,0.46588908006440644,0.008768453222877781,-0.0051105320697263906,0.021614217025644714,,False,False,242,7
csi,115.6,48,tier1_regional,best_single_member_on_train,0.021554341226472373,0.02977818292312367,0.008223841696651298,-0.0009923180719044547,0.022095023663613617,,False,False,242,7
sedi,115.6,48,tier1_regional,best_single_member_on_train,0.37583421981570425,0.4148047030023809,0.038970483186676674,0.0022084533014817085,0.07553589812261972,,True,False,242,7
csi,204.5,48,tier1_regional,best_single_member_on_train,0.0,0.0,-0.0,-0.0,0.0,,False,False,242,7
sedi,204.5,48,tier1_regional,best_single_member_on_train,,,,,,,False,False,242,7
rmse_mm,,48,tier1_regional,climatology,14.00161902880769,14.562365019904897,-0.5607459910972068,-0.8579882272126953,-0.2483414129501263,4.400858939856437e-06,True,False,242,7
mae_mm,,48,tier1_regional,climatology,7.453027815101549,8.009643963083567,-0.5566161479820178,-0.8499007205283903,-0.17395588528534062,9.900497083306859e-09,True,False,242,7
csi,7.5,48,tier1_regional,climatology,0.3815653636050798,0.30416651626349117,-0.07739884734158864,-0.0967045342025737,-0.05899456644267766,,True,False,242,7
sedi,7.5,48,tier1_regional,climatology,0.586600002198446,0.41254595552424145,-0.17405404667420454,-0.21302494737149436,-0.1352420470349464,,True,False,242,7
csi,64.5,48,tier1_regional,climatology,0.09163833404164896,0.0,-0.09163833404164896,-0.11806654827781916,-0.06741038724186865,,True,False,242,7
sedi,64.5,48,tier1_regional,climatology,0.45712062684152865,,,,,,False,False,242,7
csi,115.6,48,tier1_regional,climatology,0.021554341226472373,0.0,-0.021554341226472373,-0.03624118250898776,-0.008929545734781368,,True,False,242,7
sedi,115.6,48,tier1_regional,climatology,0.37583421981570425,,,,,,False,False,242,7
csi,204.5,48,tier1_regional,climatology,0.0,0.0,-0.0,-0.0,0.0,,False,False,242,7
sedi,204.5,48,tier1_regional,climatology,,,,,,,False,False,242,7
rmse_mm,,48,tier1_regional,tier0,14.00161902880769,14.757454267513594,-0.7558352387059042,-0.8771934913408332,-0.6690170521162122,6.339890808599287e-47,True,False,242,7
mae_mm,,48,tier1_regional,tier0,7.453027815101549,7.653279902176854,-0.20025208707530417,-0.24800983638967888,-0.16892907581043223,7.149270295899011e-36,True,False,242,7
csi,7.5,48,tier1_regional,tier0,0.3815653636050798,0.37634303534303537,-0.00522232826204444,-0.007037572540324434,-0.003725295197965309,,True,False,242,7
sedi,7.5,48,tier1_regional,tier0,0.586600002198446,0.5748806978379466,-0.011719304360499394,-0.015169001662288791,-0.008534508096667257,,True,False,242,7
csi,64.5,48,tier1_regional,tier0,0.09163833404164896,0.09638722276468127,0.004748888723032307,-0.0012166858076480217,0.011464558106450067,,False,False,242,7
sedi,64.5,48,tier1_regional,tier0,0.45712062684152865,0.45314695860528886,-0.003973668236239791,-0.017477406463356746,0.011093512180176998,,False,False,242,7
csi,115.6,48,tier1_regional,tier0,0.021554341226472373,0.024774193548387096,0.003219852321914723,-0.0024229844957671296,0.008720195153121776,,False,False,242,7
sedi,115.6,48,tier1_regional,tier0,0.37583421981570425,0.3519074882147378,-0.023926731600966478,-0.060604055113362545,0.01408905276542218,,False,False,242,7
csi,204.5,48,tier1_regional,tier0,0.0,0.0,-0.0,-0.0,0.0,,False,False,242,7
sedi,204.5,48,tier1_regional,tier0,,,,,,,False,False,242,7
rmse_mm,,48,tier1_regional,tier2_emos_graphcast,14.00161902880769,13.557853926719867,0.4437651020878235,0.33035328899182353,0.5780672267202648,3.626366009005565e-14,True,False,242,7
mae_mm,,48,tier1_regional,tier2_emos_graphcast,7.453027815101549,7.02900965034045,0.4240181647610992,0.3361536356532252,0.5316290230698449,1.442553822819822e-34,True,False,242,7
csi,7.5,48,tier1_regional,tier2_emos_graphcast,0.3815653636050798,0.3799683535860805,-0.001597010018999312,-0.004241745093283622,0.001267417237389623,,False,False,242,7
sedi,7.5,48,tier1_regional,tier2_emos_graphcast,0.586600002198446,0.583780895755873,-0.002819106442572994,-0.007955845214104773,0.002783182854129998,,False,False,242,7
csi,64.5,48,tier1_regional,tier2_emos_graphcast,0.09163833404164896,0.024826089731316614,-0.06681224431033235,-0.08415151924278354,-0.0499984210901415,,True,False,242,7
sedi,64.5,48,tier1_regional,tier2_emos_graphcast,0.45712062684152865,0.372614168958662,-0.08450645788286665,-0.11928275891618892,-0.05083201496396222,,True,False,242,7
csi,115.6,48,tier1_regional,tier2_emos_graphcast,0.021554341226472373,0.00033288948069241014,-0.021221451745779964,-0.03576543203630501,-0.00867302065915266,,True,False,242,7
sedi,115.6,48,tier1_regional,tier2_emos_graphcast,0.37583421981570425,0.18871098073625184,-0.1871232390794524,-0.25254003748857007,-0.052746934586582514,,True,False,242,7
csi,204.5,48,tier1_regional,tier2_emos_graphcast,0.0,0.0,-0.0,-0.0,0.0,,False,False,242,7
sedi,204.5,48,tier1_regional,tier2_emos_graphcast,,,,,,,False,False,242,7
rmse_mm,,48,tier1_regional,tier2_emos_ifs_ens,14.00161902880769,13.670555970611163,0.33106305819652704,0.20993228425867935,0.46233881833649254,1.1365096032773583e-08,True,False,242,7
mae_mm,,48,tier1_regional,tier2_emos_ifs_ens,7.453027815101549,7.091380391039441,0.3616474240621086,0.2543333633862881,0.4966167913391852,1.1269804181740563e-21,True,False,242,7
csi,7.5,48,tier1_regional,tier2_emos_ifs_ens,0.3815653636050798,0.38147361812158714,-9.174548349266676e-05,-0.001950843152150225,0.0015987128547255089,,False,False,242,7
sedi,7.5,48,tier1_regional,tier2_emos_ifs_ens,0.586600002198446,0.5861422836517041,-0.00045771854674192536,-0.00403675009763885,0.0032850242215083387,,False,False,242,7
csi,64.5,48,tier1_regional,tier2_emos_ifs_ens,0.09163833404164896,0.024556962025316455,-0.0670813720163325,-0.08439669630822635,-0.05088058293186136,,True,False,242,7
sedi,64.5,48,tier1_regional,tier2_emos_ifs_ens,0.45712062684152865,0.3554948443784857,-0.10162578246304294,-0.12564809518783895,-0.0742939386524723,,True,False,242,7
csi,115.6,48,tier1_regional,tier2_emos_ifs_ens,0.021554341226472373,0.0006655574043261231,-0.02088878382214625,-0.03565215612195964,-0.008069944213100108,,True,False,242,7
sedi,115.6,48,tier1_regional,tier2_emos_ifs_ens,0.37583421981570425,0.2277254278418245,-0.14810879197387974,-0.1953599846422454,-0.05032714898967297,,True,False,242,7
csi,204.5,48,tier1_regional,tier2_emos_ifs_ens,0.0,0.0,-0.0,-0.0,0.0,,False,False,242,7
sedi,204.5,48,tier1_regional,tier2_emos_ifs_ens,,,,,,,False,False,242,7
rmse_mm,,48,tier2_bma,best_single_member_on_train,14.522265743723796,14.077455951250808,0.4448097924729879,-0.5387003403377256,1.9971855581894968,0.44449238824693615,False,False,242,7
mae_mm,,48,tier2_bma,best_single_member_on_train,7.124276825066535,7.461369407962495,-0.3370925828959601,-0.4816256549826568,-0.2194494761655039,1.329605286308824e-16,True,False,242,7
csi,7.5,48,tier2_bma,best_single_member_on_train,0.38190415672941236,0.37815710895190546,-0.0037470477775068955,-0.006517038337382643,-0.0010783094108800632,,True,False,242,7
sedi,7.5,48,tier2_bma,best_single_member_on_train,0.5871524516832954,0.5783620607778381,-0.008790390905457302,-0.014030439671679957,-0.003515761428365977,,True,False,242,7
csi,64.5,48,tier2_bma,best_single_member_on_train,0.04501038231342372,0.09671648074089666,0.05170609842747294,0.03602585648095922,0.0678225378619934,,True,False,242,7
sedi,64.5,48,tier2_bma,best_single_member_on_train,0.39442340004934573,0.46588908006440644,0.0714656800150607,0.039573718963875126,0.10170160742194212,,True,False,242,7
csi,115.6,48,tier2_bma,best_single_member_on_train,0.004605263157894736,0.02977818292312367,0.025172919765228934,0.008965729219234799,0.046281797501875804,,True,False,242,7
sedi,115.6,48,tier2_bma,best_single_member_on_train,0.3071709166544819,0.4148047030023809,0.10763378634789905,0.009021908963977403,0.19054058592555487,,True,False,242,7
csi,204.5,48,tier2_bma,best_single_member_on_train,0.0,0.0,-0.0,-0.0,0.0,,False,False,242,7
sedi,204.5,48,tier2_bma,best_single_member_on_train,,,,,,,False,False,242,7
rmse_mm,,48,tier2_bma,climatology,14.522265743723796,14.562365019904897,-0.04009927618110076,-0.9281131207413982,1.3769650348091012,0.9425075891681352,False,False,242,7
mae_mm,,48,tier2_bma,climatology,7.124276825066535,8.009643963083567,-0.885367138017032,-1.1379344903281818,-0.5664234965116676,3.488285123606437e-33,True,False,242,7
crps_mm,,48,tier2_bma,climatology,4.577082406229969,5.004564098810349,-0.42748169258037994,-0.7207009299589027,-0.19081828900448553,6.952983181655837e-07,True,False,242,7
brier,7.5,48,tier2_bma,climatology,0.14341669641635021,0.04294138127989862,0.1004753151364516,0.09374434366117257,0.10934337406838315,0.0,True,False,242,7
csi,7.5,48,tier2_bma,climatology,0.38190415672941236,0.30416651626349117,-0.07773764046592119,-0.09658770800436321,-0.0595727197163596,,True,False,242,7
sedi,7.5,48,tier2_bma,climatology,0.5871524516832954,0.41254595552424145,-0.174606496159054,-0.21302394681999434,-0.13622866938618886,,True,False,242,7
brier,64.5,48,tier2_bma,climatology,0.012496764243913284,0.003453661725652695,0.00904310251826059,0.007833458019663989,0.010788606662482594,6.320272427629893e-104,True,False,242,7
csi,64.5,48,tier2_bma,climatology,0.04501038231342372,0.0,-0.04501038231342372,-0.06664097567909626,-0.028158911892574225,,True,False,242,7
sedi,64.5,48,tier2_bma,climatology,0.39442340004934573,,,,,,False,False,242,7
brier,115.6,48,tier2_bma,climatology,0.0025978274809023492,0.0006982965816201185,0.0018995308992822307,0.001526687497460034,0.0024222875894979643,8.538467167875874e-44,True,False,242,7
csi,115.6,48,tier2_bma,climatology,0.004605263157894736,0.0,-0.004605263157894736,-0.008915986986196035,-0.0011801462317210358,,True,False,242,7
sedi,115.6,48,tier2_bma,climatology,0.3071709166544819,,,,,,False,False,242,7
brier,204.5,48,tier2_bma,climatology,0.00027850161090014005,7.119897304790525e-05,0.00020730263785223482,0.00015060901095565303,0.00028470592030981296,7.217563599099211e-17,True,False,242,7
csi,204.5,48,tier2_bma,climatology,0.0,0.0,-0.0,-0.0,0.0,,False,False,242,7
sedi,204.5,48,tier2_bma,climatology,,,,,,,False,False,242,7
rmse_mm,,48,tier2_bma,tier0,14.522265743723796,14.757454267513594,-0.23518852378979815,-1.2358696181338844,1.2942419858018535,0.6745414318881882,False,False,242,7
mae_mm,,48,tier2_bma,tier0,7.124276825066535,7.653279902176854,-0.5290030771103185,-0.6777860055118037,-0.4177891696562775,2.7051806395930358e-37,True,False,242,7
csi,7.5,48,tier2_bma,tier0,0.38190415672941236,0.37634303534303537,-0.005561121386376988,-0.008365546649672559,-0.00291693003481984,,True,False,242,7
sedi,7.5,48,tier2_bma,tier0,0.5871524516832954,0.5748806978379466,-0.012271753845348843,-0.01801849513155037,-0.007054709300662272,,True,False,242,7
csi,64.5,48,tier2_bma,tier0,0.04501038231342372,0.09638722276468127,0.05137684045125755,0.035580715943929364,0.0685988087024792,,True,False,242,7
sedi,64.5,48,tier2_bma,tier0,0.39442340004934573,0.45314695860528886,0.058723558555943134,0.023682056878204818,0.096709963883069,,True,False,242,7
csi,115.6,48,tier2_bma,tier0,0.004605263157894736,0.024774193548387096,0.02016893039049236,0.008790089470467099,0.03331119572908125,,True,False,242,7
sedi,115.6,48,tier2_bma,tier0,0.3071709166544819,0.3519074882147378,0.0447365715602559,-0.035565465460680214,0.12404381487226213,,False,False,242,7
csi,204.5,48,tier2_bma,tier0,0.0,0.0,-0.0,-0.0,0.0,,False,False,242,7
sedi,204.5,48,tier2_bma,tier0,,,,,,,False,False,242,7
rmse_mm,,48,tier2_bma,tier2_emos_graphcast,14.522265743723796,13.557853926719867,0.9644118170039295,0.03938639344174899,2.5245715834644553,0.10043904874488592,True,False,242,7
mae_mm,,48,tier2_bma,tier2_emos_graphcast,7.124276825066535,7.02900965034045,0.09526717472608492,0.048242942274009284,0.1417577801929899,3.394868645442907e-09,True,False,242,7
crps_mm,,48,tier2_bma,tier2_emos_graphcast,4.577082406229969,4.5537298714937045,0.023352534736264197,-0.2191546743116742,0.21232719560032234,0.7498664285500969,False,False,242,7
brier,7.5,48,tier2_bma,tier2_emos_graphcast,0.14341669641635021,0.22034728972245904,-0.07693059330610882,-0.08712619199043613,-0.06801205674384894,6.180227360255044e-126,True,False,242,7
csi,7.5,48,tier2_bma,tier2_emos_graphcast,0.38190415672941236,0.3799683535860805,-0.00193580314333186,-0.0028275264413351,-0.0007920891259644535,,True,False,242,7
sedi,7.5,48,tier2_bma,tier2_emos_graphcast,0.5871524516832954,0.583780895755873,-0.0033715559274224427,-0.005285755158496763,-0.001041056243700628,,True,False,242,7
brier,64.5,48,tier2_bma,tier2_emos_graphcast,0.012496764243913284,0.0135372358293328,-0.001040471585419516,-0.0013732402049345292,-0.0007929736195556238,1.0337377970933483e-16,True,False,242,7
csi,64.5,48,tier2_bma,tier2_emos_graphcast,0.04501038231342372,0.024826089731316614,-0.020184292582107105,-0.03567088332171783,-0.006522667062858582,,True,False,242,7
sedi,64.5,48,tier2_bma,tier2_emos_graphcast,0.39442340004934573,0.372614168958662,-0.021809231090683723,-0.06544122992230172,0.021520460228753643,,False,False,242,7
brier,115.6,48,tier2_bma,tier2_emos_graphcast,0.0025978274809023492,0.0026200750832970727,-2.2247602394723492e-05,-8.257830849045973e-05,3.325266812441097e-05,0.2956900993597702,False,False,242,7
csi,115.6,48,tier2_bma,tier2_emos_graphcast,0.004605263157894736,0.00033288948069241014,-0.004272373677202327,-0.008156988296096474,-0.0011791483325613728,,True,False,242,7
sedi,115.6,48,tier2_bma,tier2_emos_graphcast,0.3071709166544819,0.18871098073625184,-0.11845993591823004,-0.16793733572783195,-0.01842999137106247,,True,False,242,7
brier,204.5,48,tier2_bma,tier2_emos_graphcast,0.00027850161090014005,0.0002677566655983989,1.0744945301741158e-05,4.166142881418743e-06,1.8638814025900794e-05,0.0011791742855823512,True,False,242,7
csi,204.5,48,tier2_bma,tier2_emos_graphcast,0.0,0.0,-0.0,-0.0,0.0,,False,False,242,7
sedi,204.5,48,tier2_bma,tier2_emos_graphcast,,,,,,,False,False,242,7
rmse_mm,,48,tier2_bma,tier2_emos_ifs_ens,14.522265743723796,13.670555970611163,0.8517097731126331,-0.0628946053927532,2.4006517909011307,0.14499991402497867,False,False,242,7
mae_mm,,48,tier2_bma,tier2_emos_ifs_ens,7.124276825066535,7.091380391039441,0.0328964340270943,-0.024297969014500598,0.09095620207953908,0.08137291537270425,False,False,242,7
crps_mm,,48,tier2_bma,tier2_emos_ifs_ens,4.577082406229969,4.597860827917676,-0.02077842168770694,-0.2696977951047844,0.16927896004802626,0.7790084332575697,False,False,242,7
brier,7.5,48,tier2_bma,tier2_emos_ifs_ens,0.14341669641635021,0.17069548656374886,-0.027278790147398646,-0.031374900189371155,-0.02404104510923611,1.956412386588295e-70,True,False,242,7
csi,7.5,48,tier2_bma,tier2_emos_ifs_ens,0.38190415672941236,0.38147361812158714,-0.0004305386078252149,-0.002195156939810125,0.0009776119167426156,,False,False,242,7
sedi,7.5,48,tier2_bma,tier2_emos_ifs_ens,0.5871524516832954,0.5861422836517041,-0.0010101680315913741,-0.004703387271099288,0.0021744719239250748,,False,False,242,7
brier,64.5,48,tier2_bma,tier2_emos_ifs_ens,0.012496764243913284,0.013962454032582578,-0.001465689788669294,-0.0018312355938516107,-0.0011794429600258357,5.773592410704539e-23,True,False,242,7
csi,64.5,48,tier2_bma,tier2_emos_ifs_ens,0.04501038231342372,0.024556962025316455,-0.020453420288107264,-0.03699789714802385,-0.005556125470755452,,True,False,242,7
sedi,64.5,48,tier2_bma,tier2_emos_ifs_ens,0.39442340004934573,0.3554948443784857,-0.03892855567086001,-0.07735735970291759,0.0038273038410385554,,False,False,242,7
brier,115.6,48,tier2_bma,tier2_emos_ifs_ens,0.0025978274809023492,0.0029200107376199233,-0.00032218325671757404,-0.00044732643623777106,-0.00023044695630921564,1.0334027501847218e-12,True,False,242,7
csi,115.6,48,tier2_bma,tier2_emos_ifs_ens,0.004605263157894736,0.0006655574043261231,-0.003939705753568614,-0.007973187951798036,-0.0008311604386369273,,True,False,242,7
sedi,115.6,48,tier2_bma,tier2_emos_ifs_ens,0.3071709166544819,0.2277254278418245,-0.07944548881265737,-0.1204910648822195,-0.01958470825161132,,True,False,242,7
brier,204.5,48,tier2_bma,tier2_emos_ifs_ens,0.00027850161090014005,0.0002955091107683057,-1.7007499868165667e-05,-3.141175842510519e-05,-6.677271372028668e-06,0.001093838229957333,True,False,242,7
csi,204.5,48,tier2_bma,tier2_emos_ifs_ens,0.0,0.0,-0.0,-0.0,0.0,,False,False,242,7
sedi,204.5,48,tier2_bma,tier2_emos_ifs_ens,,,,,,,False,False,242,7
rmse_mm,,48,tier2_emos_graphcast,best_single_member_on_train,13.557853926719867,14.077455951250808,-0.5196020245309416,-0.6501078832938509,-0.41471087768039416,4.672023296895749e-18,True,False,242,7
mae_mm,,48,tier2_emos_graphcast,best_single_member_on_train,7.02900965034045,7.461369407962495,-0.43235975762204504,-0.5502361250675465,-0.3336657808295227,6.34582982969618e-33,True,False,242,7
csi,7.5,48,tier2_emos_graphcast,best_single_member_on_train,0.3799683535860805,0.37815710895190546,-0.0018112446341750355,-0.004464088063090614,0.0005992431136808307,,False,False,242,7
sedi,7.5,48,tier2_emos_graphcast,best_single_member_on_train,0.583780895755873,0.5783620607778381,-0.005418834978034859,-0.010539434426057925,-0.0007000208032854621,,True,False,242,7
csi,64.5,48,tier2_emos_graphcast,best_single_member_on_train,0.024826089731316614,0.09671648074089666,0.07189039100958004,0.05218764485252666,0.08979293984491066,,True,False,242,7
sedi,64.5,48,tier2_emos_graphcast,best_single_member_on_train,0.372614168958662,0.46588908006440644,0.09327491110574443,0.053921868404668505,0.12993671748469945,,True,False,242,7
csi,115.6,48,tier2_emos_graphcast,best_single_member_on_train,0.00033288948069241014,0.02977818292312367,0.029445293442431263,0.012190504055568138,0.052379813058515745,,True,False,242,7
sedi,115.6,48,tier2_emos_graphcast,best_single_member_on_train,0.18871098073625184,0.4148047030023809,0.2260937222661291,0.0833968720814771,0.2973029469470131,,True,False,242,7
csi,204.5,48,tier2_emos_graphcast,best_single_member_on_train,0.0,0.0,-0.0,-0.0,0.0,,False,False,242,7
sedi,204.5,48,tier2_emos_graphcast,best_single_member_on_train,,,,,,,False,False,242,7
rmse_mm,,48,tier2_emos_graphcast,climatology,13.557853926719867,14.562365019904897,-1.0045110931850303,-1.242241345390027,-0.7525163177921826,4.7833554602238024e-27,True,False,242,7
mae_mm,,48,tier2_emos_graphcast,climatology,7.02900965034045,8.009643963083567,-0.980634312743117,-1.2374955917894337,-0.6607053180108278,2.1246576658006853e-40,True,False,242,7
crps_mm,,48,tier2_emos_graphcast,climatology,4.5537298714937045,5.004564098810349,-0.45083422731664413,-0.545603196663042,-0.35645786994031625,2.759751858948276e-48,True,False,242,7
brier,7.5,48,tier2_emos_graphcast,climatology,0.22034728972245904,0.04294138127989862,0.17740590844256043,0.16237704833673128,0.1957685959951588,0.0,True,False,242,7
csi,7.5,48,tier2_emos_graphcast,climatology,0.3799683535860805,0.30416651626349117,-0.07580183732258933,-0.09532064372353415,-0.05748089800709336,,True,False,242,7
sedi,7.5,48,tier2_emos_graphcast,climatology,0.583780895755873,0.41254595552424145,-0.17123494023163155,-0.2105262321152841,-0.1327098186637726,,True,False,242,7
brier,64.5,48,tier2_emos_graphcast,climatology,0.0135372358293328,0.003453661725652695,0.010083574103680106,0.008784723267165062,0.01191346203281599,1.22472321987696e-99,True,False,242,7
csi,64.5,48,tier2_emos_graphcast,climatology,0.024826089731316614,0.0,-0.024826089731316614,-0.03861688297614453,-0.013954484077030736,,True,False,242,7
sedi,64.5,48,tier2_emos_graphcast,climatology,0.372614168958662,,,,,,False,False,242,7
brier,115.6,48,tier2_emos_graphcast,climatology,0.0026200750832970727,0.0006982965816201185,0.0019217785016769542,0.0015303966221178226,0.0024671259339394814,1.1249837856817763e-39,True,False,242,7
csi,115.6,48,tier2_emos_graphcast,climatology,0.00033288948069241014,0.0,-0.00033288948069241014,-0.0010949832303229442,0.0,,False,False,242,7
sedi,115.6,48,tier2_emos_graphcast,climatology,0.18871098073625184,,,,,,False,False,242,7
brier,204.5,48,tier2_emos_graphcast,climatology,0.0002677566655983989,7.119897304790525e-05,0.00019655769255049366,0.00013759570814995918,0.0002738499573334535,1.8037964816377114e-14,True,False,242,7
csi,204.5,48,tier2_emos_graphcast,climatology,0.0,0.0,-0.0,-0.0,0.0,,False,False,242,7
sedi,204.5,48,tier2_emos_graphcast,climatology,,,,,,,False,False,242,7
rmse_mm,,48,tier2_emos_graphcast,tier0,13.557853926719867,14.757454267513594,-1.1996003407937277,-1.3895975358269514,-1.0573463640727128,6.894912537923695e-40,True,False,242,7
mae_mm,,48,tier2_emos_graphcast,tier0,7.02900965034045,7.653279902176854,-0.6242702518364034,-0.7683523283296343,-0.5140173134835879,5.104055113311446e-48,True,False,242,7
csi,7.5,48,tier2_emos_graphcast,tier0,0.3799683535860805,0.37634303534303537,-0.003625318243045128,-0.007114730993647641,-0.00044608839696663147,,True,False,242,7
sedi,7.5,48,tier2_emos_graphcast,tier0,0.583780895755873,0.5748806978379466,-0.0089001979179264,-0.015891429398477354,-0.002570255350629877,,True,False,242,7
csi,64.5,48,tier2_emos_graphcast,tier0,0.024826089731316614,0.09638722276468127,0.07156113303336466,0.055702830982326396,0.08712082481256411,,True,False,242,7
sedi,64.5,48,tier2_emos_graphcast,tier0,0.372614168958662,0.45314695860528886,0.08053278964662686,0.040612288425702255,0.12229978805350071,,True,False,242,7
csi,115.6,48,tier2_emos_graphcast,tier0,0.00033288948069241014,0.024774193548387096,0.024441304067694687,0.012712001112951038,0.03793887245967357,,True,False,242,7
sedi,115.6,48,tier2_emos_graphcast,tier0,0.18871098073625184,0.3519074882147378,0.16319650747848594,0.03639960179775169,0.22879396604282976,,True,False,242,7
csi,204.5,48,tier2_emos_graphcast,tier0,0.0,0.0,-0.0,-0.0,0.0,,False,False,242,7
sedi,204.5,48,tier2_emos_graphcast,tier0,,,,,,,False,False,242,7
rmse_mm,,48,tier2_emos_graphcast,tier2_emos_ifs_ens,13.557853926719867,13.670555970611163,-0.11270204389129646,-0.17959359419108648,-0.05126499653198026,0.0011489069043501298,True,False,242,7
mae_mm,,48,tier2_emos_graphcast,tier2_emos_ifs_ens,7.02900965034045,7.091380391039441,-0.06237074069899062,-0.10939249327433459,-0.012200353668650382,0.0015541823590031526,True,False,242,7
crps_mm,,48,tier2_emos_graphcast,tier2_emos_ifs_ens,4.5537298714937045,4.597860827917676,-0.044130956423971135,-0.06870996680137378,-0.023916204794917496,0.00011325724840362198,True,False,242,7
brier,7.5,48,tier2_emos_graphcast,tier2_emos_ifs_ens,0.22034728972245904,0.17069548656374886,0.04965180315871018,0.04279026662131451,0.05753370148695169,1.7523937068971836e-99,True,False,242,7
csi,7.5,48,tier2_emos_graphcast,tier2_emos_ifs_ens,0.3799683535860805,0.38147361812158714,0.0015052645355066452,-0.001117142228036265,0.003592922160905676,,False,False,242,7
sedi,7.5,48,tier2_emos_graphcast,tier2_emos_ifs_ens,0.583780895755873,0.5861422836517041,0.0023613878958310686,-0.0029449764440368036,0.006741302021826755,,False,False,242,7
brier,64.5,48,tier2_emos_graphcast,tier2_emos_ifs_ens,0.0135372358293328,0.013962454032582578,-0.0004252182032497779,-0.0007003947964937517,-0.000152822231857206,0.004225465501398605,True,False,242,7
csi,64.5,48,tier2_emos_graphcast,tier2_emos_ifs_ens,0.024826089731316614,0.024556962025316455,-0.0002691277060001586,-0.0068052573568364244,0.005763707040536347,,False,False,242,7
sedi,64.5,48,tier2_emos_graphcast,tier2_emos_ifs_ens,0.372614168958662,0.3554948443784857,-0.017119324580176287,-0.03958944093618006,0.012084818051489343,,False,False,242,7
brier,115.6,48,tier2_emos_graphcast,tier2_emos_ifs_ens,0.0026200750832970727,0.0029200107376199233,-0.00029993565432285055,-0.00040689777541004404,-0.00022507446919436798,1.4757807474795456e-12,True,False,242,7
csi,115.6,48,tier2_emos_graphcast,tier2_emos_ifs_ens,0.00033288948069241014,0.0006655574043261231,0.000332667923633713,-0.0008359221406810439,0.001986827774584169,,False,False,242,7
sedi,115.6,48,tier2_emos_graphcast,tier2_emos_ifs_ens,0.18871098073625184,0.2277254278418245,0.03901444710557267,-0.03591314585104584,0.1189117926375964,,False,False,242,7
brier,204.5,48,tier2_emos_graphcast,tier2_emos_ifs_ens,0.0002677566655983989,0.0002955091107683057,-2.7752445169906825e-05,-4.117878247429022e-05,-1.8226372540922273e-05,1.9314597512765654e-08,True,False,242,7
csi,204.5,48,tier2_emos_graphcast,tier2_emos_ifs_ens,0.0,0.0,-0.0,-0.0,0.0,,False,False,242,7
sedi,204.5,48,tier2_emos_graphcast,tier2_emos_ifs_ens,,,,,,,False,False,242,7
rmse_mm,,48,tier2_emos_ifs_ens,best_single_member_on_train,13.670555970611163,14.077455951250808,-0.40689998063964516,-0.5538547760408429,-0.2849687761671097,1.037987022295455e-08,True,False,242,7
mae_mm,,48,tier2_emos_ifs_ens,best_single_member_on_train,7.091380391039441,7.461369407962495,-0.3699890169230544,-0.5248223981914478,-0.24375964958290455,9.082100082706204e-17,True,False,242,7
csi,7.5,48,tier2_emos_ifs_ens,best_single_member_on_train,0.38147361812158714,0.37815710895190546,-0.0033165091696816806,-0.0062675468666212875,-4.571879663327636e-05,,True,False,242,7
sedi,7.5,48,tier2_emos_ifs_ens,best_single_member_on_train,0.5861422836517041,0.5783620607778381,-0.007780222873865927,-0.013600960241905621,-0.0011281148550439024,,True,False,242,7
csi,64.5,48,tier2_emos_ifs_ens,best_single_member_on_train,0.024556962025316455,0.09671648074089666,0.0721595187155802,0.05326135500335493,0.09120253082559077,,True,False,242,7
sedi,64.5,48,tier2_emos_ifs_ens,best_single_member_on_train,0.3554948443784857,0.46588908006440644,0.11039423568592072,0.07609510916464099,0.13934180022044432,,True,False,242,7
csi,115.6,48,tier2_emos_ifs_ens,best_single_member_on_train,0.0006655574043261231,0.02977818292312367,0.02911262551879755,0.011770032455998843,0.05186184871211489,,True,False,242,7
sedi,115.6,48,tier2_emos_ifs_ens,best_single_member_on_train,0.2277254278418245,0.4148047030023809,0.18707927516055642,0.07974376212462608,0.24773259985324764,,True,False,242,7
csi,204.5,48,tier2_emos_ifs_ens,best_single_member_on_train,0.0,0.0,-0.0,-0.0,0.0,,False,False,242,7
sedi,204.5,48,tier2_emos_ifs_ens,best_single_member_on_train,,,,,,,False,False,242,7
rmse_mm,,48,tier2_emos_ifs_ens,climatology,13.670555970611163,14.562365019904897,-0.8918090492937338,-1.1333010499296592,-0.6575926022250489,9.590647785930878e-23,True,False,242,7
mae_mm,,48,tier2_emos_ifs_ens,climatology,7.091380391039441,8.009643963083567,-0.9182635720441263,-1.1543677888937485,-0.6239592893139487,4.790895865902801e-39,True,False,242,7
crps_mm,,48,tier2_emos_ifs_ens,climatology,4.597860827917676,5.004564098810349,-0.406703270892673,-0.5018039517714977,-0.31504477868152164,1.5232668675436574e-39,True,False,242,7
brier,7.5,48,tier2_emos_ifs_ens,climatology,0.17069548656374886,0.04294138127989862,0.12775410528385023,0.11874516083538648,0.13911114512805667,0.0,True,False,242,7
csi,7.5,48,tier2_emos_ifs_ens,climatology,0.38147361812158714,0.30416651626349117,-0.07730710185809597,-0.09579163298613265,-0.05867071636005527,,True,False,242,7
sedi,7.5,48,tier2_emos_ifs_ens,climatology,0.5861422836517041,0.41254595552424145,-0.17359632812746262,-0.2117503929624561,-0.13514074442721818,,True,False,242,7
brier,64.5,48,tier2_emos_ifs_ens,climatology,0.013962454032582578,0.003453661725652695,0.010508792306929884,0.00915485336617746,0.012425771300391296,1.4649156914029119e-108,True,False,242,7
csi,64.5,48,tier2_emos_ifs_ens,climatology,0.024556962025316455,0.0,-0.024556962025316455,-0.037825598629235936,-0.0152103916582874,,True,False,242,7
sedi,64.5,48,tier2_emos_ifs_ens,climatology,0.3554948443784857,,,,,,False,False,242,7
brier,115.6,48,tier2_emos_ifs_ens,climatology,0.0029200107376199233,0.0006982965816201185,0.0022217141559998047,0.0017986683132901918,0.0028128700934485443,3.3706855152004666e-44,True,False,242,7
csi,115.6,48,tier2_emos_ifs_ens,climatology,0.0006655574043261231,0.0,-0.0006655574043261231,-0.0022087274004609055,0.0,,False,False,242,7
sedi,115.6,48,tier2_emos_ifs_ens,climatology,0.2277254278418245,,,,,,False,False,242,7
brier,204.5,48,tier2_emos_ifs_ens,climatology,0.0002955091107683057,7.119897304790525e-05,0.00022431013772040049,0.00016200989024826534,0.0003090095331760441,1.461250994122438e-16,True,False,242,7
csi,204.5,48,tier2_emos_ifs_ens,climatology,0.0,0.0,-0.0,-0.0,0.0,,False,False,242,7
sedi,204.5,48,tier2_emos_ifs_ens,climatology,,,,,,,False,False,242,7
rmse_mm,,48,tier2_emos_ifs_ens,tier0,13.670555970611163,14.757454267513594,-1.0868982969024312,-1.254535144465085,-0.9562518796753857,4.777245935771382e-43,True,False,242,7
mae_mm,,48,tier2_emos_ifs_ens,tier0,7.091380391039441,7.653279902176854,-0.5618995111374128,-0.7255157615418696,-0.4414571353668972,3.2498065567734397e-40,True,False,242,7
csi,7.5,48,tier2_emos_ifs_ens,tier0,0.38147361812158714,0.37634303534303537,-0.005130582778551773,-0.007032907404949723,-0.0032258800198262313,,True,False,242,7
sedi,7.5,48,tier2_emos_ifs_ens,tier0,0.5861422836517041,0.5748806978379466,-0.011261585813757469,-0.01510004474584184,-0.007445659120958151,,True,False,242,7
csi,64.5,48,tier2_emos_ifs_ens,tier0,0.024556962025316455,0.09638722276468127,0.07183026073936481,0.057911364626546065,0.08741750090736973,,True,False,242,7
sedi,64.5,48,tier2_emos_ifs_ens,tier0,0.3554948443784857,0.45314695860528886,0.09765211422680314,0.0668299875559293,0.12650691208227605,,True,False,242,7
csi,115.6,48,tier2_emos_ifs_ens,tier0,0.0006655574043261231,0.024774193548387096,0.024108636144060974,0.012117940563036483,0.03792629387403941,,True,False,242,7
sedi,115.6,48,tier2_emos_ifs_ens,tier0,0.2277254278418245,0.3519074882147378,0.12418206037291327,0.026131635070686998,0.17845787825385112,,True,False,242,7
csi,204.5,48,tier2_emos_ifs_ens,tier0,0.0,0.0,-0.0,-0.0,0.0,,False,False,242,7
sedi,204.5,48,tier2_emos_ifs_ens,tier0,,,,,,,False,False,242,7
rmse_mm,,48,tier2_emos_ifs_ens,tier2_emos_graphcast,13.670555970611163,13.557853926719867,0.11270204389129646,0.05126499653198026,0.17959359419108648,0.0011489069043501298,True,False,242,7
mae_mm,,48,tier2_emos_ifs_ens,tier2_emos_graphcast,7.091380391039441,7.02900965034045,0.06237074069899062,0.012200353668650382,0.10939249327433459,0.0015541823590031526,True,False,242,7
crps_mm,,48,tier2_emos_ifs_ens,tier2_emos_graphcast,4.597860827917676,4.5537298714937045,0.044130956423971135,0.023916204794917496,0.06870996680137378,0.00011325724840362198,True,False,242,7
brier,7.5,48,tier2_emos_ifs_ens,tier2_emos_graphcast,0.17069548656374886,0.22034728972245904,-0.04965180315871018,-0.05753370148695169,-0.04279026662131451,1.7523937068971836e-99,True,False,242,7
csi,7.5,48,tier2_emos_ifs_ens,tier2_emos_graphcast,0.38147361812158714,0.3799683535860805,-0.0015052645355066452,-0.0035929221609056774,0.001117142228036265,,False,False,242,7
sedi,7.5,48,tier2_emos_ifs_ens,tier2_emos_graphcast,0.5861422836517041,0.583780895755873,-0.0023613878958310686,-0.006741302021826756,0.002944976444036801,,False,False,242,7
brier,64.5,48,tier2_emos_ifs_ens,tier2_emos_graphcast,0.013962454032582578,0.0135372358293328,0.0004252182032497779,0.000152822231857206,0.0007003947964937517,0.004225465501398605,True,False,242,7
csi,64.5,48,tier2_emos_ifs_ens,tier2_emos_graphcast,0.024556962025316455,0.024826089731316614,0.0002691277060001586,-0.0057637070405363484,0.006805257356836424,,False,False,242,7
sedi,64.5,48,tier2_emos_ifs_ens,tier2_emos_graphcast,0.3554948443784857,0.372614168958662,0.017119324580176287,-0.012084818051489343,0.03958944093618006,,False,False,242,7
brier,115.6,48,tier2_emos_ifs_ens,tier2_emos_graphcast,0.0029200107376199233,0.0026200750832970727,0.00029993565432285055,0.00022507446919436798,0.00040689777541004404,1.4757807474795456e-12,True,False,242,7
csi,115.6,48,tier2_emos_ifs_ens,tier2_emos_graphcast,0.0006655574043261231,0.00033288948069241014,-0.000332667923633713,-0.00198682777458417,0.0008359221406810434,,False,False,242,7
sedi,115.6,48,tier2_emos_ifs_ens,tier2_emos_graphcast,0.2277254278418245,0.18871098073625184,-0.03901444710557267,-0.11891179263759642,0.035913145851045825,,False,False,242,7
brier,204.5,48,tier2_emos_ifs_ens,tier2_emos_graphcast,0.0002955091107683057,0.0002677566655983989,2.7752445169906825e-05,1.8226372540922273e-05,4.117878247429022e-05,1.9314597512765654e-08,True,False,242,7
csi,204.5,48,tier2_emos_ifs_ens,tier2_emos_graphcast,0.0,0.0,-0.0,-0.0,0.0,,False,False,242,7
sedi,204.5,48,tier2_emos_ifs_ens,tier2_emos_graphcast,,,,,,,False,False,242,7
rmse_mm,,48,tier3_regime_conditioned,best_single_member_on_train,13.857496093021702,14.077455951250808,-0.2199598582291067,-0.3248438295115357,-0.11959885837953409,3.0493498030294766e-07,True,False,242,7
mae_mm,,48,tier3_regime_conditioned,best_single_member_on_train,7.40201606583439,7.461369407962495,-0.05935334212810517,-0.11939701582501021,0.002445196502431134,0.004954940276568913,False,False,242,7
csi,7.5,48,tier3_regime_conditioned,best_single_member_on_train,0.38367989209846015,0.37815710895190546,-0.005522783146554688,-0.00845181361740111,-0.0021974032450688616,,True,False,242,7
sedi,7.5,48,tier3_regime_conditioned,best_single_member_on_train,0.5920063485175217,0.5783620607778381,-0.013644287739683514,-0.01924742159228658,-0.007071836266932786,,True,False,242,7
csi,64.5,48,tier3_regime_conditioned,best_single_member_on_train,0.08954002291700769,0.09671648074089666,0.007176457823888968,-0.0022969514652119013,0.015706526611949365,,False,False,242,7
sedi,64.5,48,tier3_regime_conditioned,best_single_member_on_train,0.45798743521738694,0.46588908006440644,0.007901644847019496,-0.00901045863118742,0.022436459538110128,,False,False,242,7
csi,115.6,48,tier3_regime_conditioned,best_single_member_on_train,0.01838578996572141,0.02977818292312367,0.011392392957402263,-0.0011085337748885978,0.028104073013567012,,False,False,242,7
sedi,115.6,48,tier3_regime_conditioned,best_single_member_on_train,0.37196322529747,0.4148047030023809,0.042841477704910924,-0.009242157492009467,0.09031341760590016,,False,False,242,7
csi,204.5,48,tier3_regime_conditioned,best_single_member_on_train,0.0,0.0,-0.0,-0.0,0.0,,False,False,242,7
sedi,204.5,48,tier3_regime_conditioned,best_single_member_on_train,,,,,,,False,False,242,7
rmse_mm,,48,tier3_regime_conditioned,climatology,13.857496093021702,14.562365019904897,-0.7048689268831954,-1.006543535613418,-0.3850022069426118,1.0556043956932196e-08,True,False,242,7
mae_mm,,48,tier3_regime_conditioned,climatology,7.40201606583439,8.009643963083567,-0.6076278972491771,-0.8945501547088544,-0.2267310060804142,9.614646003335885e-11,True,False,242,7
csi,7.5,48,tier3_regime_conditioned,climatology,0.38367989209846015,0.30416651626349117,-0.07951337583496898,-0.09777842211013171,-0.06133131973608373,,True,False,242,7
sedi,7.5,48,tier3_regime_conditioned,climatology,0.5920063485175217,0.41254595552424145,-0.1794603929932802,-0.2167466931988169,-0.13972586892230612,,True,False,242,7
csi,64.5,48,tier3_regime_conditioned,climatology,0.08954002291700769,0.0,-0.08954002291700769,-0.11560133839385223,-0.06564144667641528,,True,False,242,7
sedi,64.5,48,tier3_regime_conditioned,climatology,0.45798743521738694,,,,,,False,False,242,7
csi,115.6,48,tier3_regime_conditioned,climatology,0.01838578996572141,0.0,-0.01838578996572141,-0.03220790884881009,-0.007726287886331571,,True,False,242,7
sedi,115.6,48,tier3_regime_conditioned,climatology,0.37196322529747,,,,,,False,False,242,7
csi,204.5,48,tier3_regime_conditioned,climatology,0.0,0.0,-0.0,-0.0,0.0,,False,False,242,7
sedi,204.5,48,tier3_regime_conditioned,climatology,,,,,,,False,False,242,7
rmse_mm,,48,tier3_regime_conditioned,tier0,13.857496093021702,14.757454267513594,-0.8999581744918927,-1.046376187310691,-0.7889839318354814,5.544262781242622e-50,True,False,242,7
mae_mm,,48,tier3_regime_conditioned,tier0,7.40201606583439,7.653279902176854,-0.2512638363424635,-0.3141690897215611,-0.20252429489397883,3.1655753898413187e-40,True,False,242,7
csi,7.5,48,tier3_regime_conditioned,tier0,0.38367989209846015,0.37634303534303537,-0.007336856755424781,-0.009711767611436058,-0.004985898027424095,,True,False,242,7
sedi,7.5,48,tier3_regime_conditioned,tier0,0.5920063485175217,0.5748806978379466,-0.017125650679575055,-0.02176631344678855,-0.012429640824207604,,True,False,242,7
csi,64.5,48,tier3_regime_conditioned,tier0,0.08954002291700769,0.09638722276468127,0.006847199847673582,-0.0012006984597474689,0.01522282718696717,,False,False,242,7
sedi,64.5,48,tier3_regime_conditioned,tier0,0.45798743521738694,0.45314695860528886,-0.004840476612098077,-0.022637498837607205,0.012950761132198205,,False,False,242,7
csi,115.6,48,tier3_regime_conditioned,tier0,0.01838578996572141,0.024774193548387096,0.006388403582665687,0.00019265506810556385,0.011606576424250881,,True,False,242,7
sedi,115.6,48,tier3_regime_conditioned,tier0,0.37196322529747,0.3519074882147378,-0.020055737082732228,-0.0576062466942251,0.019821244716378195,,False,False,242,7
csi,204.5,48,tier3_regime_conditioned,tier0,0.0,0.0,-0.0,-0.0,0.0,,False,False,242,7
sedi,204.5,48,tier3_regime_conditioned,tier0,,,,,,,False,False,242,7
rmse_mm,,48,tier3_regime_conditioned,tier2_emos_graphcast,13.857496093021702,13.557853926719867,0.29964216630183493,0.1865352434761729,0.4288332282154595,1.1809397564444169e-08,True,False,242,7
mae_mm,,48,tier3_regime_conditioned,tier2_emos_graphcast,7.40201606583439,7.02900965034045,0.37300641549393987,0.30464793287279157,0.46670506619298346,8.402336657484879e-37,True,False,242,7
csi,7.5,48,tier3_regime_conditioned,tier2_emos_graphcast,0.38367989209846015,0.3799683535860805,-0.003711538512379653,-0.005308540658506932,-0.0017050773682537063,,True,False,242,7
sedi,7.5,48,tier3_regime_conditioned,tier2_emos_graphcast,0.5920063485175217,0.583780895755873,-0.008225452761648655,-0.011415053600052159,-0.004155249625120486,,True,False,242,7
csi,64.5,48,tier3_regime_conditioned,tier2_emos_graphcast,0.08954002291700769,0.024826089731316614,-0.06471393318569107,-0.08162924637751602,-0.048729235555584456,,True,False,242,7
sedi,64.5,48,tier3_regime_conditioned,tier2_emos_graphcast,0.45798743521738694,0.372614168958662,-0.08537326625872493,-0.12175336455973354,-0.05294792760145123,,True,False,242,7
csi,115.6,48,tier3_regime_conditioned,tier2_emos_graphcast,0.01838578996572141,0.00033288948069241014,-0.018052900485029,-0.03155421648141674,-0.007489898683098264,,True,False,242,7
sedi,115.6,48,tier3_regime_conditioned,tier2_emos_graphcast,0.37196322529747,0.18871098073625184,-0.18325224456121816,-0.25033445342146315,-0.06545904193747296,,True,False,242,7
csi,204.5,48,tier3_regime_conditioned,tier2_emos_graphcast,0.0,0.0,-0.0,-0.0,0.0,,False,False,242,7
sedi,204.5,48,tier3_regime_conditioned,tier2_emos_graphcast,,,,,,,False,False,242,7
rmse_mm,,48,tier3_regime_conditioned,tier2_emos_ifs_ens,13.857496093021702,13.670555970611163,0.18694012241053848,0.060789488244160424,0.32099711440615897,0.0008304000662198714,True,False,242,7
mae_mm,,48,tier3_regime_conditioned,tier2_emos_ifs_ens,7.40201606583439,7.091380391039441,0.31063567479494925,0.2237337246622168,0.4331415828494645,8.300130448192271e-20,True,False,242,7
csi,7.5,48,tier3_regime_conditioned,tier2_emos_ifs_ens,0.38367989209846015,0.38147361812158714,-0.0022062739768730077,-0.003983300379626488,-0.0003989449969534321,,True,False,242,7
sedi,7.5,48,tier3_regime_conditioned,tier2_emos_ifs_ens,0.5920063485175217,0.5861422836517041,-0.0058640648658175865,-0.00931335176116147,-0.002385220189308202,,True,False,242,7
csi,64.5,48,tier3_regime_conditioned,tier2_emos_ifs_ens,0.08954002291700769,0.024556962025316455,-0.06498306089169123,-0.08184281584291705,-0.049174908912168296,,True,False,242,7
sedi,64.5,48,tier3_regime_conditioned,tier2_emos_ifs_ens,0.45798743521738694,0.3554948443784857,-0.10249259083890122,-0.12481921014376537,-0.07920661243182847,,True,False,242,7
csi,115.6,48,tier3_regime_conditioned,tier2_emos_ifs_ens,0.01838578996572141,0.0006655574043261231,-0.017720232561395287,-0.031615243176657516,-0.007135070018155693,,True,False,242,7
sedi,115.6,48,tier3_regime_conditioned,tier2_emos_ifs_ens,0.37196322529747,0.2277254278418245,-0.1442377974556455,-0.19355528011823087,-0.059761851657556264,,True,False,242,7
csi,204.5,48,tier3_regime_conditioned,tier2_emos_ifs_ens,0.0,0.0,-0.0,-0.0,0.0,,False,False,242,7
sedi,204.5,48,tier3_regime_conditioned,tier2_emos_ifs_ens,,,,,,,False,False,242,7
rmse_mm,,72,best_single_member_on_train,climatology,14.150802263043547,14.593735845907853,-0.4429335828643062,-0.6779854010449003,-0.18917462931166024,0.0003199676172216555,True,False,240,7
mae_mm,,72,best_single_member_on_train,climatology,7.562813118633532,8.028091622439566,-0.46527850380603475,-0.7698808223792352,-0.07757855354889052,2.619019399593014e-06,True,False,240,7
csi,7.5,72,best_single_member_on_train,climatology,0.37765139116202945,0.30462543377757756,-0.07302595738445189,-0.09279525047434783,-0.05499640008166739,,True,False,240,7
sedi,7.5,72,best_single_member_on_train,climatology,0.5793637320525594,0.41266582525102424,-0.16669790680153518,-0.20708160116716443,-0.12785272142580736,,True,False,240,7
csi,64.5,72,best_single_member_on_train,climatology,0.07977900552486188,0.0,-0.07977900552486188,-0.10214740850923046,-0.05983318891890921,,True,False,240,7
sedi,64.5,72,best_single_member_on_train,climatology,0.4389508344966238,,,,,,False,False,240,7
csi,115.6,72,best_single_member_on_train,climatology,0.013341804320203304,0.0,-0.013341804320203304,-0.024349468031717354,-0.004075779030811259,,True,False,240,7
sedi,115.6,72,best_single_member_on_train,climatology,0.35160293540892773,,,,,,False,False,240,7
csi,204.5,72,best_single_member_on_train,climatology,0.0,0.0,-0.0,-0.0,0.0,,False,False,240,7
sedi,204.5,72,best_single_member_on_train,climatology,,,,,,,False,False,240,7
rmse_mm,,72,best_single_member_on_train,tier0,14.150802263043547,14.838952545069054,-0.6881502820255072,-0.8835304130157171,-0.5194157108335282,5.305161762048772e-16,True,False,240,7
mae_mm,,72,best_single_member_on_train,tier0,7.562813118633532,7.669676973864886,-0.10686385523135389,-0.18681671491337104,-0.03010974582698496,0.0014540704907445854,True,False,240,7
csi,7.5,72,best_single_member_on_train,tier0,0.37765139116202945,0.37914506260315767,0.0014936714411282193,-0.002451984624197487,0.005364339176368887,,False,False,240,7
sedi,7.5,72,best_single_member_on_train,tier0,0.5793637320525594,0.580375901023475,0.0010121689709156056,-0.007224164448028775,0.00956515605799364,,False,False,240,7
csi,64.5,72,best_single_member_on_train,tier0,0.07977900552486188,0.08294691019210751,0.003167904667245633,-0.008089895163042999,0.015412390870759473,,False,False,240,7
sedi,64.5,72,best_single_member_on_train,tier0,0.4389508344966238,0.42298918704373295,-0.01596164745289086,-0.04558871980004216,0.01309388205111922,,False,False,240,7
csi,115.6,72,best_single_member_on_train,tier0,0.013341804320203304,0.02263267429760666,0.009290869977403356,-0.0047198599665129,0.02447319502496132,,False,False,240,7
sedi,115.6,72,best_single_member_on_train,tier0,0.35160293540892773,0.34096606932729073,-0.010636866081636998,-0.1015475888914722,0.08652029515444683,,False,False,240,7
csi,204.5,72,best_single_member_on_train,tier0,0.0,0.0,-0.0,-0.0,0.0,,False,False,240,7
sedi,204.5,72,best_single_member_on_train,tier0,,,,,,,False,False,240,7
rmse_mm,,72,best_single_member_on_train,tier2_emos_graphcast,14.150802263043547,13.584506389446997,0.56629587359655,0.4443510742311949,0.7030181695225839,6.193227520770869e-16,True,False,240,7
mae_mm,,72,best_single_member_on_train,tier2_emos_graphcast,7.562813118633532,7.032777050278985,0.5300360683545469,0.4350976736551081,0.6526615470833401,8.987587699976745e-51,True,False,240,7
csi,7.5,72,best_single_member_on_train,tier2_emos_graphcast,0.37765139116202945,0.3807653464340447,0.0031139552720152452,0.0012195302608059885,0.0050090062194242295,,True,False,240,7
sedi,7.5,72,best_single_member_on_train,tier2_emos_graphcast,0.5793637320525594,0.584269693977062,0.004905961924502544,0.0010499514849912545,0.009232256337150217,,True,False,240,7
csi,64.5,72,best_single_member_on_train,tier2_emos_graphcast,0.07977900552486188,0.023328646299373642,-0.05645035922548823,-0.07294371569926625,-0.04141942398773083,,True,False,240,7
sedi,64.5,72,best_single_member_on_train,tier2_emos_graphcast,0.4389508344966238,0.36223180825145185,-0.07671902624517196,-0.11421476512455558,-0.04016087835003049,,True,False,240,7
csi,115.6,72,best_single_member_on_train,tier2_emos_graphcast,0.013341804320203304,0.0,-0.013341804320203304,-0.024349468031717354,-0.004075779030811259,,True,False,240,7
sedi,115.6,72,best_single_member_on_train,tier2_emos_graphcast,0.35160293540892773,,,,,,False,False,240,7
csi,204.5,72,best_single_member_on_train,tier2_emos_graphcast,0.0,0.0,-0.0,-0.0,0.0,,False,False,240,7
sedi,204.5,72,best_single_member_on_train,tier2_emos_graphcast,,,,,,,False,False,240,7
rmse_mm,,72,best_single_member_on_train,tier2_emos_ifs_ens,14.150802263043547,13.75581338686653,0.39498887617701683,0.2636227549546614,0.5370170720576884,2.2031034076877127e-06,True,False,240,7
mae_mm,,72,best_single_member_on_train,tier2_emos_ifs_ens,7.562813118633532,7.109170603916221,0.4536425147173109,0.340228745235458,0.6023284297661328,2.5281264168405575e-22,True,False,240,7
csi,7.5,72,best_single_member_on_train,tier2_emos_ifs_ens,0.37765139116202945,0.38379247281574286,0.006141081653713409,0.002432351585919326,0.009631628977752228,,True,False,240,7
sedi,7.5,72,best_single_member_on_train,tier2_emos_ifs_ens,0.5793637320525594,0.590801349076081,0.011437617023521529,0.003918069676247887,0.01865400230017457,,True,False,240,7
csi,64.5,72,best_single_member_on_train,tier2_emos_ifs_ens,0.07977900552486188,0.036553041977439436,-0.04322596354742244,-0.05927194570554376,-0.0282430365414074,,True,False,240,7
sedi,64.5,72,best_single_member_on_train,tier2_emos_ifs_ens,0.4389508344966238,0.37067293842678894,-0.06827789606983486,-0.09949907063928685,-0.03650488531737724,,True,False,240,7
csi,115.6,72,best_single_member_on_train,tier2_emos_ifs_ens,0.013341804320203304,0.0,-0.013341804320203304,-0.024349468031717354,-0.004075779030811259,,True,False,240,7
sedi,115.6,72,best_single_member_on_train,tier2_emos_ifs_ens,0.35160293540892773,,,,,,False,False,240,7
csi,204.5,72,best_single_member_on_train,tier2_emos_ifs_ens,0.0,0.0,-0.0,-0.0,0.0,,False,False,240,7
sedi,204.5,72,best_single_member_on_train,tier2_emos_ifs_ens,,,,,,,False,False,240,7
rmse_mm,,72,climatology,best_single_member_on_train,14.593735845907853,14.150802263043547,0.4429335828643062,0.18917462931166024,0.6779854010449003,0.0003199676172216555,True,False,240,7
mae_mm,,72,climatology,best_single_member_on_train,8.028091622439566,7.562813118633532,0.46527850380603475,0.07757855354889052,0.7698808223792352,2.619019399593014e-06,True,False,240,7
csi,7.5,72,climatology,best_single_member_on_train,0.30462543377757756,0.37765139116202945,0.07302595738445189,0.05499640008166739,0.09279525047434783,,True,False,240,7
sedi,7.5,72,climatology,best_single_member_on_train,0.41266582525102424,0.5793637320525594,0.16669790680153518,0.12785272142580736,0.20708160116716443,,True,False,240,7
csi,64.5,72,climatology,best_single_member_on_train,0.0,0.07977900552486188,0.07977900552486188,0.0598331889189092,0.10214740850923046,,True,False,240,7
sedi,64.5,72,climatology,best_single_member_on_train,,0.4389508344966238,,,,,False,False,240,7
csi,115.6,72,climatology,best_single_member_on_train,0.0,0.013341804320203304,0.013341804320203304,0.004075779030811259,0.024349468031717354,,True,False,240,7
sedi,115.6,72,climatology,best_single_member_on_train,,0.35160293540892773,,,,,False,False,240,7
csi,204.5,72,climatology,best_single_member_on_train,0.0,0.0,-0.0,-0.0,0.0,,False,False,240,7
sedi,204.5,72,climatology,best_single_member_on_train,,,,,,,False,False,240,7
rmse_mm,,72,climatology,tier0,14.593735845907853,14.838952545069054,-0.24521669916120103,-0.5689365929335263,0.021290928293614925,0.03968662491963027,False,False,240,7
mae_mm,,72,climatology,tier0,8.028091622439566,7.669676973864886,0.35841464857468086,-0.039758487716083556,0.6719165923501685,0.0002478047116128979,False,False,240,7
csi,7.5,72,climatology,tier0,0.30462543377757756,0.37914506260315767,0.07451962882558011,0.0573228822375625,0.09268847204984336,,True,False,240,7
sedi,7.5,72,climatology,tier0,0.41266582525102424,0.580375901023475,0.16771007577245078,0.13064589169562177,0.2069704307943521,,True,False,240,7
csi,64.5,72,climatology,tier0,0.0,0.08294691019210751,0.08294691019210751,0.06611564196194906,0.10509518499967792,,True,False,240,7
sedi,64.5,72,climatology,tier0,,0.42298918704373295,,,,,False,False,240,7
csi,115.6,72,climatology,tier0,0.0,0.02263267429760666,0.02263267429760666,0.010557768712974177,0.038182076701823026,,True,False,240,7
sedi,115.6,72,climatology,tier0,,0.34096606932729073,,,,,False,False,240,7
csi,204.5,72,climatology,tier0,0.0,0.0,-0.0,-0.0,0.0,,False,False,240,7
sedi,204.5,72,climatology,tier0,,,,,,,False,False,240,7
rmse_mm,,72,climatology,tier2_emos_graphcast,14.593735845907853,13.584506389446997,1.0092294564608562,0.7844688600195856,1.240610586080361,3.8390691947783776e-28,True,False,240,7
mae_mm,,72,climatology,tier2_emos_graphcast,8.028091622439566,7.032777050278985,0.9953145721605816,0.6823326492944427,1.2490971625291476,5.645758681201669e-41,True,False,240,7
crps_mm,,72,climatology,tier2_emos_graphcast,5.016815567094072,4.560170694004169,0.4566448730899033,0.3698722375415014,0.5473942517351866,1.161727512849443e-50,True,False,240,7
brier,7.5,72,climatology,tier2_emos_graphcast,0.04298498131891408,0.22034881866222258,-0.17736383734330852,-0.19624791801629485,-0.161545028300644,0.0,True,False,240,7
csi,7.5,72,climatology,tier2_emos_graphcast,0.30462543377757756,0.3807653464340447,0.07613991265646713,0.058043838081897836,0.095816282745472,,True,False,240,7
sedi,7.5,72,climatology,tier2_emos_graphcast,0.41266582525102424,0.584269693977062,0.17160386872603772,0.1338174247621412,0.21261156071623652,,True,False,240,7
brier,64.5,72,climatology,tier2_emos_graphcast,0.003472282915564626,0.01347574427715084,-0.010003461361586214,-0.011861995595003283,-0.008678078583439996,2.1061302564396677e-100,True,False,240,7
csi,64.5,72,climatology,tier2_emos_graphcast,0.0,0.023328646299373642,0.023328646299373642,0.01360956725598523,0.035685327574671986,,True,False,240,7
sedi,64.5,72,climatology,tier2_emos_graphcast,,0.36223180825145185,,,,,False,False,240,7
brier,115.6,72,climatology,tier2_emos_graphcast,0.0007037944417812715,0.002637604345095587,-0.0019338099033143156,-0.0024696079377715128,-0.0015444437943774782,1.289810141829305e-39,True,False,240,7
csi,115.6,72,climatology,tier2_emos_graphcast,0.0,0.0,-0.0,-0.0,0.0,,False,False,240,7
sedi,115.6,72,climatology,tier2_emos_graphcast,,,,,,,False,False,240,7
brier,204.5,72,climatology,tier2_emos_graphcast,7.178595678470075e-05,0.000270035694671815,-0.00019824973788711424,-0.0002783590214129327,-0.00014021220916993644,1.7342624946792802e-14,True,False,240,7
csi,204.5,72,climatology,tier2_emos_graphcast,0.0,0.0,-0.0,-0.0,0.0,,False,False,240,7
sedi,204.5,72,climatology,tier2_emos_graphcast,,,,,,,False,False,240,7
rmse_mm,,72,climatology,tier2_emos_ifs_ens,14.593735845907853,13.75581338686653,0.837922459041323,0.623440933106434,1.0489581121287177,7.517103973956312e-24,True,False,240,7
mae_mm,,72,climatology,tier2_emos_ifs_ens,8.028091622439566,7.109170603916221,0.9189210185233456,0.631837759710473,1.1663696014050262,2.1932497273105666e-39,True,False,240,7
crps_mm,,72,climatology,tier2_emos_ifs_ens,5.016815567094072,4.615239768185557,0.4015757989085156,0.31483392680498734,0.48875492089235795,1.5786436261308265e-43,True,False,240,7
brier,7.5,72,climatology,tier2_emos_ifs_ens,0.04298498131891408,0.1635207891098024,-0.12053580779088831,-0.13077882688768555,-0.11236338330974502,0.0,True,False,240,7
csi,7.5,72,climatology,tier2_emos_ifs_ens,0.30462543377757756,0.38379247281574286,0.0791670390381653,0.06118823799178214,0.09757280701061136,,True,False,240,7
sedi,7.5,72,climatology,tier2_emos_ifs_ens,0.41266582525102424,0.590801349076081,0.1781355238250567,0.1401470641005477,0.21713128233653306,,True,False,240,7
brier,64.5,72,climatology,tier2_emos_ifs_ens,0.003472282915564626,0.013923353361753602,-0.010451070446188976,-0.01235667262130559,-0.009055857978209469,8.944199177250802e-111,True,False,240,7
csi,64.5,72,climatology,tier2_emos_ifs_ens,0.0,0.036553041977439436,0.036553041977439436,0.023771075932421643,0.05342864378527707,,True,False,240,7
sedi,64.5,72,climatology,tier2_emos_ifs_ens,,0.37067293842678894,,,,,False,False,240,7
brier,115.6,72,climatology,tier2_emos_ifs_ens,0.0007037944417812715,0.002954399874564004,-0.0022506054327827325,-0.0028356546302712345,-0.0017954146944915658,1.002778492389689e-44,True,False,240,7
csi,115.6,72,climatology,tier2_emos_ifs_ens,0.0,0.0,-0.0,-0.0,0.0,,False,False,240,7
sedi,115.6,72,climatology,tier2_emos_ifs_ens,,,,,,,False,False,240,7
brier,204.5,72,climatology,tier2_emos_ifs_ens,7.178595678470075e-05,0.00030707473700136945,-0.0002352887802166687,-0.00032951735507298445,-0.0001705123424268279,1.0191325061819741e-16,True,False,240,7
csi,204.5,72,climatology,tier2_emos_ifs_ens,0.0,0.0,-0.0,-0.0,0.0,,False,False,240,7
sedi,204.5,72,climatology,tier2_emos_ifs_ens,,,,,,,False,False,240,7
rmse_mm,,72,graphcast,best_single_member_on_train,14.150802263043547,14.150802263043547,0.0,0.0,0.0,1.0,False,False,240,7
mae_mm,,72,graphcast,best_single_member_on_train,7.562813118633532,7.562813118633532,0.0,0.0,0.0,1.0,False,False,240,7
csi,7.5,72,graphcast,best_single_member_on_train,0.37765139116202945,0.37765139116202945,-0.0,-0.0,0.0,,False,False,240,7
sedi,7.5,72,graphcast,best_single_member_on_train,0.5793637320525594,0.5793637320525594,-0.0,-0.0,0.0,,False,False,240,7
csi,64.5,72,graphcast,best_single_member_on_train,0.07977900552486188,0.07977900552486188,-0.0,-0.0,0.0,,False,False,240,7
sedi,64.5,72,graphcast,best_single_member_on_train,0.4389508344966238,0.4389508344966238,-0.0,-0.0,0.0,,False,False,240,7
csi,115.6,72,graphcast,best_single_member_on_train,0.013341804320203304,0.013341804320203304,-0.0,-0.0,0.0,,False,False,240,7
sedi,115.6,72,graphcast,best_single_member_on_train,0.35160293540892773,0.35160293540892773,-0.0,-0.0,0.0,,False,False,240,7
csi,204.5,72,graphcast,best_single_member_on_train,0.0,0.0,-0.0,-0.0,0.0,,False,False,240,7
sedi,204.5,72,graphcast,best_single_member_on_train,,,,,,,False,False,240,7
rmse_mm,,72,graphcast,climatology,14.150802263043547,14.593735845907853,-0.4429335828643062,-0.6779854010449003,-0.18917462931166024,0.0003199676172216555,True,False,240,7
mae_mm,,72,graphcast,climatology,7.562813118633532,8.028091622439566,-0.46527850380603475,-0.7698808223792352,-0.07757855354889052,2.619019399593014e-06,True,False,240,7
csi,7.5,72,graphcast,climatology,0.37765139116202945,0.30462543377757756,-0.07302595738445189,-0.09279525047434783,-0.05499640008166739,,True,False,240,7
sedi,7.5,72,graphcast,climatology,0.5793637320525594,0.41266582525102424,-0.16669790680153518,-0.20708160116716443,-0.12785272142580736,,True,False,240,7
csi,64.5,72,graphcast,climatology,0.07977900552486188,0.0,-0.07977900552486188,-0.10214740850923046,-0.05983318891890921,,True,False,240,7
sedi,64.5,72,graphcast,climatology,0.4389508344966238,,,,,,False,False,240,7
csi,115.6,72,graphcast,climatology,0.013341804320203304,0.0,-0.013341804320203304,-0.024349468031717354,-0.004075779030811259,,True,False,240,7
sedi,115.6,72,graphcast,climatology,0.35160293540892773,,,,,,False,False,240,7
csi,204.5,72,graphcast,climatology,0.0,0.0,-0.0,-0.0,0.0,,False,False,240,7
sedi,204.5,72,graphcast,climatology,,,,,,,False,False,240,7
rmse_mm,,72,graphcast,tier0,14.150802263043547,14.838952545069054,-0.6881502820255072,-0.8835304130157171,-0.5194157108335282,5.305161762048772e-16,True,False,240,7
mae_mm,,72,graphcast,tier0,7.562813118633532,7.669676973864886,-0.10686385523135389,-0.18681671491337104,-0.03010974582698496,0.0014540704907445854,True,False,240,7
csi,7.5,72,graphcast,tier0,0.37765139116202945,0.37914506260315767,0.0014936714411282193,-0.002451984624197487,0.005364339176368887,,False,False,240,7
sedi,7.5,72,graphcast,tier0,0.5793637320525594,0.580375901023475,0.0010121689709156056,-0.007224164448028775,0.00956515605799364,,False,False,240,7
csi,64.5,72,graphcast,tier0,0.07977900552486188,0.08294691019210751,0.003167904667245633,-0.008089895163042999,0.015412390870759473,,False,False,240,7
sedi,64.5,72,graphcast,tier0,0.4389508344966238,0.42298918704373295,-0.01596164745289086,-0.04558871980004216,0.01309388205111922,,False,False,240,7
csi,115.6,72,graphcast,tier0,0.013341804320203304,0.02263267429760666,0.009290869977403356,-0.0047198599665129,0.02447319502496132,,False,False,240,7
sedi,115.6,72,graphcast,tier0,0.35160293540892773,0.34096606932729073,-0.010636866081636998,-0.1015475888914722,0.08652029515444683,,False,False,240,7
csi,204.5,72,graphcast,tier0,0.0,0.0,-0.0,-0.0,0.0,,False,False,240,7
sedi,204.5,72,graphcast,tier0,,,,,,,False,False,240,7
rmse_mm,,72,graphcast,tier2_emos_graphcast,14.150802263043547,13.584506389446997,0.56629587359655,0.4443510742311949,0.7030181695225839,6.193227520770869e-16,True,False,240,7
mae_mm,,72,graphcast,tier2_emos_graphcast,7.562813118633532,7.032777050278985,0.5300360683545469,0.4350976736551081,0.6526615470833401,8.987587699976745e-51,True,False,240,7
csi,7.5,72,graphcast,tier2_emos_graphcast,0.37765139116202945,0.3807653464340447,0.0031139552720152452,0.0012195302608059885,0.0050090062194242295,,True,False,240,7
sedi,7.5,72,graphcast,tier2_emos_graphcast,0.5793637320525594,0.584269693977062,0.004905961924502544,0.0010499514849912545,0.009232256337150217,,True,False,240,7
csi,64.5,72,graphcast,tier2_emos_graphcast,0.07977900552486188,0.023328646299373642,-0.05645035922548823,-0.07294371569926625,-0.04141942398773083,,True,False,240,7
sedi,64.5,72,graphcast,tier2_emos_graphcast,0.4389508344966238,0.36223180825145185,-0.07671902624517196,-0.11421476512455558,-0.04016087835003049,,True,False,240,7
csi,115.6,72,graphcast,tier2_emos_graphcast,0.013341804320203304,0.0,-0.013341804320203304,-0.024349468031717354,-0.004075779030811259,,True,False,240,7
sedi,115.6,72,graphcast,tier2_emos_graphcast,0.35160293540892773,,,,,,False,False,240,7
csi,204.5,72,graphcast,tier2_emos_graphcast,0.0,0.0,-0.0,-0.0,0.0,,False,False,240,7
sedi,204.5,72,graphcast,tier2_emos_graphcast,,,,,,,False,False,240,7
rmse_mm,,72,graphcast,tier2_emos_ifs_ens,14.150802263043547,13.75581338686653,0.39498887617701683,0.2636227549546614,0.5370170720576884,2.2031034076877127e-06,True,False,240,7
mae_mm,,72,graphcast,tier2_emos_ifs_ens,7.562813118633532,7.109170603916221,0.4536425147173109,0.340228745235458,0.6023284297661328,2.5281264168405575e-22,True,False,240,7
csi,7.5,72,graphcast,tier2_emos_ifs_ens,0.37765139116202945,0.38379247281574286,0.006141081653713409,0.002432351585919326,0.009631628977752228,,True,False,240,7
sedi,7.5,72,graphcast,tier2_emos_ifs_ens,0.5793637320525594,0.590801349076081,0.011437617023521529,0.003918069676247887,0.01865400230017457,,True,False,240,7
csi,64.5,72,graphcast,tier2_emos_ifs_ens,0.07977900552486188,0.036553041977439436,-0.04322596354742244,-0.05927194570554376,-0.0282430365414074,,True,False,240,7
sedi,64.5,72,graphcast,tier2_emos_ifs_ens,0.4389508344966238,0.37067293842678894,-0.06827789606983486,-0.09949907063928685,-0.03650488531737724,,True,False,240,7
csi,115.6,72,graphcast,tier2_emos_ifs_ens,0.013341804320203304,0.0,-0.013341804320203304,-0.024349468031717354,-0.004075779030811259,,True,False,240,7
sedi,115.6,72,graphcast,tier2_emos_ifs_ens,0.35160293540892773,,,,,,False,False,240,7
csi,204.5,72,graphcast,tier2_emos_ifs_ens,0.0,0.0,-0.0,-0.0,0.0,,False,False,240,7
sedi,204.5,72,graphcast,tier2_emos_ifs_ens,,,,,,,False,False,240,7
rmse_mm,,72,hres,best_single_member_on_train,19.407860808707103,14.150802263043547,5.257058545663556,4.663511277663001,6.042910050988492,3.688191702108866e-68,True,False,240,7
mae_mm,,72,hres,best_single_member_on_train,8.57461957643069,7.562813118633532,1.0118064577971584,0.8471614447297368,1.2203914004007939,9.03042254229974e-56,True,False,240,7
csi,7.5,72,hres,best_single_member_on_train,0.340024592889486,0.37765139116202945,0.03762679827254345,0.029841560911240392,0.04659045602076793,,True,False,240,7
sedi,7.5,72,hres,best_single_member_on_train,0.4979681624685016,0.5793637320525594,0.0813955695840578,0.06469439717568942,0.09776328584292265,,True,False,240,7
csi,64.5,72,hres,best_single_member_on_train,0.07910162681946914,0.07977900552486188,0.0006773787053927366,-0.014078036057976546,0.015449103048364676,,False,False,240,7
sedi,64.5,72,hres,best_single_member_on_train,0.41024334644511423,0.4389508344966238,0.028707488051509578,-0.008049928926434493,0.06759835684101148,,False,False,240,7
csi,115.6,72,hres,best_single_member_on_train,0.02905414053500576,0.013341804320203304,-0.015712336214802457,-0.028769306665353735,-0.003510862571206641,,True,False,240,7
sedi,115.6,72,hres,best_single_member_on_train,0.3619885347115273,0.35160293540892773,-0.01038559930259958,-0.11075956976456576,0.08014003003659806,,False,False,240,7
csi,204.5,72,hres,best_single_member_on_train,0.002828854314002829,0.0,-0.002828854314002829,-0.006526744944553163,0.0,,False,False,240,7
sedi,204.5,72,hres,best_single_member_on_train,0.23099179677465453,,,,,,False,False,240,7
rmse_mm,,72,hres,climatology,19.407860808707103,14.593735845907853,4.81412496279925,4.22026469368225,5.62936764117219,1.0290630097903532e-57,True,False,240,7
mae_mm,,72,hres,climatology,8.57461957643069,8.028091622439566,0.5465279539911236,0.16486818430935907,1.0803529940957537,6.747793812406662e-06,True,False,240,7
csi,7.5,72,hres,climatology,0.340024592889486,0.30462543377757756,-0.03539915911190844,-0.0525956541746104,-0.019145616794975295,,True,False,240,7
sedi,7.5,72,hres,climatology,0.4979681624685016,0.41266582525102424,-0.08530233721747738,-0.12453084253225896,-0.04878011426322128,,True,False,240,7
csi,64.5,72,hres,climatology,0.07910162681946914,0.0,-0.07910162681946914,-0.09548997100472481,-0.06604975035944778,,True,False,240,7
sedi,64.5,72,hres,climatology,0.41024334644511423,,,,,,False,False,240,7
csi,115.6,72,hres,climatology,0.02905414053500576,0.0,-0.02905414053500576,-0.04174281351495467,-0.018954406547288884,,True,False,240,7
sedi,115.6,72,hres,climatology,0.3619885347115273,,,,,,False,False,240,7
csi,204.5,72,hres,climatology,0.002828854314002829,0.0,-0.002828854314002829,-0.006526744944553163,0.0,,False,False,240,7
sedi,204.5,72,hres,climatology,0.23099179677465453,,,,,,False,False,240,7
rmse_mm,,72,hres,tier0,19.407860808707103,14.838952545069054,4.568908263638049,4.039890737434978,5.205359867992302,1.5193815200415522e-74,True,False,240,7
mae_mm,,72,hres,tier0,8.57461957643069,7.669676973864886,0.9049426025658045,0.7830369984983543,1.0713562460659833,7.731041678649796e-109,True,False,240,7
csi,7.5,72,hres,tier0,0.340024592889486,0.37914506260315767,0.03912046971367167,0.033352708628750526,0.045534914663982635,,True,False,240,7
sedi,7.5,72,hres,tier0,0.4979681624685016,0.580375901023475,0.08240773855497341,0.07117485791334513,0.09303161715796344,,True,False,240,7
csi,64.5,72,hres,tier0,0.07910162681946914,0.08294691019210751,0.0038452833726383695,-0.003007233185487194,0.011982904918041794,,False,False,240,7
sedi,64.5,72,hres,tier0,0.41024334644511423,0.42298918704373295,0.012745840598618718,-0.00402307679426205,0.029439465184090664,,False,False,240,7
csi,115.6,72,hres,tier0,0.02905414053500576,0.02263267429760666,-0.006421466237399101,-0.012149647118486382,-0.00035244946702088996,,True,False,240,7
sedi,115.6,72,hres,tier0,0.3619885347115273,0.34096606932729073,-0.021022465384236577,-0.05785274754184513,0.008269012583455236,,False,False,240,7
csi,204.5,72,hres,tier0,0.002828854314002829,0.0,-0.002828854314002829,-0.006526744944553163,0.0,,False,False,240,7
sedi,204.5,72,hres,tier0,0.23099179677465453,,,,,,False,False,240,7
rmse_mm,,72,hres,tier2_emos_graphcast,19.407860808707103,13.584506389446997,5.823354419260106,5.2131893896945005,6.656233759797779,2.0448772561663134e-74,True,False,240,7
mae_mm,,72,hres,tier2_emos_graphcast,8.57461957643069,7.032777050278985,1.5418425261517053,1.3104921263509084,1.8426990347758185,7.954696734740052e-89,True,False,240,7
csi,7.5,72,hres,tier2_emos_graphcast,0.340024592889486,0.3807653464340447,0.040740753544558694,0.03322610812932727,0.04954669399136832,,True,False,240,7
sedi,7.5,72,hres,tier2_emos_graphcast,0.4979681624685016,0.584269693977062,0.08630153150856035,0.07079525835481203,0.10236049509204817,,True,False,240,7
csi,64.5,72,hres,tier2_emos_graphcast,0.07910162681946914,0.023328646299373642,-0.055772980520095494,-0.06736442525518407,-0.04371868910759332,,True,False,240,7
sedi,64.5,72,hres,tier2_emos_graphcast,0.41024334644511423,0.36223180825145185,-0.048011538193662384,-0.1015172780746685,0.0017549257319261842,,False,False,240,7
csi,115.6,72,hres,tier2_emos_graphcast,0.02905414053500576,0.0,-0.02905414053500576,-0.04174281351495467,-0.018954406547288884,,True,False,240,7
sedi,115.6,72,hres,tier2_emos_graphcast,0.3619885347115273,,,,,,False,False,240,7
csi,204.5,72,hres,tier2_emos_graphcast,0.002828854314002829,0.0,-0.002828854314002829,-0.006526744944553163,0.0,,False,False,240,7
sedi,204.5,72,hres,tier2_emos_graphcast,0.23099179677465453,,,,,,False,False,240,7
rmse_mm,,72,hres,tier2_emos_ifs_ens,19.407860808707103,13.75581338686653,5.652047421840573,5.070056815044462,6.447239540411213,4.876780655604152e-75,True,False,240,7
mae_mm,,72,hres,tier2_emos_ifs_ens,8.57461957643069,7.109170603916221,1.4654489725144693,1.2420363710829725,1.7570942614413896,6.85600195014197e-92,True,False,240,7
csi,7.5,72,hres,tier2_emos_ifs_ens,0.340024592889486,0.38379247281574286,0.04376787992625686,0.037042773892648734,0.0511730742507415,,True,False,240,7
sedi,7.5,72,hres,tier2_emos_ifs_ens,0.4979681624685016,0.590801349076081,0.09283318660757933,0.07861957211943411,0.10624270736294783,,True,False,240,7
csi,64.5,72,hres,tier2_emos_ifs_ens,0.07910162681946914,0.036553041977439436,-0.0425485848420297,-0.052688996087132234,-0.03250824957380721,,True,False,240,7
sedi,64.5,72,hres,tier2_emos_ifs_ens,0.41024334644511423,0.37067293842678894,-0.03957040801832529,-0.07666269678727824,-0.0044261909405730725,,True,False,240,7
csi,115.6,72,hres,tier2_emos_ifs_ens,0.02905414053500576,0.0,-0.02905414053500576,-0.04174281351495467,-0.018954406547288884,,True,False,240,7
sedi,115.6,72,hres,tier2_emos_ifs_ens,0.3619885347115273,,,,,,False,False,240,7
csi,204.5,72,hres,tier2_emos_ifs_ens,0.002828854314002829,0.0,-0.002828854314002829,-0.006526744944553163,0.0,,False,False,240,7
sedi,204.5,72,hres,tier2_emos_ifs_ens,0.23099179677465453,,,,,,False,False,240,7
rmse_mm,,72,ifs_ens_mean,best_single_member_on_train,14.64636650537359,14.150802263043547,0.4955642423300439,0.26628163937415683,0.7636422176608336,2.5474607972583588e-06,True,False,240,7
mae_mm,,72,ifs_ens_mean,best_single_member_on_train,7.669571332083331,7.562813118633532,0.1067582134497993,-0.00013034996368811074,0.21044043007004476,0.020225210680604025,False,False,240,7
csi,7.5,72,ifs_ens_mean,best_single_member_on_train,0.3738655780095701,0.37765139116202945,0.0037858131524593497,-0.0019442846094486696,0.00990676252610406,,False,False,240,7
sedi,7.5,72,ifs_ens_mean,best_single_member_on_train,0.5697251654848056,0.5793637320525594,0.009638566567753859,-0.0021421141687097993,0.021880988684301227,,False,False,240,7
csi,64.5,72,ifs_ens_mean,best_single_member_on_train,0.07739781464993929,0.07977900552486188,0.002381190874922584,-0.012069988888028023,0.01613753871613663,,False,False,240,7
sedi,64.5,72,ifs_ens_mean,best_single_member_on_train,0.41684489171330463,0.4389508344966238,0.022105942783319177,-0.008968103923824536,0.05159837208664441,,False,False,240,7
csi,115.6,72,ifs_ens_mean,best_single_member_on_train,0.019203614798079638,0.013341804320203304,-0.005861810477876334,-0.023785297910893913,0.010346010905775287,,False,False,240,7
sedi,115.6,72,ifs_ens_mean,best_single_member_on_train,0.3371269492263648,0.35160293540892773,0.014475986182562905,-0.08753172528252318,0.12911321895943256,,False,False,240,7
csi,204.5,72,ifs_ens_mean,best_single_member_on_train,0.0,0.0,-0.0,-0.0,0.0,,False,False,240,7
sedi,204.5,72,ifs_ens_mean,best_single_member_on_train,,,,,,,False,False,240,7
rmse_mm,,72,ifs_ens_mean,climatology,14.64636650537359,14.593735845907853,0.05263065946573775,-0.24419898347128247,0.39693465472828643,0.6503945483437861,False,False,240,7
mae_mm,,72,ifs_ens_mean,climatology,7.669571332083331,8.028091622439566,-0.35852029035623545,-0.6713671026181508,0.0348600350344256,0.00018378923248376562,False,False,240,7
csi,7.5,72,ifs_ens_mean,climatology,0.3738655780095701,0.30462543377757756,-0.06924014423199254,-0.08717520524062233,-0.05140692389662245,,True,False,240,7
sedi,7.5,72,ifs_ens_mean,climatology,0.5697251654848056,0.41266582525102424,-0.15705934023378132,-0.19623956670551382,-0.1189894617005066,,True,False,240,7
csi,64.5,72,ifs_ens_mean,climatology,0.07739781464993929,0.0,-0.07739781464993929,-0.09962160208321937,-0.05953732065392665,,True,False,240,7
sedi,64.5,72,ifs_ens_mean,climatology,0.41684489171330463,,,,,,False,False,240,7
csi,115.6,72,ifs_ens_mean,climatology,0.019203614798079638,0.0,-0.019203614798079638,-0.03702695709654663,-0.0053511707980388986,,True,False,240,7
sedi,115.6,72,ifs_ens_mean,climatology,0.3371269492263648,,,,,,False,False,240,7
csi,204.5,72,ifs_ens_mean,climatology,0.0,0.0,-0.0,-0.0,0.0,,False,False,240,7
sedi,204.5,72,ifs_ens_mean,climatology,,,,,,,False,False,240,7
rmse_mm,,72,ifs_ens_mean,tier0,14.64636650537359,14.838952545069054,-0.19258603969546328,-0.33312554298450037,-0.04994355840868449,0.0007413369951459191,True,False,240,7
mae_mm,,72,ifs_ens_mean,tier0,7.669571332083331,7.669676973864886,-0.00010564178155458848,-0.04551428732501879,0.04226808701034521,0.9956777734258458,False,False,240,7
csi,7.5,72,ifs_ens_mean,tier0,0.3738655780095701,0.37914506260315767,0.005279484593587569,0.002835237105151031,0.008122870157069214,,True,False,240,7
sedi,7.5,72,ifs_ens_mean,tier0,0.5697251654848056,0.580375901023475,0.010650735538669465,0.0056527368160490836,0.016523421911976248,,True,False,240,7
csi,64.5,72,ifs_ens_mean,tier0,0.07739781464993929,0.08294691019210751,0.005549095542168217,-0.0011490423320089447,0.012896568368149189,,False,False,240,7
sedi,64.5,72,ifs_ens_mean,tier0,0.41684489171330463,0.42298918704373295,0.006144295330428318,-0.011219003803889873,0.024634794423211124,,False,False,240,7
csi,115.6,72,ifs_ens_mean,tier0,0.019203614798079638,0.02263267429760666,0.003429059499527022,-0.0031992209315459953,0.01078593473765421,,False,False,240,7
sedi,115.6,72,ifs_ens_mean,tier0,0.3371269492263648,0.34096606932729073,0.003839120100925908,-0.03527616279333424,0.05536499524558796,,False,False,240,7
csi,204.5,72,ifs_ens_mean,tier0,0.0,0.0,-0.0,-0.0,0.0,,False,False,240,7
sedi,204.5,72,ifs_ens_mean,tier0,,,,,,,False,False,240,7
rmse_mm,,72,ifs_ens_mean,tier2_emos_graphcast,14.64636650537359,13.584506389446997,1.061860115926594,0.8336936571249235,1.338227942927131,5.2624769236160385e-27,True,False,240,7
mae_mm,,72,ifs_ens_mean,tier2_emos_graphcast,7.669571332083331,7.032777050278985,0.6367942818043462,0.5072085520160369,0.8054415941808649,6.792858119477481e-41,True,False,240,7
csi,7.5,72,ifs_ens_mean,tier2_emos_graphcast,0.3738655780095701,0.3807653464340447,0.006899768424474595,0.0016374056271120181,0.01269251939755036,,True,False,240,7
sedi,7.5,72,ifs_ens_mean,tier2_emos_graphcast,0.5697251654848056,0.584269693977062,0.014544528492256403,0.0038034086811808503,0.02632072931467341,,True,False,240,7
csi,64.5,72,ifs_ens_mean,tier2_emos_graphcast,0.07739781464993929,0.023328646299373642,-0.05406916835056565,-0.07100857029160547,-0.039208247628972286,,True,False,240,7
sedi,64.5,72,ifs_ens_mean,tier2_emos_graphcast,0.41684489171330463,0.36223180825145185,-0.054613083461852785,-0.10109745775693926,-0.012225127338404194,,True,False,240,7
csi,115.6,72,ifs_ens_mean,tier2_emos_graphcast,0.019203614798079638,0.0,-0.019203614798079638,-0.03702695709654663,-0.0053511707980388986,,True,False,240,7
sedi,115.6,72,ifs_ens_mean,tier2_emos_graphcast,0.3371269492263648,,,,,,False,False,240,7
csi,204.5,72,ifs_ens_mean,tier2_emos_graphcast,0.0,0.0,-0.0,-0.0,0.0,,False,False,240,7
sedi,204.5,72,ifs_ens_mean,tier2_emos_graphcast,,,,,,,False,False,240,7
rmse_mm,,72,ifs_ens_mean,tier2_emos_ifs_ens,14.64636650537359,13.75581338686653,0.8905531185070608,0.7070287625659515,1.0982843410999574,3.106645070883934e-33,True,False,240,7
mae_mm,,72,ifs_ens_mean,tier2_emos_ifs_ens,7.669571332083331,7.109170603916221,0.5604007281671102,0.44151976650510033,0.7072741096971571,1.9701920686142146e-52,True,False,240,7
csi,7.5,72,ifs_ens_mean,tier2_emos_ifs_ens,0.3738655780095701,0.38379247281574286,0.009926894806172759,0.006572949924952248,0.013269332293415153,,True,False,240,7
sedi,7.5,72,ifs_ens_mean,tier2_emos_ifs_ens,0.5697251654848056,0.590801349076081,0.021076183591275388,0.014434342792196197,0.027957975360095703,,True,False,240,7
csi,64.5,72,ifs_ens_mean,tier2_emos_ifs_ens,0.07739781464993929,0.036553041977439436,-0.040844772672499856,-0.05121169292991081,-0.031647772608473373,,True,False,240,7
sedi,64.5,72,ifs_ens_mean,tier2_emos_ifs_ens,0.41684489171330463,0.37067293842678894,-0.04617195328651569,-0.07203569144206255,-0.023267892689890463,,True,False,240,7
csi,115.6,72,ifs_ens_mean,tier2_emos_ifs_ens,0.019203614798079638,0.0,-0.019203614798079638,-0.03702695709654663,-0.0053511707980388986,,True,False,240,7
sedi,115.6,72,ifs_ens_mean,tier2_emos_ifs_ens,0.3371269492263648,,,,,,False,False,240,7
csi,204.5,72,ifs_ens_mean,tier2_emos_ifs_ens,0.0,0.0,-0.0,-0.0,0.0,,False,False,240,7
sedi,204.5,72,ifs_ens_mean,tier2_emos_ifs_ens,,,,,,,False,False,240,7
rmse_mm,,72,phase2_lagged_graphcast,best_single_member_on_train,13.821187128584864,14.150802263043547,-0.32961513445868285,-0.44967918755353775,-0.22756292164568312,1.352262130930313e-11,True,False,240,7
mae_mm,,72,phase2_lagged_graphcast,best_single_member_on_train,7.409585883242155,7.562813118633532,-0.15322723539137684,-0.2093553251577946,-0.10919128227845457,1.950915702707037e-16,True,False,240,7
csi,7.5,72,phase2_lagged_graphcast,best_single_member_on_train,0.3827426031061916,0.37765139116202945,-0.005091211944162177,-0.006838349337666483,-0.0032206963246699874,,True,False,240,7
sedi,7.5,72,phase2_lagged_graphcast,best_single_member_on_train,0.5893984010538882,0.5793637320525594,-0.010034669001328766,-0.013823401526938662,-0.006353968595826718,,True,False,240,7
csi,64.5,72,phase2_lagged_graphcast,best_single_member_on_train,0.08227489226581991,0.07977900552486188,-0.0024958867409580338,-0.009747546774475856,0.004192530188704826,,False,False,240,7
sedi,64.5,72,phase2_lagged_graphcast,best_single_member_on_train,0.4515193532831129,0.4389508344966238,-0.012568518786489069,-0.025953306159289716,0.0008655966156396989,,False,False,240,7
csi,115.6,72,phase2_lagged_graphcast,best_single_member_on_train,0.01332033788174139,0.013341804320203304,2.1466438461913845e-05,-0.006659160488986442,0.006001942252367716,,False,False,240,7
sedi,115.6,72,phase2_lagged_graphcast,best_single_member_on_train,0.37772953507839435,0.35160293540892773,-0.02612659966946662,-0.08624720680824685,0.02696301852531384,,False,False,240,7
csi,204.5,72,phase2_lagged_graphcast,best_single_member_on_train,0.0,0.0,-0.0,-0.0,0.0,,False,False,240,7
sedi,204.5,72,phase2_lagged_graphcast,best_single_member_on_train,,,,,,,False,False,240,7
rmse_mm,,72,phase2_lagged_graphcast,climatology,13.821187128584864,14.593735845907853,-0.772548717322989,-1.0382935122135175,-0.49621560683632926,5.318323913654733e-11,True,False,240,7
mae_mm,,72,phase2_lagged_graphcast,climatology,7.409585883242155,8.028091622439566,-0.6185057391974116,-0.9114485024718716,-0.2459902948535936,3.085736729028409e-11,True,False,240,7
crps_mm,,72,phase2_lagged_graphcast,climatology,6.569221899042117,5.016815567094072,1.5524063319480446,1.3746893901271033,1.7615655914879118,1.863829153787326e-116,True,False,240,7
twcrps_64.5_mm,,72,phase2_lagged_graphcast,climatology,0.4334862804983146,0.426052725097293,0.007433555401021641,-0.0026833411295140185,0.01708444918753704,0.054860091177629855,False,False,240,7
brier,7.5,72,phase2_lagged_graphcast,climatology,0.2649657271237486,0.04298498131891408,0.2219807458048345,0.2027099594038194,0.24098642634013068,0.0,True,False,240,7
csi,7.5,72,phase2_lagged_graphcast,climatology,0.3827426031061916,0.30462543377757756,-0.07811716932861407,-0.09777263111628921,-0.059783033992952025,,True,False,240,7
sedi,7.5,72,phase2_lagged_graphcast,climatology,0.5893984010538882,0.41266582525102424,-0.17673257580286394,-0.2176379735501872,-0.13822078222804737,,True,False,240,7
brier,64.5,72,phase2_lagged_graphcast,climatology,0.004689077695425938,0.003472282915564626,0.001216794779861312,0.0008179172907011726,0.001822294188943488,3.997519169259803e-16,True,False,240,7
csi,64.5,72,phase2_lagged_graphcast,climatology,0.08227489226581991,0.0,-0.08227489226581991,-0.10889074819062235,-0.0590221699456392,,True,False,240,7
sedi,64.5,72,phase2_lagged_graphcast,climatology,0.4515193532831129,,,,,,False,False,240,7
brier,115.6,72,phase2_lagged_graphcast,climatology,0.0007525736410477784,0.0007037944417812715,4.877919926650693e-05,1.9224170320580814e-05,8.832117620867711e-05,3.5905509383865074e-05,True,False,240,7
csi,115.6,72,phase2_lagged_graphcast,climatology,0.01332033788174139,0.0,-0.01332033788174139,-0.025545652281838378,-0.004336167218695657,,True,False,240,7
sedi,115.6,72,phase2_lagged_graphcast,climatology,0.37772953507839435,,,,,,False,False,240,7
brier,204.5,72,phase2_lagged_graphcast,climatology,7.237387002594568e-05,7.178595678470075e-05,5.87913241244928e-07,-6.667869265747143e-08,1.4378169482822255e-06,0.0303744076414479,False,False,240,7
csi,204.5,72,phase2_lagged_graphcast,climatology,0.0,0.0,-0.0,-0.0,0.0,,False,False,240,7
sedi,204.5,72,phase2_lagged_graphcast,climatology,,,,,,,False,False,240,7
rmse_mm,,72,phase2_lagged_graphcast,tier0,13.821187128584864,14.838952545069054,-1.01776541648419,-1.2485497358773376,-0.8433991708393715,1.4100622147215663e-32,True,False,240,7
mae_mm,,72,phase2_lagged_graphcast,tier0,7.409585883242155,7.669676973864886,-0.2600910906227307,-0.3611655247501872,-0.1792817966576537,6.655727466324592e-14,True,False,240,7
csi,7.5,72,phase2_lagged_graphcast,tier0,0.3827426031061916,0.37914506260315767,-0.003597540503033958,-0.007529509550280165,0.00010201618032363583,,False,False,240,7
sedi,7.5,72,phase2_lagged_graphcast,tier0,0.5893984010538882,0.580375901023475,-0.00902250003041316,-0.01685755293193576,-0.0011480622557578897,,True,False,240,7
csi,64.5,72,phase2_lagged_graphcast,tier0,0.08227489226581991,0.08294691019210751,0.0006720179262875992,-0.013168555404769742,0.014093100840307925,,False,False,240,7
sedi,64.5,72,phase2_lagged_graphcast,tier0,0.4515193532831129,0.42298918704373295,-0.028530166239379928,-0.05722214896715794,0.002712841950023363,,False,False,240,7
csi,115.6,72,phase2_lagged_graphcast,tier0,0.01332033788174139,0.02263267429760666,0.00931233641586527,-0.003649794024587912,0.022469958692843794,,False,False,240,7
sedi,115.6,72,phase2_lagged_graphcast,tier0,0.37772953507839435,0.34096606932729073,-0.03676346575110362,-0.1283134593245069,0.04690032440335414,,False,False,240,7
csi,204.5,72,phase2_lagged_graphcast,tier0,0.0,0.0,-0.0,-0.0,0.0,,False,False,240,7
sedi,204.5,72,phase2_lagged_graphcast,tier0,,,,,,,False,False,240,7
rmse_mm,,72,phase2_lagged_graphcast,tier2_emos_graphcast,13.821187128584864,13.584506389446997,0.23668073913786714,0.1548728841764772,0.32895735810551274,2.6034070424997775e-08,True,False,240,7
mae_mm,,72,phase2_lagged_graphcast,tier2_emos_graphcast,7.409585883242155,7.032777050278985,0.37680883296317,0.311474966587618,0.46136976561953885,6.943025002563057e-51,True,False,240,7
crps_mm,,72,phase2_lagged_graphcast,tier2_emos_graphcast,6.569221899042117,4.560170694004169,2.009051205037948,1.8785285607243136,2.18002405176605,0.0,True,False,240,7
brier,7.5,72,phase2_lagged_graphcast,tier2_emos_graphcast,0.2649657271237486,0.22034881866222258,0.04461690846152602,0.027451511391577185,0.057605647321559796,3.0534057696168527e-24,True,False,240,7
csi,7.5,72,phase2_lagged_graphcast,tier2_emos_graphcast,0.3827426031061916,0.3807653464340447,-0.001977256672146932,-0.0025398982406323435,-0.0014196735864998422,,True,False,240,7
sedi,7.5,72,phase2_lagged_graphcast,tier2_emos_graphcast,0.5893984010538882,0.584269693977062,-0.005128707076826222,-0.006303581907603159,-0.003745948658107146,,True,False,240,7
brier,64.5,72,phase2_lagged_graphcast,tier2_emos_graphcast,0.004689077695425938,0.01347574427715084,-0.008786666581724903,-0.010587710366695957,-0.007343584291242778,3.263793883548811e-77,True,False,240,7
csi,64.5,72,phase2_lagged_graphcast,tier2_emos_graphcast,0.08227489226581991,0.023328646299373642,-0.058946245966446265,-0.07781277760751587,-0.041448444430902,,True,False,240,7
sedi,64.5,72,phase2_lagged_graphcast,tier2_emos_graphcast,0.4515193532831129,0.36223180825145185,-0.08928754503166103,-0.1194297497380097,-0.057545089204546124,,True,False,240,7
brier,115.6,72,phase2_lagged_graphcast,tier2_emos_graphcast,0.0007525736410477784,0.002637604345095587,-0.0018850307040478085,-0.0024342214758816642,-0.0015009041661960688,1.0323946466291183e-38,True,False,240,7
csi,115.6,72,phase2_lagged_graphcast,tier2_emos_graphcast,0.01332033788174139,0.0,-0.01332033788174139,-0.025545652281838378,-0.004336167218695657,,True,False,240,7
sedi,115.6,72,phase2_lagged_graphcast,tier2_emos_graphcast,0.37772953507839435,,,,,,False,False,240,7
brier,204.5,72,phase2_lagged_graphcast,tier2_emos_graphcast,7.237387002594568e-05,0.000270035694671815,-0.0001976618246458693,-0.0002774889478445127,-0.00013971810399879064,1.6130172149012014e-14,True,False,240,7
csi,204.5,72,phase2_lagged_graphcast,tier2_emos_graphcast,0.0,0.0,-0.0,-0.0,0.0,,False,False,240,7
sedi,204.5,72,phase2_lagged_graphcast,tier2_emos_graphcast,,,,,,,False,False,240,7
rmse_mm,,72,phase2_lagged_graphcast,tier2_emos_ifs_ens,13.821187128584864,13.75581338686653,0.06537374171833399,-0.07281200678150558,0.20810786001818066,0.3174317757330114,False,False,240,7
mae_mm,,72,phase2_lagged_graphcast,tier2_emos_ifs_ens,7.409585883242155,7.109170603916221,0.30041527932593404,0.2051351290717412,0.41667327617363453,2.3465753043758204e-14,True,False,240,7
crps_mm,,72,phase2_lagged_graphcast,tier2_emos_ifs_ens,6.569221899042117,4.615239768185557,1.9539821308565601,1.821625843194362,2.116981917507557,5.5257057328169975e-294,True,False,240,7
brier,7.5,72,phase2_lagged_graphcast,tier2_emos_ifs_ens,0.2649657271237486,0.1635207891098024,0.10144493801394622,0.08465726758808825,0.11519899315570031,2.087186160794268e-126,True,False,240,7
csi,7.5,72,phase2_lagged_graphcast,tier2_emos_ifs_ens,0.3827426031061916,0.38379247281574286,0.0010498697095512322,-0.0022095424371422214,0.003596942433481048,,False,False,240,7
sedi,7.5,72,phase2_lagged_graphcast,tier2_emos_ifs_ens,0.5893984010538882,0.590801349076081,0.0014029480221927626,-0.0050218917162101724,0.006795156421908454,,False,False,240,7
brier,64.5,72,phase2_lagged_graphcast,tier2_emos_ifs_ens,0.004689077695425938,0.013923353361753602,-0.009234275666327663,-0.01114686535582184,-0.00772632061989372,3.18597342474601e-84,True,False,240,7
csi,64.5,72,phase2_lagged_graphcast,tier2_emos_ifs_ens,0.08227489226581991,0.036553041977439436,-0.045721850288380474,-0.06444590720266843,-0.029401894698351253,,True,False,240,7
sedi,64.5,72,phase2_lagged_graphcast,tier2_emos_ifs_ens,0.4515193532831129,0.37067293842678894,-0.08084641485632393,-0.11266623933296278,-0.05094036019977074,,True,False,240,7
brier,115.6,72,phase2_lagged_graphcast,tier2_emos_ifs_ens,0.0007525736410477784,0.002954399874564004,-0.0022018262335162255,-0.0027858284752698783,-0.0017345892894496445,3.5461816924109817e-44,True,False,240,7
csi,115.6,72,phase2_lagged_graphcast,tier2_emos_ifs_ens,0.01332033788174139,0.0,-0.01332033788174139,-0.025545652281838378,-0.004336167218695657,,True,False,240,7
sedi,115.6,72,phase2_lagged_graphcast,tier2_emos_ifs_ens,0.37772953507839435,,,,,,False,False,240,7
brier,204.5,72,phase2_lagged_graphcast,tier2_emos_ifs_ens,7.237387002594568e-05,0.00030707473700136945,-0.00023470086697542376,-0.0003281537661606891,-0.00017015625546209695,8.811862821375287e-17,True,False,240,7
csi,204.5,72,phase2_lagged_graphcast,tier2_emos_ifs_ens,0.0,0.0,-0.0,-0.0,0.0,,False,False,240,7
sedi,204.5,72,phase2_lagged_graphcast,tier2_emos_ifs_ens,,,,,,,False,False,240,7
rmse_mm,,72,tier0,best_single_member_on_train,14.838952545069054,14.150802263043547,0.6881502820255072,0.5194157108335282,0.8835304130157171,5.305161762048772e-16,True,False,240,7
mae_mm,,72,tier0,best_single_member_on_train,7.669676973864886,7.562813118633532,0.10686385523135389,0.03010974582698496,0.18681671491337104,0.0014540704907445854,True,False,240,7
csi,7.5,72,tier0,best_single_member_on_train,0.37914506260315767,0.37765139116202945,-0.0014936714411282193,-0.0053643391763688875,0.0024519846241974866,,False,False,240,7
sedi,7.5,72,tier0,best_single_member_on_train,0.580375901023475,0.5793637320525594,-0.0010121689709156056,-0.00956515605799364,0.007224164448028768,,False,False,240,7
csi,64.5,72,tier0,best_single_member_on_train,0.08294691019210751,0.07977900552486188,-0.003167904667245633,-0.015412390870759475,0.008089895163042994,,False,False,240,7
sedi,64.5,72,tier0,best_single_member_on_train,0.42298918704373295,0.4389508344966238,0.01596164745289086,-0.01309388205111922,0.04558871980004216,,False,False,240,7
csi,115.6,72,tier0,best_single_member_on_train,0.02263267429760666,0.013341804320203304,-0.009290869977403356,-0.024473195024961324,0.004719859966512891,,False,False,240,7
sedi,115.6,72,tier0,best_single_member_on_train,0.34096606932729073,0.35160293540892773,0.010636866081636998,-0.08652029515444686,0.10154758889147208,,False,False,240,7
csi,204.5,72,tier0,best_single_member_on_train,0.0,0.0,-0.0,-0.0,0.0,,False,False,240,7
sedi,204.5,72,tier0,best_single_member_on_train,,,,,,,False,False,240,7
rmse_mm,,72,tier0,climatology,14.838952545069054,14.593735845907853,0.24521669916120103,-0.021290928293614925,0.5689365929335263,0.03968662491963027,False,False,240,7
mae_mm,,72,tier0,climatology,7.669676973864886,8.028091622439566,-0.35841464857468086,-0.6719165923501685,0.039758487716083556,0.0002478047116128979,False,False,240,7
csi,7.5,72,tier0,climatology,0.37914506260315767,0.30462543377757756,-0.07451962882558011,-0.09268847204984336,-0.0573228822375625,,True,False,240,7
sedi,7.5,72,tier0,climatology,0.580375901023475,0.41266582525102424,-0.16771007577245078,-0.2069704307943521,-0.13064589169562177,,True,False,240,7
csi,64.5,72,tier0,climatology,0.08294691019210751,0.0,-0.08294691019210751,-0.10509518499967792,-0.06611564196194906,,True,False,240,7
sedi,64.5,72,tier0,climatology,0.42298918704373295,,,,,,False,False,240,7
csi,115.6,72,tier0,climatology,0.02263267429760666,0.0,-0.02263267429760666,-0.038182076701823026,-0.010557768712974178,,True,False,240,7
sedi,115.6,72,tier0,climatology,0.34096606932729073,,,,,,False,False,240,7
csi,204.5,72,tier0,climatology,0.0,0.0,-0.0,-0.0,0.0,,False,False,240,7
sedi,204.5,72,tier0,climatology,,,,,,,False,False,240,7
rmse_mm,,72,tier0,tier2_emos_graphcast,14.838952545069054,13.584506389446997,1.2544461556220572,1.066014077594382,1.4893466820506556,7.004507632867604e-42,True,False,240,7
mae_mm,,72,tier0,tier2_emos_graphcast,7.669676973864886,7.032777050278985,0.6368999235859008,0.5168615290238695,0.7969610998877027,3.0058202883632396e-49,True,False,240,7
csi,7.5,72,tier0,tier2_emos_graphcast,0.37914506260315767,0.3807653464340447,0.001620283830887026,-0.0018857614122810868,0.005568334533811629,,False,False,240,7
sedi,7.5,72,tier0,tier2_emos_graphcast,0.580375901023475,0.584269693977062,0.0038937929535869387,-0.0037050711478027435,0.011867309302347558,,False,False,240,7
csi,64.5,72,tier0,tier2_emos_graphcast,0.08294691019210751,0.023328646299373642,-0.059618263892733864,-0.07474161645606964,-0.04586028691468475,,True,False,240,7
sedi,64.5,72,tier0,tier2_emos_graphcast,0.42298918704373295,0.36223180825145185,-0.0607573787922811,-0.10691180083090578,-0.0193903283152416,,True,False,240,7
csi,115.6,72,tier0,tier2_emos_graphcast,0.02263267429760666,0.0,-0.02263267429760666,-0.038182076701823026,-0.010557768712974178,,True,False,240,7
sedi,115.6,72,tier0,tier2_emos_graphcast,0.34096606932729073,,,,,,False,False,240,7
csi,204.5,72,tier0,tier2_emos_graphcast,0.0,0.0,-0.0,-0.0,0.0,,False,False,240,7
sedi,204.5,72,tier0,tier2_emos_graphcast,,,,,,,False,False,240,7
rmse_mm,,72,tier0,tier2_emos_ifs_ens,14.838952545069054,13.75581338686653,1.083139158202524,0.9371632472449357,1.2656774491954843,1.928036694184941e-43,True,False,240,7
mae_mm,,72,tier0,tier2_emos_ifs_ens,7.669676973864886,7.109170603916221,0.5605063699486648,0.44574761151096914,0.7122510541172707,1.196448559731931e-46,True,False,240,7
csi,7.5,72,tier0,tier2_emos_ifs_ens,0.37914506260315767,0.38379247281574286,0.00464741021258519,0.0022621708995402582,0.006991591875549087,,True,False,240,7
sedi,7.5,72,tier0,tier2_emos_ifs_ens,0.580375901023475,0.590801349076081,0.010425448052605923,0.005585088128864566,0.015166386824459257,,True,False,240,7
csi,64.5,72,tier0,tier2_emos_ifs_ens,0.08294691019210751,0.036553041977439436,-0.04639386821466807,-0.055998487392408244,-0.03715153982031365,,True,False,240,7
sedi,64.5,72,tier0,tier2_emos_ifs_ens,0.42298918704373295,0.37067293842678894,-0.052316248616944006,-0.07920983072052919,-0.02673370816672754,,True,False,240,7
csi,115.6,72,tier0,tier2_emos_ifs_ens,0.02263267429760666,0.0,-0.02263267429760666,-0.038182076701823026,-0.010557768712974178,,True,False,240,7
sedi,115.6,72,tier0,tier2_emos_ifs_ens,0.34096606932729073,,,,,,False,False,240,7
csi,204.5,72,tier0,tier2_emos_ifs_ens,0.0,0.0,-0.0,-0.0,0.0,,False,False,240,7
sedi,204.5,72,tier0,tier2_emos_ifs_ens,,,,,,,False,False,240,7
rmse_mm,,72,tier1_regional,best_single_member_on_train,14.018253043314633,14.150802263043547,-0.13254921972891331,-0.26909733550707265,0.008748405801378473,0.021763984237163865,False,False,240,7
mae_mm,,72,tier1_regional,best_single_member_on_train,7.481714321339777,7.562813118633532,-0.08109879729375447,-0.14221048078251067,-0.02294498578107298,0.0006182204550113327,True,False,240,7
csi,7.5,72,tier1_regional,best_single_member_on_train,0.382666770115318,0.37765139116202945,-0.005015378953288574,-0.007993118963667101,-0.0017615675517263,,True,False,240,7
sedi,7.5,72,tier1_regional,best_single_member_on_train,0.5901566826511693,0.5793637320525594,-0.010792950598609852,-0.017229000988904897,-0.0041455514406559535,,True,False,240,7
csi,64.5,72,tier1_regional,best_single_member_on_train,0.07583043165865251,0.07977900552486188,0.003948573866209365,-0.005868362024291441,0.0128760602687152,,False,False,240,7
sedi,64.5,72,tier1_regional,best_single_member_on_train,0.4300740973951505,0.4389508344966238,0.008876737101473298,-0.009450287122438191,0.02658949564273867,,False,False,240,7
csi,115.6,72,tier1_regional,best_single_member_on_train,0.010805804260574252,0.013341804320203304,0.0025360000596290518,-0.008542674180743002,0.013580062810298001,,False,False,240,7
sedi,115.6,72,tier1_regional,best_single_member_on_train,0.30895857326193166,0.35160293540892773,0.04264436214699607,-0.048037149785881444,0.12790433306617818,,False,False,240,7
csi,204.5,72,tier1_regional,best_single_member_on_train,0.0,0.0,-0.0,-0.0,0.0,,False,False,240,7
sedi,204.5,72,tier1_regional,best_single_member_on_train,,,,,,,False,False,240,7
rmse_mm,,72,tier1_regional,climatology,14.018253043314633,14.593735845907853,-0.5754828025932195,-0.8340989293026752,-0.2874395900353897,2.0181137811440445e-07,True,False,240,7
mae_mm,,72,tier1_regional,climatology,7.481714321339777,8.028091622439566,-0.5463773010997892,-0.8576301194238861,-0.1684821751719686,6.266048904122712e-09,True,False,240,7
csi,7.5,72,tier1_regional,climatology,0.382666770115318,0.30462543377757756,-0.07804133633774046,-0.09695834095415393,-0.060551791076910916,,True,False,240,7
sedi,7.5,72,tier1_regional,climatology,0.5901566826511693,0.41266582525102424,-0.17749085740014503,-0.21642163905190187,-0.14000655238195547,,True,False,240,7
csi,64.5,72,tier1_regional,climatology,0.07583043165865251,0.0,-0.07583043165865251,-0.1018465316879468,-0.05600521889729001,,True,False,240,7
sedi,64.5,72,tier1_regional,climatology,0.4300740973951505,,,,,,False,False,240,7
csi,115.6,72,tier1_regional,climatology,0.010805804260574252,0.0,-0.010805804260574252,-0.02232620099892681,-0.0027298816226389877,,True,False,240,7
sedi,115.6,72,tier1_regional,climatology,0.30895857326193166,,,,,,False,False,240,7
csi,204.5,72,tier1_regional,climatology,0.0,0.0,-0.0,-0.0,0.0,,False,False,240,7
sedi,204.5,72,tier1_regional,climatology,,,,,,,False,False,240,7
rmse_mm,,72,tier1_regional,tier0,14.018253043314633,14.838952545069054,-0.8206995017544205,-0.959229671596053,-0.7131034692293114,2.0989656939920311e-47,True,False,240,7
mae_mm,,72,tier1_regional,tier0,7.481714321339777,7.669676973864886,-0.18796265252510835,-0.2465170888125657,-0.1451768568923453,1.6916479004906946e-24,True,False,240,7
csi,7.5,72,tier1_regional,tier0,0.382666770115318,0.37914506260315767,-0.0035217075121603547,-0.00552500682974046,-0.0016908875013756583,,True,False,240,7
sedi,7.5,72,tier1_regional,tier0,0.5901566826511693,0.580375901023475,-0.009780781627694246,-0.01397187775776936,-0.005612542204494409,,True,False,240,7
csi,64.5,72,tier1_regional,tier0,0.07583043165865251,0.08294691019210751,0.007116478533454998,3.690118336691191e-05,0.014613939688973282,,True,False,240,7
sedi,64.5,72,tier1_regional,tier0,0.4300740973951505,0.42298918704373295,-0.0070849103514175615,-0.025136937846131396,0.011675427975112772,,False,False,240,7
csi,115.6,72,tier1_regional,tier0,0.010805804260574252,0.02263267429760666,0.011826870037032408,0.0040517782177804775,0.021152526724657297,,True,False,240,7
sedi,115.6,72,tier1_regional,tier0,0.30895857326193166,0.34096606932729073,0.032007496065359076,-0.031140507067078625,0.1009306003126307,,False,False,240,7
csi,204.5,72,tier1_regional,tier0,0.0,0.0,-0.0,-0.0,0.0,,False,False,240,7
sedi,204.5,72,tier1_regional,tier0,,,,,,,False,False,240,7
rmse_mm,,72,tier1_regional,tier2_emos_graphcast,14.018253043314633,13.584506389446997,0.43374665386763667,0.3055512655966166,0.5905515168246086,1.1074574180180474e-13,True,False,240,7
mae_mm,,72,tier1_regional,tier2_emos_graphcast,7.481714321339777,7.032777050278985,0.4489372710607924,0.3495192708923717,0.5717720487026029,8.569936325854915e-42,True,False,240,7
csi,7.5,72,tier1_regional,tier2_emos_graphcast,0.382666770115318,0.3807653464340447,-0.0019014236812733287,-0.005208128173732887,0.0013995556556557942,,False,False,240,7
sedi,7.5,72,tier1_regional,tier2_emos_graphcast,0.5901566826511693,0.584269693977062,-0.005886988674107307,-0.012690034576044526,0.0008226219345900779,,False,False,240,7
csi,64.5,72,tier1_regional,tier2_emos_graphcast,0.07583043165865251,0.023328646299373642,-0.052501785359278866,-0.06957726333191291,-0.038427533298188626,,True,False,240,7
sedi,64.5,72,tier1_regional,tier2_emos_graphcast,0.4300740973951505,0.36223180825145185,-0.06784228914369866,-0.10617802316118757,-0.03487987389511277,,True,False,240,7
csi,115.6,72,tier1_regional,tier2_emos_graphcast,0.010805804260574252,0.0,-0.010805804260574252,-0.02232620099892681,-0.0027298816226389877,,True,False,240,7
sedi,115.6,72,tier1_regional,tier2_emos_graphcast,0.30895857326193166,,,,,,False,False,240,7
csi,204.5,72,tier1_regional,tier2_emos_graphcast,0.0,0.0,-0.0,-0.0,0.0,,False,False,240,7
sedi,204.5,72,tier1_regional,tier2_emos_graphcast,,,,,,,False,False,240,7
rmse_mm,,72,tier1_regional,tier2_emos_ifs_ens,14.018253043314633,13.75581338686653,0.2624396564481035,0.141607053441903,0.40045915249253405,5.560199645174009e-07,True,False,240,7
mae_mm,,72,tier1_regional,tier2_emos_ifs_ens,7.481714321339777,7.109170603916221,0.3725437174235564,0.2729808649450353,0.4958552085549495,3.8490021286613774e-28,True,False,240,7
csi,7.5,72,tier1_regional,tier2_emos_ifs_ens,0.382666770115318,0.38379247281574286,0.0011257027004248354,-0.0007589297514053559,0.0028571373766865704,,False,False,240,7
sedi,7.5,72,tier1_regional,tier2_emos_ifs_ens,0.5901566826511693,0.590801349076081,0.0006446664249116774,-0.003056980366353024,0.004354055295650909,,False,False,240,7
csi,64.5,72,tier1_regional,tier2_emos_ifs_ens,0.07583043165865251,0.036553041977439436,-0.039277389681213075,-0.05145572511391206,-0.028492025423537886,,True,False,240,7
sedi,64.5,72,tier1_regional,tier2_emos_ifs_ens,0.4300740973951505,0.37067293842678894,-0.05940115896836157,-0.08061748790992387,-0.039924650409781895,,True,False,240,7
csi,115.6,72,tier1_regional,tier2_emos_ifs_ens,0.010805804260574252,0.0,-0.010805804260574252,-0.02232620099892681,-0.0027298816226389877,,True,False,240,7
sedi,115.6,72,tier1_regional,tier2_emos_ifs_ens,0.30895857326193166,,,,,,False,False,240,7
csi,204.5,72,tier1_regional,tier2_emos_ifs_ens,0.0,0.0,-0.0,-0.0,0.0,,False,False,240,7
sedi,204.5,72,tier1_regional,tier2_emos_ifs_ens,,,,,,,False,False,240,7
rmse_mm,,72,tier2_bma,best_single_member_on_train,13.68373311240768,14.150802263043547,-0.46706915063586685,-0.6379147133705239,-0.3064764722795589,1.7027616680819858e-07,True,False,240,7
mae_mm,,72,tier2_bma,best_single_member_on_train,7.127884967739339,7.562813118633532,-0.43492815089419246,-0.5838315379298001,-0.3167226624004828,2.0006210682873044e-25,True,False,240,7
csi,7.5,72,tier2_bma,best_single_member_on_train,0.3837227634046366,0.37765139116202945,-0.006071372242607176,-0.008454319395494236,-0.0037347377301045846,,True,False,240,7
sedi,7.5,72,tier2_bma,best_single_member_on_train,0.5903228754960378,0.5793637320525594,-0.01095914344347837,-0.01639756334841255,-0.005974162165855704,,True,False,240,7
csi,64.5,72,tier2_bma,best_single_member_on_train,0.04143833507788929,0.07977900552486188,0.038340670446972584,0.024308921766128925,0.05227213254311641,,True,False,240,7
sedi,64.5,72,tier2_bma,best_single_member_on_train,0.3868957863439563,0.4389508344966238,0.05205504815266748,0.024307447088149095,0.08037079949347761,,True,False,240,7
csi,115.6,72,tier2_bma,best_single_member_on_train,0.0061468780329990294,0.013341804320203304,0.007194926287204274,-0.0027707608747078037,0.019125246264986583,,False,False,240,7
sedi,115.6,72,tier2_bma,best_single_member_on_train,0.29765136892864874,0.35160293540892773,0.05395156648027899,-0.06869795344554325,0.1736518030624488,,False,False,240,7
csi,204.5,72,tier2_bma,best_single_member_on_train,0.0,0.0,-0.0,-0.0,0.0,,False,False,240,7
sedi,204.5,72,tier2_bma,best_single_member_on_train,,,,,,,False,False,240,7
rmse_mm,,72,tier2_bma,climatology,13.68373311240768,14.593735845907853,-0.910002733500173,-1.1035007595275625,-0.7024529688410502,1.686091308614952e-27,True,False,240,7
mae_mm,,72,tier2_bma,climatology,7.127884967739339,8.028091622439566,-0.9002066547002272,-1.1565163641336929,-0.5919946125790485,1.022686707745476e-34,True,False,240,7
crps_mm,,72,tier2_bma,climatology,4.568429448962678,5.016815567094072,-0.4483861181313946,-0.7350605406302166,-0.2073279068123439,2.8661265780057123e-07,True,False,240,7
brier,7.5,72,tier2_bma,climatology,0.1430001538198198,0.04298498131891408,0.1000151725009057,0.0934847205337436,0.10908964425566899,0.0,True,False,240,7
csi,7.5,72,tier2_bma,climatology,0.3837227634046366,0.30462543377757756,-0.07909732962705907,-0.09738095946039306,-0.06172503450077911,,True,False,240,7
sedi,7.5,72,tier2_bma,climatology,0.5903228754960378,0.41266582525102424,-0.17765705024501355,-0.21707819096600953,-0.14120638009552502,,True,False,240,7
brier,64.5,72,tier2_bma,climatology,0.012554525063063012,0.003472282915564626,0.009082242147498386,0.00781984731000081,0.010795472681468644,7.771268735803482e-103,True,False,240,7
csi,64.5,72,tier2_bma,climatology,0.04143833507788929,0.0,-0.04143833507788929,-0.05976943168300799,-0.027754196738671272,,True,False,240,7
sedi,64.5,72,tier2_bma,climatology,0.3868957863439563,,,,,,False,False,240,7
brier,115.6,72,tier2_bma,climatology,0.002623191513513474,0.0007037944417812715,0.0019193970717322024,0.0015226646561084206,0.0024586404924854823,7.087281711568727e-43,True,False,240,7
csi,115.6,72,tier2_bma,climatology,0.0061468780329990294,0.0,-0.0061468780329990294,-0.011655345610742088,-0.0017952160042859933,,True,False,240,7
sedi,115.6,72,tier2_bma,climatology,0.29765136892864874,,,,,,False,False,240,7
brier,204.5,72,tier2_bma,climatology,0.00027829390270268597,7.178595678470075e-05,0.00020650794591798522,0.00014736975769927686,0.0002871146568295203,4.910691681185917e-16,True,False,240,7
csi,204.5,72,tier2_bma,climatology,0.0,0.0,-0.0,-0.0,0.0,,False,False,240,7
sedi,204.5,72,tier2_bma,climatology,,,,,,,False,False,240,7
rmse_mm,,72,tier2_bma,tier0,13.68373311240768,14.838952545069054,-1.155219432661374,-1.3625822770798905,-0.9885954383477831,6.902913810338054e-43,True,False,240,7
mae_mm,,72,tier2_bma,tier0,7.127884967739339,7.669676973864886,-0.5417920061255463,-0.6968540030045138,-0.42818144165579675,1.0821354685057216e-41,True,False,240,7
csi,7.5,72,tier2_bma,tier0,0.3837227634046366,0.37914506260315767,-0.004577700801478957,-0.00752257107689378,-0.0018693665945626189,,True,False,240,7
sedi,7.5,72,tier2_bma,tier0,0.5903228754960378,0.580375901023475,-0.009946974472562764,-0.0155744140711773,-0.004680984585282345,,True,False,240,7
csi,64.5,72,tier2_bma,tier0,0.04143833507788929,0.08294691019210751,0.04150857511421822,0.025910423713917986,0.05909763216630605,,True,False,240,7
sedi,64.5,72,tier2_bma,tier0,0.3868957863439563,0.42298918704373295,0.03609340069977662,-0.0033666460236460413,0.07987117140875777,,False,False,240,7
csi,115.6,72,tier2_bma,tier0,0.0061468780329990294,0.02263267429760666,0.01648579626460763,0.004578082367215821,0.03219934389491295,,True,False,240,7
sedi,115.6,72,tier2_bma,tier0,0.29765136892864874,0.34096606932729073,0.04331470039864199,-0.05286995980985396,0.15012944785350787,,False,False,240,7
csi,204.5,72,tier2_bma,tier0,0.0,0.0,-0.0,-0.0,0.0,,False,False,240,7
sedi,204.5,72,tier2_bma,tier0,,,,,,,False,False,240,7
rmse_mm,,72,tier2_bma,tier2_emos_graphcast,13.68373311240768,13.584506389446997,0.09922672296068313,-0.02764772053893612,0.27099505694821757,0.0701875477088682,False,False,240,7
mae_mm,,72,tier2_bma,tier2_emos_graphcast,7.127884967739339,7.032777050278985,0.09510791746035441,0.036017847367323094,0.14933961151381084,2.0665549913236388e-07,True,False,240,7
crps_mm,,72,tier2_bma,tier2_emos_graphcast,4.568429448962678,4.560170694004169,0.008258754958508696,-0.2351145049603636,0.19403110441639587,0.9112101470808078,False,False,240,7
brier,7.5,72,tier2_bma,tier2_emos_graphcast,0.1430001538198198,0.22034881866222258,-0.0773486648424028,-0.08787545440301948,-0.06750547848422289,1.5578315529691557e-122,True,False,240,7
csi,7.5,72,tier2_bma,tier2_emos_graphcast,0.3837227634046366,0.3807653464340447,-0.0029574169705919306,-0.004340920756704008,-0.0015906537398837756,,True,False,240,7
sedi,7.5,72,tier2_bma,tier2_emos_graphcast,0.5903228754960378,0.584269693977062,-0.006053181518975825,-0.00905555131971405,-0.003094297659786655,,True,False,240,7
brier,64.5,72,tier2_bma,tier2_emos_graphcast,0.012554525063063012,0.01347574427715084,-0.0009212192140878282,-0.001216389384596051,-0.0006784431167364603,2.518712718405411e-14,True,False,240,7
csi,64.5,72,tier2_bma,tier2_emos_graphcast,0.04143833507788929,0.023328646299373642,-0.01810968877851565,-0.03274972423360152,-0.005058597594411669,,True,False,240,7
sedi,64.5,72,tier2_bma,tier2_emos_graphcast,0.3868957863439563,0.36223180825145185,-0.02466397809250448,-0.07014237076820308,0.02384656814494997,,False,False,240,7
brier,115.6,72,tier2_bma,tier2_emos_graphcast,0.002623191513513474,0.002637604345095587,-1.4412831582113171e-05,-8.016026508745185e-05,5.938934539457454e-05,0.5375781274828838,False,False,240,7
csi,115.6,72,tier2_bma,tier2_emos_graphcast,0.0061468780329990294,0.0,-0.0061468780329990294,-0.011655345610742088,-0.0017952160042859933,,True,False,240,7
sedi,115.6,72,tier2_bma,tier2_emos_graphcast,0.29765136892864874,,,,,,False,False,240,7
brier,204.5,72,tier2_bma,tier2_emos_graphcast,0.00027829390270268597,0.000270035694671815,8.258208030870987e-06,3.90618083508933e-06,1.3058189377119901e-05,1.179618820868909e-05,True,False,240,7
csi,204.5,72,tier2_bma,tier2_emos_graphcast,0.0,0.0,-0.0,-0.0,0.0,,False,False,240,7
sedi,204.5,72,tier2_bma,tier2_emos_graphcast,,,,,,,False,False,240,7
rmse_mm,,72,tier2_bma,tier2_emos_ifs_ens,13.68373311240768,13.75581338686653,-0.07208027445885001,-0.17974011344346516,0.047935889289601824,0.16880872683276882,False,False,240,7
mae_mm,,72,tier2_bma,tier2_emos_ifs_ens,7.127884967739339,7.109170603916221,0.01871436382311842,-0.03710305341375507,0.0672169236428245,0.34146349731166814,False,False,240,7
crps_mm,,72,tier2_bma,tier2_emos_ifs_ens,4.568429448962678,4.615239768185557,-0.04681031922287904,-0.30102240011925163,0.14815137440334114,0.5387737223402165,False,False,240,7
brier,7.5,72,tier2_bma,tier2_emos_ifs_ens,0.1430001538198198,0.1635207891098024,-0.020520635289982603,-0.023952881427564278,-0.017590985751045826,5.013396987282263e-68,True,False,240,7
csi,7.5,72,tier2_bma,tier2_emos_ifs_ens,0.3837227634046366,0.38379247281574286,6.970941110623352e-05,-0.002137075310926595,0.0019842906470254355,,False,False,240,7
sedi,7.5,72,tier2_bma,tier2_emos_ifs_ens,0.5903228754960378,0.590801349076081,0.00047847358004315943,-0.0038972335605428677,0.004606291625506339,,False,False,240,7
brier,64.5,72,tier2_bma,tier2_emos_ifs_ens,0.012554525063063012,0.013923353361753602,-0.0013688282986905904,-0.0017525237578321223,-0.0010588374510976477,1.194451391285539e-20,True,False,240,7
csi,64.5,72,tier2_bma,tier2_emos_ifs_ens,0.04143833507788929,0.036553041977439436,-0.004885293100449856,-0.020302881074960245,0.012117858360801727,,False,False,240,7
sedi,64.5,72,tier2_bma,tier2_emos_ifs_ens,0.3868957863439563,0.37067293842678894,-0.016222847917167382,-0.055388286338444045,0.02609365204350332,,False,False,240,7
brier,115.6,72,tier2_bma,tier2_emos_ifs_ens,0.002623191513513474,0.002954399874564004,-0.0003312083610505301,-0.0004670844435934088,-0.0002322118116867985,2.880813736272406e-14,True,False,240,7
csi,115.6,72,tier2_bma,tier2_emos_ifs_ens,0.0061468780329990294,0.0,-0.0061468780329990294,-0.011655345610742088,-0.0017952160042859933,,True,False,240,7
sedi,115.6,72,tier2_bma,tier2_emos_ifs_ens,0.29765136892864874,,,,,,False,False,240,7
brier,204.5,72,tier2_bma,tier2_emos_ifs_ens,0.00027829390270268597,0.00030707473700136945,-2.8780834298683475e-05,-5.438766257223099e-05,-1.1660629575274082e-05,0.00036048436235874625,True,False,240,7
csi,204.5,72,tier2_bma,tier2_emos_ifs_ens,0.0,0.0,-0.0,-0.0,0.0,,False,False,240,7
sedi,204.5,72,tier2_bma,tier2_emos_ifs_ens,,,,,,,False,False,240,7
rmse_mm,,72,tier2_emos_graphcast,best_single_member_on_train,13.584506389446997,14.150802263043547,-0.56629587359655,-0.7030181695225839,-0.4443510742311949,6.193227520770869e-16,True,False,240,7
mae_mm,,72,tier2_emos_graphcast,best_single_member_on_train,7.032777050278985,7.562813118633532,-0.5300360683545469,-0.6526615470833401,-0.4350976736551081,8.987587699976745e-51,True,False,240,7
csi,7.5,72,tier2_emos_graphcast,best_single_member_on_train,0.3807653464340447,0.37765139116202945,-0.0031139552720152452,-0.0050090062194242295,-0.0012195302608059885,,True,False,240,7
sedi,7.5,72,tier2_emos_graphcast,best_single_member_on_train,0.584269693977062,0.5793637320525594,-0.004905961924502544,-0.009232256337150219,-0.001049951484991255,,True,False,240,7
csi,64.5,72,tier2_emos_graphcast,best_single_member_on_train,0.023328646299373642,0.07977900552486188,0.05645035922548823,0.04141942398773083,0.07294371569926625,,True,False,240,7
sedi,64.5,72,tier2_emos_graphcast,best_single_member_on_train,0.36223180825145185,0.4389508344966238,0.07671902624517196,0.040160878350030474,0.11421476512455557,,True,False,240,7
csi,115.6,72,tier2_emos_graphcast,best_single_member_on_train,0.0,0.013341804320203304,0.013341804320203304,0.004075779030811259,0.024349468031717354,,True,False,240,7
sedi,115.6,72,tier2_emos_graphcast,best_single_member_on_train,,0.35160293540892773,,,,,False,False,240,7
csi,204.5,72,tier2_emos_graphcast,best_single_member_on_train,0.0,0.0,-0.0,-0.0,0.0,,False,False,240,7
sedi,204.5,72,tier2_emos_graphcast,best_single_member_on_train,,,,,,,False,False,240,7
rmse_mm,,72,tier2_emos_graphcast,climatology,13.584506389446997,14.593735845907853,-1.0092294564608562,-1.240610586080361,-0.7844688600195856,3.8390691947783776e-28,True,False,240,7
mae_mm,,72,tier2_emos_graphcast,climatology,7.032777050278985,8.028091622439566,-0.9953145721605816,-1.2490971625291476,-0.6823326492944427,5.645758681201669e-41,True,False,240,7
crps_mm,,72,tier2_emos_graphcast,climatology,4.560170694004169,5.016815567094072,-0.4566448730899033,-0.5473942517351866,-0.3698722375415014,1.161727512849443e-50,True,False,240,7
brier,7.5,72,tier2_emos_graphcast,climatology,0.22034881866222258,0.04298498131891408,0.17736383734330852,0.161545028300644,0.19624791801629485,0.0,True,False,240,7
csi,7.5,72,tier2_emos_graphcast,climatology,0.3807653464340447,0.30462543377757756,-0.07613991265646713,-0.095816282745472,-0.058043838081897836,,True,False,240,7
sedi,7.5,72,tier2_emos_graphcast,climatology,0.584269693977062,0.41266582525102424,-0.17160386872603772,-0.21261156071623652,-0.1338174247621412,,True,False,240,7
brier,64.5,72,tier2_emos_graphcast,climatology,0.01347574427715084,0.003472282915564626,0.010003461361586214,0.008678078583439996,0.011861995595003283,2.1061302564396677e-100,True,False,240,7
csi,64.5,72,tier2_emos_graphcast,climatology,0.023328646299373642,0.0,-0.023328646299373642,-0.035685327574671986,-0.01360956725598523,,True,False,240,7
sedi,64.5,72,tier2_emos_graphcast,climatology,0.36223180825145185,,,,,,False,False,240,7
brier,115.6,72,tier2_emos_graphcast,climatology,0.002637604345095587,0.0007037944417812715,0.0019338099033143156,0.0015444437943774782,0.0024696079377715128,1.289810141829305e-39,True,False,240,7
csi,115.6,72,tier2_emos_graphcast,climatology,0.0,0.0,-0.0,-0.0,0.0,,False,False,240,7
sedi,115.6,72,tier2_emos_graphcast,climatology,,,,,,,False,False,240,7
brier,204.5,72,tier2_emos_graphcast,climatology,0.000270035694671815,7.178595678470075e-05,0.00019824973788711424,0.00014021220916993644,0.0002783590214129327,1.7342624946792802e-14,True,False,240,7
csi,204.5,72,tier2_emos_graphcast,climatology,0.0,0.0,-0.0,-0.0,0.0,,False,False,240,7
sedi,204.5,72,tier2_emos_graphcast,climatology,,,,,,,False,False,240,7
rmse_mm,,72,tier2_emos_graphcast,tier0,13.584506389446997,14.838952545069054,-1.2544461556220572,-1.4893466820506556,-1.066014077594382,7.004507632867604e-42,True,False,240,7
mae_mm,,72,tier2_emos_graphcast,tier0,7.032777050278985,7.669676973864886,-0.6368999235859008,-0.7969610998877027,-0.5168615290238695,3.0058202883632396e-49,True,False,240,7
csi,7.5,72,tier2_emos_graphcast,tier0,0.3807653464340447,0.37914506260315767,-0.001620283830887026,-0.00556833453381163,0.0018857614122810866,,False,False,240,7
sedi,7.5,72,tier2_emos_graphcast,tier0,0.584269693977062,0.580375901023475,-0.0038937929535869387,-0.01186730930234756,0.0037050711478027417,,False,False,240,7
csi,64.5,72,tier2_emos_graphcast,tier0,0.023328646299373642,0.08294691019210751,0.059618263892733864,0.04586028691468475,0.07474161645606964,,True,False,240,7
sedi,64.5,72,tier2_emos_graphcast,tier0,0.36223180825145185,0.42298918704373295,0.0607573787922811,0.0193903283152416,0.10691180083090575,,True,False,240,7
csi,115.6,72,tier2_emos_graphcast,tier0,0.0,0.02263267429760666,0.02263267429760666,0.010557768712974177,0.038182076701823026,,True,False,240,7
sedi,115.6,72,tier2_emos_graphcast,tier0,,0.34096606932729073,,,,,False,False,240,7
csi,204.5,72,tier2_emos_graphcast,tier0,0.0,0.0,-0.0,-0.0,0.0,,False,False,240,7
sedi,204.5,72,tier2_emos_graphcast,tier0,,,,,,,False,False,240,7
rmse_mm,,72,tier2_emos_graphcast,tier2_emos_ifs_ens,13.584506389446997,13.75581338686653,-0.17130699741953315,-0.27031839118877443,-0.09093140300769531,2.8188115751956968e-05,True,False,240,7
mae_mm,,72,tier2_emos_graphcast,tier2_emos_ifs_ens,7.032777050278985,7.109170603916221,-0.07639355363723599,-0.13652362453136388,-0.015463408879135996,0.0013610798291521918,True,False,240,7
crps_mm,,72,tier2_emos_graphcast,tier2_emos_ifs_ens,4.560170694004169,4.615239768185557,-0.055069074181387734,-0.08766491531997585,-0.02871824347145539,4.7368233962658916e-05,True,False,240,7
brier,7.5,72,tier2_emos_graphcast,tier2_emos_ifs_ens,0.22034881866222258,0.1635207891098024,0.056828029552420195,0.04856959777597922,0.06607791104310971,4.1359470168670744e-92,True,False,240,7
csi,7.5,72,tier2_emos_graphcast,tier2_emos_ifs_ens,0.3807653464340447,0.38379247281574286,0.003027126381698164,-3.484523635985112e-05,0.005557252812734587,,False,False,240,7
sedi,7.5,72,tier2_emos_graphcast,tier2_emos_ifs_ens,0.584269693977062,0.590801349076081,0.006531655099018985,0.00019720559322535533,0.011771885900081075,,True,False,240,7
brier,64.5,72,tier2_emos_graphcast,tier2_emos_ifs_ens,0.01347574427715084,0.013923353361753602,-0.00044760908460276215,-0.000798768183223077,-0.00011231601389171987,0.002961792437857611,True,False,240,7
csi,64.5,72,tier2_emos_graphcast,tier2_emos_ifs_ens,0.023328646299373642,0.036553041977439436,0.013224395678065794,0.004333463204039366,0.02462088902731306,,True,False,240,7
sedi,64.5,72,tier2_emos_graphcast,tier2_emos_ifs_ens,0.36223180825145185,0.37067293842678894,0.008441130175337097,-0.02281633620833642,0.04279231478092092,,False,False,240,7
brier,115.6,72,tier2_emos_graphcast,tier2_emos_ifs_ens,0.002637604345095587,0.002954399874564004,-0.00031679552946841695,-0.0004534359631876496,-0.00020931184578097615,3.154888573873805e-14,True,False,240,7
csi,115.6,72,tier2_emos_graphcast,tier2_emos_ifs_ens,0.0,0.0,-0.0,-0.0,0.0,,False,False,240,7
sedi,115.6,72,tier2_emos_graphcast,tier2_emos_ifs_ens,,,,,,,False,False,240,7
brier,204.5,72,tier2_emos_graphcast,tier2_emos_ifs_ens,0.000270035694671815,0.00030707473700136945,-3.703904232955446e-05,-6.442828715878198e-05,-1.8891287362876268e-05,9.83194591141886e-06,True,False,240,7
csi,204.5,72,tier2_emos_graphcast,tier2_emos_ifs_ens,0.0,0.0,-0.0,-0.0,0.0,,False,False,240,7
sedi,204.5,72,tier2_emos_graphcast,tier2_emos_ifs_ens,,,,,,,False,False,240,7
rmse_mm,,72,tier2_emos_ifs_ens,best_single_member_on_train,13.75581338686653,14.150802263043547,-0.39498887617701683,-0.5370170720576884,-0.2636227549546614,2.2031034076877127e-06,True,False,240,7
mae_mm,,72,tier2_emos_ifs_ens,best_single_member_on_train,7.109170603916221,7.562813118633532,-0.4536425147173109,-0.6023284297661328,-0.340228745235458,2.5281264168405575e-22,True,False,240,7
csi,7.5,72,tier2_emos_ifs_ens,best_single_member_on_train,0.38379247281574286,0.37765139116202945,-0.006141081653713409,-0.009631628977752228,-0.0024323515859193275,,True,False,240,7
sedi,7.5,72,tier2_emos_ifs_ens,best_single_member_on_train,0.590801349076081,0.5793637320525594,-0.011437617023521529,-0.018654002300174576,-0.003918069676247888,,True,False,240,7
csi,64.5,72,tier2_emos_ifs_ens,best_single_member_on_train,0.036553041977439436,0.07977900552486188,0.04322596354742244,0.0282430365414074,0.05927194570554376,,True,False,240,7
sedi,64.5,72,tier2_emos_ifs_ens,best_single_member_on_train,0.37067293842678894,0.4389508344966238,0.06827789606983486,0.03650488531737724,0.09949907063928683,,True,False,240,7
csi,115.6,72,tier2_emos_ifs_ens,best_single_member_on_train,0.0,0.013341804320203304,0.013341804320203304,0.004075779030811259,0.024349468031717354,,True,False,240,7
sedi,115.6,72,tier2_emos_ifs_ens,best_single_member_on_train,,0.35160293540892773,,,,,False,False,240,7
csi,204.5,72,tier2_emos_ifs_ens,best_single_member_on_train,0.0,0.0,-0.0,-0.0,0.0,,False,False,240,7
sedi,204.5,72,tier2_emos_ifs_ens,best_single_member_on_train,,,,,,,False,False,240,7
rmse_mm,,72,tier2_emos_ifs_ens,climatology,13.75581338686653,14.593735845907853,-0.837922459041323,-1.0489581121287177,-0.623440933106434,7.517103973956312e-24,True,False,240,7
mae_mm,,72,tier2_emos_ifs_ens,climatology,7.109170603916221,8.028091622439566,-0.9189210185233456,-1.1663696014050262,-0.631837759710473,2.1932497273105666e-39,True,False,240,7
crps_mm,,72,tier2_emos_ifs_ens,climatology,4.615239768185557,5.016815567094072,-0.4015757989085156,-0.48875492089235795,-0.31483392680498734,1.5786436261308265e-43,True,False,240,7
brier,7.5,72,tier2_emos_ifs_ens,climatology,0.1635207891098024,0.04298498131891408,0.12053580779088831,0.11236338330974502,0.13077882688768555,0.0,True,False,240,7
csi,7.5,72,tier2_emos_ifs_ens,climatology,0.38379247281574286,0.30462543377757756,-0.0791670390381653,-0.09757280701061136,-0.06118823799178214,,True,False,240,7
sedi,7.5,72,tier2_emos_ifs_ens,climatology,0.590801349076081,0.41266582525102424,-0.1781355238250567,-0.21713128233653306,-0.1401470641005477,,True,False,240,7
brier,64.5,72,tier2_emos_ifs_ens,climatology,0.013923353361753602,0.003472282915564626,0.010451070446188976,0.009055857978209469,0.01235667262130559,8.944199177250802e-111,True,False,240,7
csi,64.5,72,tier2_emos_ifs_ens,climatology,0.036553041977439436,0.0,-0.036553041977439436,-0.05342864378527708,-0.023771075932421646,,True,False,240,7
sedi,64.5,72,tier2_emos_ifs_ens,climatology,0.37067293842678894,,,,,,False,False,240,7
brier,115.6,72,tier2_emos_ifs_ens,climatology,0.002954399874564004,0.0007037944417812715,0.0022506054327827325,0.0017954146944915658,0.0028356546302712345,1.002778492389689e-44,True,False,240,7
csi,115.6,72,tier2_emos_ifs_ens,climatology,0.0,0.0,-0.0,-0.0,0.0,,False,False,240,7
sedi,115.6,72,tier2_emos_ifs_ens,climatology,,,,,,,False,False,240,7
brier,204.5,72,tier2_emos_ifs_ens,climatology,0.00030707473700136945,7.178595678470075e-05,0.0002352887802166687,0.0001705123424268279,0.00032951735507298445,1.0191325061819741e-16,True,False,240,7
csi,204.5,72,tier2_emos_ifs_ens,climatology,0.0,0.0,-0.0,-0.0,0.0,,False,False,240,7
sedi,204.5,72,tier2_emos_ifs_ens,climatology,,,,,,,False,False,240,7
rmse_mm,,72,tier2_emos_ifs_ens,tier0,13.75581338686653,14.838952545069054,-1.083139158202524,-1.2656774491954843,-0.9371632472449357,1.928036694184941e-43,True,False,240,7
mae_mm,,72,tier2_emos_ifs_ens,tier0,7.109170603916221,7.669676973864886,-0.5605063699486648,-0.7122510541172707,-0.44574761151096914,1.196448559731931e-46,True,False,240,7
csi,7.5,72,tier2_emos_ifs_ens,tier0,0.38379247281574286,0.37914506260315767,-0.00464741021258519,-0.006991591875549088,-0.0022621708995402587,,True,False,240,7
sedi,7.5,72,tier2_emos_ifs_ens,tier0,0.590801349076081,0.580375901023475,-0.010425448052605923,-0.015166386824459258,-0.005585088128864567,,True,False,240,7
csi,64.5,72,tier2_emos_ifs_ens,tier0,0.036553041977439436,0.08294691019210751,0.04639386821466807,0.03715153982031364,0.055998487392408244,,True,False,240,7
sedi,64.5,72,tier2_emos_ifs_ens,tier0,0.37067293842678894,0.42298918704373295,0.052316248616944006,0.026733708166727536,0.07920983072052919,,True,False,240,7
csi,115.6,72,tier2_emos_ifs_ens,tier0,0.0,0.02263267429760666,0.02263267429760666,0.010557768712974177,0.038182076701823026,,True,False,240,7
sedi,115.6,72,tier2_emos_ifs_ens,tier0,,0.34096606932729073,,,,,False,False,240,7
csi,204.5,72,tier2_emos_ifs_ens,tier0,0.0,0.0,-0.0,-0.0,0.0,,False,False,240,7
sedi,204.5,72,tier2_emos_ifs_ens,tier0,,,,,,,False,False,240,7
rmse_mm,,72,tier2_emos_ifs_ens,tier2_emos_graphcast,13.75581338686653,13.584506389446997,0.17130699741953315,0.09093140300769531,0.27031839118877443,2.8188115751956968e-05,True,False,240,7
mae_mm,,72,tier2_emos_ifs_ens,tier2_emos_graphcast,7.109170603916221,7.032777050278985,0.07639355363723599,0.015463408879135996,0.13652362453136388,0.0013610798291521918,True,False,240,7
crps_mm,,72,tier2_emos_ifs_ens,tier2_emos_graphcast,4.615239768185557,4.560170694004169,0.055069074181387734,0.02871824347145539,0.08766491531997585,4.7368233962658916e-05,True,False,240,7
brier,7.5,72,tier2_emos_ifs_ens,tier2_emos_graphcast,0.1635207891098024,0.22034881866222258,-0.056828029552420195,-0.06607791104310971,-0.04856959777597922,4.1359470168670744e-92,True,False,240,7
csi,7.5,72,tier2_emos_ifs_ens,tier2_emos_graphcast,0.38379247281574286,0.3807653464340447,-0.003027126381698164,-0.005557252812734587,3.4845236359850626e-05,,False,False,240,7
sedi,7.5,72,tier2_emos_ifs_ens,tier2_emos_graphcast,0.590801349076081,0.584269693977062,-0.006531655099018985,-0.011771885900081075,-0.00019720559322535685,,True,False,240,7
brier,64.5,72,tier2_emos_ifs_ens,tier2_emos_graphcast,0.013923353361753602,0.01347574427715084,0.00044760908460276215,0.00011231601389171987,0.000798768183223077,0.002961792437857611,True,False,240,7
csi,64.5,72,tier2_emos_ifs_ens,tier2_emos_graphcast,0.036553041977439436,0.023328646299373642,-0.013224395678065794,-0.02462088902731306,-0.004333463204039367,,True,False,240,7
sedi,64.5,72,tier2_emos_ifs_ens,tier2_emos_graphcast,0.37067293842678894,0.36223180825145185,-0.008441130175337097,-0.04279231478092093,0.022816336208336417,,False,False,240,7
brier,115.6,72,tier2_emos_ifs_ens,tier2_emos_graphcast,0.002954399874564004,0.002637604345095587,0.00031679552946841695,0.00020931184578097615,0.0004534359631876496,3.154888573873805e-14,True,False,240,7
csi,115.6,72,tier2_emos_ifs_ens,tier2_emos_graphcast,0.0,0.0,-0.0,-0.0,0.0,,False,False,240,7
sedi,115.6,72,tier2_emos_ifs_ens,tier2_emos_graphcast,,,,,,,False,False,240,7
brier,204.5,72,tier2_emos_ifs_ens,tier2_emos_graphcast,0.00030707473700136945,0.000270035694671815,3.703904232955446e-05,1.8891287362876268e-05,6.442828715878198e-05,9.83194591141886e-06,True,False,240,7
csi,204.5,72,tier2_emos_ifs_ens,tier2_emos_graphcast,0.0,0.0,-0.0,-0.0,0.0,,False,False,240,7
sedi,204.5,72,tier2_emos_ifs_ens,tier2_emos_graphcast,,,,,,,False,False,240,7
rmse_mm,,72,tier3_regime_conditioned,best_single_member_on_train,13.79043174995945,14.150802263043547,-0.36037051308409573,-0.5121437105346776,-0.21893182320639357,3.859703354970751e-09,True,False,240,7
mae_mm,,72,tier3_regime_conditioned,best_single_member_on_train,7.391288156092406,7.562813118633532,-0.1715249625411257,-0.24057025227204404,-0.10874056139901093,1.1078625817322568e-12,True,False,240,7
csi,7.5,72,tier3_regime_conditioned,best_single_member_on_train,0.3861823012466789,0.37765139116202945,-0.008530910084649457,-0.011074275458309779,-0.005894025297446367,,True,False,240,7
sedi,7.5,72,tier3_regime_conditioned,best_single_member_on_train,0.5973731932013704,0.5793637320525594,-0.018009461148810968,-0.024114949948164134,-0.012337652970249758,,True,False,240,7
csi,64.5,72,tier3_regime_conditioned,best_single_member_on_train,0.08133003819366434,0.07977900552486188,-0.0015510326688024656,-0.010563169589965966,0.006384044621320615,,False,False,240,7
sedi,64.5,72,tier3_regime_conditioned,best_single_member_on_train,0.4467293709823726,0.4389508344966238,-0.007778536485748777,-0.024579951690509184,0.008925370815866949,,False,False,240,7
csi,115.6,72,tier3_regime_conditioned,best_single_member_on_train,0.011396011396011397,0.013341804320203304,0.001945792924191907,-0.009496156116489508,0.012254006994876616,,False,False,240,7
sedi,115.6,72,tier3_regime_conditioned,best_single_member_on_train,0.3323935442187889,0.35160293540892773,0.019209391190138814,-0.06936147635621981,0.10329490822416323,,False,False,240,7
csi,204.5,72,tier3_regime_conditioned,best_single_member_on_train,0.0,0.0,-0.0,-0.0,0.0,,False,False,240,7
sedi,204.5,72,tier3_regime_conditioned,best_single_member_on_train,,,,,,,False,False,240,7
rmse_mm,,72,tier3_regime_conditioned,climatology,13.79043174995945,14.593735845907853,-0.8033040959484019,-1.074802546491051,-0.5079064319536125,1.2278504533519545e-12,True,False,240,7
mae_mm,,72,tier3_regime_conditioned,climatology,7.391288156092406,8.028091622439566,-0.6368034663471605,-0.9245829015858932,-0.26748286120992865,2.683661598585375e-12,True,False,240,7
csi,7.5,72,tier3_regime_conditioned,climatology,0.3861823012466789,0.30462543377757756,-0.08155686746910135,-0.09979955875525567,-0.06405593901978704,,True,False,240,7
sedi,7.5,72,tier3_regime_conditioned,climatology,0.5973731932013704,0.41266582525102424,-0.18470736795034615,-0.223676569862464,-0.14813872231024947,,True,False,240,7
csi,64.5,72,tier3_regime_conditioned,climatology,0.08133003819366434,0.0,-0.08133003819366434,-0.10778774277320612,-0.060195123441454945,,True,False,240,7
sedi,64.5,72,tier3_regime_conditioned,climatology,0.4467293709823726,,,,,,False,False,240,7
csi,115.6,72,tier3_regime_conditioned,climatology,0.011396011396011397,0.0,-0.011396011396011397,-0.023978481353932362,-0.003090386350096614,,True,False,240,7
sedi,115.6,72,tier3_regime_conditioned,climatology,0.3323935442187889,,,,,,False,False,240,7
csi,204.5,72,tier3_regime_conditioned,climatology,0.0,0.0,-0.0,-0.0,0.0,,False,False,240,7
sedi,204.5,72,tier3_regime_conditioned,climatology,,,,,,,False,False,240,7
rmse_mm,,72,tier3_regime_conditioned,tier0,13.79043174995945,14.838952545069054,-1.048520795109603,-1.2388091149505494,-0.9002433086822994,1.348771119294078e-50,True,False,240,7
mae_mm,,72,tier3_regime_conditioned,tier0,7.391288156092406,7.669676973864886,-0.2783888177724796,-0.3583916011183921,-0.2197413987339798,4.942449820524797e-31,True,False,240,7
csi,7.5,72,tier3_regime_conditioned,tier0,0.3861823012466789,0.37914506260315767,-0.0070372386435212375,-0.009499798361808696,-0.004618947109512099,,True,False,240,7
sedi,7.5,72,tier3_regime_conditioned,tier0,0.5973731932013704,0.580375901023475,-0.016997292177895362,-0.021866950420227852,-0.011774894191896007,,True,False,240,7
csi,64.5,72,tier3_regime_conditioned,tier0,0.08133003819366434,0.08294691019210751,0.0016168719984431673,-0.009561970321095169,0.011295115030638188,,False,False,240,7
sedi,64.5,72,tier3_regime_conditioned,tier0,0.4467293709823726,0.42298918704373295,-0.023740183938639636,-0.04765342381707468,0.00023030848160916683,,False,False,240,7
csi,115.6,72,tier3_regime_conditioned,tier0,0.011396011396011397,0.02263267429760666,0.011236662901595263,0.00290234235324881,0.021200609235468404,,True,False,240,7
sedi,115.6,72,tier3_regime_conditioned,tier0,0.3323935442187889,0.34096606932729073,0.008572525108501816,-0.05583095354725284,0.07822235676301653,,False,False,240,7
csi,204.5,72,tier3_regime_conditioned,tier0,0.0,0.0,-0.0,-0.0,0.0,,False,False,240,7
sedi,204.5,72,tier3_regime_conditioned,tier0,,,,,,,False,False,240,7
rmse_mm,,72,tier3_regime_conditioned,tier2_emos_graphcast,13.79043174995945,13.584506389446997,0.20592536051245425,0.095524334330363,0.3317569449108889,7.492520708446784e-06,True,False,240,7
mae_mm,,72,tier3_regime_conditioned,tier2_emos_graphcast,7.391288156092406,7.032777050278985,0.35851110581342116,0.28430644722287995,0.4523310385340032,3.0620114899552013e-41,True,False,240,7
csi,7.5,72,tier3_regime_conditioned,tier2_emos_graphcast,0.3861823012466789,0.3807653464340447,-0.0054169548126342115,-0.0074707111489059315,-0.003310366577822295,,True,False,240,7
sedi,7.5,72,tier3_regime_conditioned,tier2_emos_graphcast,0.5973731932013704,0.584269693977062,-0.013103499224308424,-0.01722597314616862,-0.00824006536294219,,True,False,240,7
csi,64.5,72,tier3_regime_conditioned,tier2_emos_graphcast,0.08133003819366434,0.023328646299373642,-0.058001391894290696,-0.07652979043329326,-0.04277090545278172,,True,False,240,7
sedi,64.5,72,tier3_regime_conditioned,tier2_emos_graphcast,0.4467293709823726,0.36223180825145185,-0.08449756273092074,-0.11751251367365935,-0.05468937716031378,,True,False,240,7
csi,115.6,72,tier3_regime_conditioned,tier2_emos_graphcast,0.011396011396011397,0.0,-0.011396011396011397,-0.023978481353932362,-0.003090386350096614,,True,False,240,7
sedi,115.6,72,tier3_regime_conditioned,tier2_emos_graphcast,0.3323935442187889,,,,,,False,False,240,7
csi,204.5,72,tier3_regime_conditioned,tier2_emos_graphcast,0.0,0.0,-0.0,-0.0,0.0,,False,False,240,7
sedi,204.5,72,tier3_regime_conditioned,tier2_emos_graphcast,,,,,,,False,False,240,7
rmse_mm,,72,tier3_regime_conditioned,tier2_emos_ifs_ens,13.79043174995945,13.75581338686653,0.0346183630929211,-0.10040478259371426,0.16066103096510798,0.5116673734193531,False,False,240,7
mae_mm,,72,tier3_regime_conditioned,tier2_emos_ifs_ens,7.391288156092406,7.109170603916221,0.28211755217618517,0.20287187123577374,0.389026229220847,6.11213872965973e-19,True,False,240,7
csi,7.5,72,tier3_regime_conditioned,tier2_emos_ifs_ens,0.3861823012466789,0.38379247281574286,-0.0023898284309360474,-0.004237898759343647,-0.0009959700435901255,,True,False,240,7
sedi,7.5,72,tier3_regime_conditioned,tier2_emos_ifs_ens,0.5973731932013704,0.590801349076081,-0.006571844125289439,-0.009988694731051365,-0.0035003336125712103,,True,False,240,7
csi,64.5,72,tier3_regime_conditioned,tier2_emos_ifs_ens,0.08133003819366434,0.036553041977439436,-0.044776996216224906,-0.0604320211152213,-0.03192850955567706,,True,False,240,7
sedi,64.5,72,tier3_regime_conditioned,tier2_emos_ifs_ens,0.4467293709823726,0.37067293842678894,-0.07605643255558364,-0.10296653380272769,-0.05321166790655177,,True,False,240,7
csi,115.6,72,tier3_regime_conditioned,tier2_emos_ifs_ens,0.011396011396011397,0.0,-0.011396011396011397,-0.023978481353932362,-0.003090386350096614,,True,False,240,7
sedi,115.6,72,tier3_regime_conditioned,tier2_emos_ifs_ens,0.3323935442187889,,,,,,False,False,240,7
csi,204.5,72,tier3_regime_conditioned,tier2_emos_ifs_ens,0.0,0.0,-0.0,-0.0,0.0,,False,False,240,7
sedi,204.5,72,tier3_regime_conditioned,tier2_emos_ifs_ens,,,,,,,False,False,240,7
rmse_mm,,96,best_single_member_on_train,climatology,14.171021255016784,14.627329722328808,-0.4563084673120237,-0.7056373895966813,-0.17858379520532383,6.344822016699385e-05,True,False,238,7
mae_mm,,96,best_single_member_on_train,climatology,7.5870676885581245,8.049150449164225,-0.46208276060610043,-0.7882631010573865,-0.07268042758420612,2.0155725750670494e-06,True,False,238,7
csi,7.5,96,best_single_member_on_train,climatology,0.3748266374716339,0.3048575026498431,-0.06996913482179079,-0.08911747899105436,-0.05263466972095007,,True,False,238,7
sedi,7.5,96,best_single_member_on_train,climatology,0.5729705004116683,0.411614851138956,-0.1613556492727123,-0.20292433550748268,-0.1225909573657349,,True,False,238,7
csi,64.5,96,best_single_member_on_train,climatology,0.07002753891979992,0.0,-0.07002753891979992,-0.09558677530546204,-0.048466755454118104,,True,False,238,7
sedi,64.5,96,best_single_member_on_train,climatology,0.41968692547297953,,,,,,False,False,238,7
csi,115.6,96,best_single_member_on_train,climatology,0.008771929824561403,0.0,-0.008771929824561403,-0.017978106469543412,-0.0018792617017403847,,True,False,238,7
sedi,115.6,96,best_single_member_on_train,climatology,0.3345572074608703,,,,,,False,False,238,7
csi,204.5,96,best_single_member_on_train,climatology,0.0,0.0,-0.0,-0.0,0.0,,False,False,238,7
sedi,204.5,96,best_single_member_on_train,climatology,,,,,,,False,False,238,7
rmse_mm,,96,best_single_member_on_train,tier0,14.171021255016784,14.8428945769093,-0.6718733218925159,-0.9122726932305036,-0.4704135211924915,2.012078631499786e-13,True,False,238,7
mae_mm,,96,best_single_member_on_train,tier0,7.5870676885581245,7.670556538370418,-0.08348884981229343,-0.1775423646055947,0.01095490302347361,0.03575031046807749,False,False,238,7
csi,7.5,96,best_single_member_on_train,tier0,0.3748266374716339,0.3734231185848347,-0.0014035188867992376,-0.005853239964895814,0.0031907290538251234,,False,False,238,7
sedi,7.5,96,best_single_member_on_train,tier0,0.5729705004116683,0.5673961684508552,-0.005574331960813139,-0.014664956978618384,0.004578623341009954,,False,False,238,7
csi,64.5,96,best_single_member_on_train,tier0,0.07002753891979992,0.07601450695941972,0.005986968039619803,-0.00455403438034195,0.016400444836742353,,False,False,238,7
sedi,64.5,96,best_single_member_on_train,tier0,0.41968692547297953,0.4086557567442018,-0.01103116872877774,-0.03686897302479963,0.01632149449792202,,False,False,238,7
csi,115.6,96,best_single_member_on_train,tier0,0.008771929824561403,0.020805548146172314,0.012033618321610911,0.0029217325586103735,0.02311217421264963,,True,False,238,7
sedi,115.6,96,best_single_member_on_train,tier0,0.3345572074608703,0.33389288371113124,-0.0006643237497390708,-0.06640802354091624,0.07173424913732813,,False,False,238,7
csi,204.5,96,best_single_member_on_train,tier0,0.0,0.0,-0.0,-0.0,0.0,,False,False,238,7
sedi,204.5,96,best_single_member_on_train,tier0,,,,,,,False,False,238,7
rmse_mm,,96,best_single_member_on_train,tier2_emos_graphcast,14.171021255016784,13.688792498417708,0.48222875659907594,0.35890168787650795,0.6237760016794038,2.9885018486142833e-16,True,False,238,7
mae_mm,,96,best_single_member_on_train,tier2_emos_graphcast,7.5870676885581245,7.085486677907035,0.5015810106510896,0.41596711619821003,0.6042990489942186,5.2343325376506305e-55,True,False,238,7
csi,7.5,96,best_single_member_on_train,tier2_emos_graphcast,0.3748266374716339,0.37871725503956283,0.0038906175679289112,0.0014788540380745855,0.006552110920275736,,True,False,238,7
sedi,7.5,96,best_single_member_on_train,tier2_emos_graphcast,0.5729705004116683,0.5793423534497508,0.00637185303808252,0.0017195356670069717,0.011888278082454462,,True,False,238,7
csi,64.5,96,best_single_member_on_train,tier2_emos_graphcast,0.07002753891979992,0.013324750563244288,-0.05670278835655563,-0.08013489927095077,-0.03671314798720874,,True,False,238,7
sedi,64.5,96,best_single_member_on_train,tier2_emos_graphcast,0.41968692547297953,0.3085994540136827,-0.11108747145929682,-0.17041258452928446,-0.05145886386770597,,True,False,238,7
csi,115.6,96,best_single_member_on_train,tier2_emos_graphcast,0.008771929824561403,0.0,-0.008771929824561403,-0.017978106469543412,-0.0018792617017403847,,True,False,238,7
sedi,115.6,96,best_single_member_on_train,tier2_emos_graphcast,0.3345572074608703,,,,,,False,False,238,7
csi,204.5,96,best_single_member_on_train,tier2_emos_graphcast,0.0,0.0,-0.0,-0.0,0.0,,False,False,238,7
sedi,204.5,96,best_single_member_on_train,tier2_emos_graphcast,,,,,,,False,False,238,7
rmse_mm,,96,best_single_member_on_train,tier2_emos_ifs_ens,14.171021255016784,13.896628244807607,0.2743930102091774,0.12461962871275035,0.4284643168888715,0.0005425382966095341,True,False,238,7
mae_mm,,96,best_single_member_on_train,tier2_emos_ifs_ens,7.5870676885581245,7.193564806536578,0.39350288202154626,0.2782358058375337,0.5305847557531406,3.9680702078481816e-17,True,False,238,7
csi,7.5,96,best_single_member_on_train,tier2_emos_ifs_ens,0.3748266374716339,0.38102113138207117,0.006194493910437249,0.002589140997106769,0.010478622108720229,,True,False,238,7
sedi,7.5,96,best_single_member_on_train,tier2_emos_ifs_ens,0.5729705004116683,0.585640056973471,0.012669556561802686,0.005026087185450145,0.021527543427695254,,True,False,238,7
csi,64.5,96,best_single_member_on_train,tier2_emos_ifs_ens,0.07002753891979992,0.025908353102759397,-0.044119185817040524,-0.06830009052022809,-0.0261657603167252,,True,False,238,7
sedi,64.5,96,best_single_member_on_train,tier2_emos_ifs_ens,0.41968692547297953,0.33509018350367475,-0.08459674196930478,-0.14022760618392885,-0.03838327626913114,,True,False,238,7
csi,115.6,96,best_single_member_on_train,tier2_emos_ifs_ens,0.008771929824561403,0.000333555703802535,-0.008438374120758868,-0.017632413211465796,-0.0014545987055863592,,True,False,238,7
sedi,115.6,96,best_single_member_on_train,tier2_emos_ifs_ens,0.3345572074608703,0.19294584915869448,-0.14161135830217583,-0.19705341382567604,-0.023672779792765376,,True,False,238,7
csi,204.5,96,best_single_member_on_train,tier2_emos_ifs_ens,0.0,0.0,-0.0,-0.0,0.0,,False,False,238,7
sedi,204.5,96,best_single_member_on_train,tier2_emos_ifs_ens,,,,,,,False,False,238,7
rmse_mm,,96,climatology,best_single_member_on_train,14.627329722328808,14.171021255016784,0.4563084673120237,0.17858379520532383,0.7056373895966813,6.344822016699385e-05,True,False,238,7
mae_mm,,96,climatology,best_single_member_on_train,8.049150449164225,7.5870676885581245,0.46208276060610043,0.07268042758420612,0.7882631010573865,2.0155725750670494e-06,True,False,238,7
csi,7.5,96,climatology,best_single_member_on_train,0.3048575026498431,0.3748266374716339,0.06996913482179079,0.05263466972095007,0.08911747899105436,,True,False,238,7
sedi,7.5,96,climatology,best_single_member_on_train,0.411614851138956,0.5729705004116683,0.1613556492727123,0.1225909573657349,0.20292433550748268,,True,False,238,7
csi,64.5,96,climatology,best_single_member_on_train,0.0,0.07002753891979992,0.07002753891979992,0.0484667554541181,0.09558677530546204,,True,False,238,7
sedi,64.5,96,climatology,best_single_member_on_train,,0.41968692547297953,,,,,False,False,238,7
csi,115.6,96,climatology,best_single_member_on_train,0.0,0.008771929824561403,0.008771929824561403,0.0018792617017403845,0.017978106469543412,,True,False,238,7
sedi,115.6,96,climatology,best_single_member_on_train,,0.3345572074608703,,,,,False,False,238,7
csi,204.5,96,climatology,best_single_member_on_train,0.0,0.0,-0.0,-0.0,0.0,,False,False,238,7
sedi,204.5,96,climatology,best_single_member_on_train,,,,,,,False,False,238,7
rmse_mm,,96,climatology,tier0,14.627329722328808,14.8428945769093,-0.21556485458049224,-0.5388529919785557,0.043574780517875694,0.049208642045817846,False,False,238,7
mae_mm,,96,climatology,tier0,8.049150449164225,7.670556538370418,0.378593910793807,-0.027845485788518615,0.700651517110061,5.99947811332225e-05,False,False,238,7
csi,7.5,96,climatology,tier0,0.3048575026498431,0.3734231185848347,0.06856561593499155,0.05232887880597495,0.0864714640499405,,True,False,238,7
sedi,7.5,96,climatology,tier0,0.411614851138956,0.5673961684508552,0.15578131731189915,0.11891282345272426,0.19445910887831386,,True,False,238,7
csi,64.5,96,climatology,tier0,0.0,0.07601450695941972,0.07601450695941972,0.05692423412933709,0.0995162966691565,,True,False,238,7
sedi,64.5,96,climatology,tier0,,0.4086557567442018,,,,,False,False,238,7
csi,115.6,96,climatology,tier0,0.0,0.020805548146172314,0.020805548146172314,0.009118027468607362,0.035869703977224124,,True,False,238,7
sedi,115.6,96,climatology,tier0,,0.33389288371113124,,,,,False,False,238,7
csi,204.5,96,climatology,tier0,0.0,0.0,-0.0,-0.0,0.0,,False,False,238,7
sedi,204.5,96,climatology,tier0,,,,,,,False,False,238,7
rmse_mm,,96,climatology,tier2_emos_graphcast,14.627329722328808,13.688792498417708,0.9385372239110996,0.718123773662985,1.1525052383600007,1.2292481771777962e-28,True,False,238,7
mae_mm,,96,climatology,tier2_emos_graphcast,8.049150449164225,7.085486677907035,0.96366377125719,0.6597420533236219,1.233741905517811,2.2466433649654765e-38,True,False,238,7
crps_mm,,96,climatology,tier2_emos_graphcast,5.033200434651627,4.59601912708575,0.4371813075658766,0.3523004585329262,0.526602662715256,1.92992039666592e-49,True,False,238,7
brier,7.5,96,climatology,tier2_emos_graphcast,0.04308922306651122,0.23000900610757485,-0.18691978304106363,-0.20667463951528306,-0.1694149998607785,0.0,True,False,238,7
csi,7.5,96,climatology,tier2_emos_graphcast,0.3048575026498431,0.37871725503956283,0.0738597523897197,0.055860679226936535,0.09307785473257872,,True,False,238,7
sedi,7.5,96,climatology,tier2_emos_graphcast,0.411614851138956,0.5793423534497508,0.1677275023107948,0.12802315543177684,0.20858646232482841,,True,False,238,7
brier,64.5,96,climatology,tier2_emos_graphcast,0.0034899773720851596,0.013514275078175875,-0.010024297706090715,-0.011882419245235521,-0.008666791101679644,2.1550677640690438e-97,True,False,238,7
csi,64.5,96,climatology,tier2_emos_graphcast,0.0,0.013324750563244288,0.013324750563244288,0.006062354191004107,0.023129162650393765,,True,False,238,7
sedi,64.5,96,climatology,tier2_emos_graphcast,,0.3085994540136827,,,,,False,False,238,7
brier,115.6,96,climatology,tier2_emos_graphcast,0.0007086608992201571,0.002701561897461736,-0.001992900998241579,-0.00254479037320707,-0.0015760772271314475,8.39730820445623e-39,True,False,238,7
csi,115.6,96,climatology,tier2_emos_graphcast,0.0,0.0,-0.0,-0.0,0.0,,False,False,238,7
sedi,115.6,96,climatology,tier2_emos_graphcast,,,,,,,False,False,238,7
brier,204.5,96,climatology,tier2_emos_graphcast,7.238280579438358e-05,0.00027337323042758276,-0.00020099042463319917,-0.00027761200615280466,-0.00014352564444404197,1.8866849147791666e-14,True,False,238,7
csi,204.5,96,climatology,tier2_emos_graphcast,0.0,0.0,-0.0,-0.0,0.0,,False,False,238,7
sedi,204.5,96,climatology,tier2_emos_graphcast,,,,,,,False,False,238,7
rmse_mm,,96,climatology,tier2_emos_ifs_ens,14.627329722328808,13.896628244807607,0.7307014775212011,0.5428329738063814,0.9112840851935917,6.674745359294703e-23,True,False,238,7
mae_mm,,96,climatology,tier2_emos_ifs_ens,8.049150449164225,7.193564806536578,0.8555856426276467,0.5729580572335182,1.0984903388037046,4.397357047942551e-36,True,False,238,7
crps_mm,,96,climatology,tier2_emos_ifs_ens,5.033200434651627,4.666024520290335,0.36717591436129116,0.2876831640335929,0.4471382965420669,2.1575937414114943e-42,True,False,238,7
brier,7.5,96,climatology,tier2_emos_ifs_ens,0.04308922306651122,0.16083304583389732,-0.1177438227673861,-0.12781846920546705,-0.10876566405295435,0.0,True,False,238,7
csi,7.5,96,climatology,tier2_emos_ifs_ens,0.3048575026498431,0.38102113138207117,0.07616362873222804,0.059709382744463205,0.09474565070232847,,True,False,238,7
sedi,7.5,96,climatology,tier2_emos_ifs_ens,0.411614851138956,0.585640056973471,0.17402520583451497,0.1361392797133027,0.21247868960840396,,True,False,238,7
brier,64.5,96,climatology,tier2_emos_ifs_ens,0.0034899773720851596,0.013916383103022208,-0.010426405730937048,-0.012319406524525811,-0.00909303863494839,1.5046619450934594e-111,True,False,238,7
csi,64.5,96,climatology,tier2_emos_ifs_ens,0.0,0.025908353102759397,0.025908353102759397,0.014427022127736045,0.0381895633711604,,True,False,238,7
sedi,64.5,96,climatology,tier2_emos_ifs_ens,,0.33509018350367475,,,,,False,False,238,7
brier,115.6,96,climatology,tier2_emos_ifs_ens,0.0007086608992201571,0.0029482563189300445,-0.0022395954197098875,-0.0028382449244135936,-0.0018083741909225716,4.730093304068776e-45,True,False,238,7
csi,115.6,96,climatology,tier2_emos_ifs_ens,0.0,0.000333555703802535,0.000333555703802535,-0.0,0.001109642938936761,,False,False,238,7
sedi,115.6,96,climatology,tier2_emos_ifs_ens,,0.19294584915869448,,,,,False,False,238,7
brier,204.5,96,climatology,tier2_emos_ifs_ens,7.238280579438358e-05,0.0003116919270108512,-0.00023930912121646758,-0.0003318161837025508,-0.00017277112722427712,1.9357168893433867e-16,True,False,238,7
csi,204.5,96,climatology,tier2_emos_ifs_ens,0.0,0.0,-0.0,-0.0,0.0,,False,False,238,7
sedi,204.5,96,climatology,tier2_emos_ifs_ens,,,,,,,False,False,238,7
rmse_mm,,96,graphcast,best_single_member_on_train,14.171021255016784,14.171021255016784,0.0,0.0,0.0,1.0,False,False,238,7
mae_mm,,96,graphcast,best_single_member_on_train,7.5870676885581245,7.5870676885581245,0.0,0.0,0.0,1.0,False,False,238,7
csi,7.5,96,graphcast,best_single_member_on_train,0.3748266374716339,0.3748266374716339,-0.0,-0.0,0.0,,False,False,238,7
sedi,7.5,96,graphcast,best_single_member_on_train,0.5729705004116683,0.5729705004116683,-0.0,-0.0,0.0,,False,False,238,7
csi,64.5,96,graphcast,best_single_member_on_train,0.07002753891979992,0.07002753891979992,-0.0,-0.0,0.0,,False,False,238,7
sedi,64.5,96,graphcast,best_single_member_on_train,0.41968692547297953,0.41968692547297953,-0.0,-0.0,0.0,,False,False,238,7
csi,115.6,96,graphcast,best_single_member_on_train,0.008771929824561403,0.008771929824561403,-0.0,-0.0,0.0,,False,False,238,7
sedi,115.6,96,graphcast,best_single_member_on_train,0.3345572074608703,0.3345572074608703,-0.0,-0.0,0.0,,False,False,238,7
csi,204.5,96,graphcast,best_single_member_on_train,0.0,0.0,-0.0,-0.0,0.0,,False,False,238,7
sedi,204.5,96,graphcast,best_single_member_on_train,,,,,,,False,False,238,7
rmse_mm,,96,graphcast,climatology,14.171021255016784,14.627329722328808,-0.4563084673120237,-0.7056373895966813,-0.17858379520532383,6.344822016699385e-05,True,False,238,7
mae_mm,,96,graphcast,climatology,7.5870676885581245,8.049150449164225,-0.46208276060610043,-0.7882631010573865,-0.07268042758420612,2.0155725750670494e-06,True,False,238,7
csi,7.5,96,graphcast,climatology,0.3748266374716339,0.3048575026498431,-0.06996913482179079,-0.08911747899105436,-0.05263466972095007,,True,False,238,7
sedi,7.5,96,graphcast,climatology,0.5729705004116683,0.411614851138956,-0.1613556492727123,-0.20292433550748268,-0.1225909573657349,,True,False,238,7
csi,64.5,96,graphcast,climatology,0.07002753891979992,0.0,-0.07002753891979992,-0.09558677530546204,-0.048466755454118104,,True,False,238,7
sedi,64.5,96,graphcast,climatology,0.41968692547297953,,,,,,False,False,238,7
csi,115.6,96,graphcast,climatology,0.008771929824561403,0.0,-0.008771929824561403,-0.017978106469543412,-0.0018792617017403847,,True,False,238,7
sedi,115.6,96,graphcast,climatology,0.3345572074608703,,,,,,False,False,238,7
csi,204.5,96,graphcast,climatology,0.0,0.0,-0.0,-0.0,0.0,,False,False,238,7
sedi,204.5,96,graphcast,climatology,,,,,,,False,False,238,7
rmse_mm,,96,graphcast,tier0,14.171021255016784,14.8428945769093,-0.6718733218925159,-0.9122726932305036,-0.4704135211924915,2.012078631499786e-13,True,False,238,7
mae_mm,,96,graphcast,tier0,7.5870676885581245,7.670556538370418,-0.08348884981229343,-0.1775423646055947,0.01095490302347361,0.03575031046807749,False,False,238,7
csi,7.5,96,graphcast,tier0,0.3748266374716339,0.3734231185848347,-0.0014035188867992376,-0.005853239964895814,0.0031907290538251234,,False,False,238,7
sedi,7.5,96,graphcast,tier0,0.5729705004116683,0.5673961684508552,-0.005574331960813139,-0.014664956978618384,0.004578623341009954,,False,False,238,7
csi,64.5,96,graphcast,tier0,0.07002753891979992,0.07601450695941972,0.005986968039619803,-0.00455403438034195,0.016400444836742353,,False,False,238,7
sedi,64.5,96,graphcast,tier0,0.41968692547297953,0.4086557567442018,-0.01103116872877774,-0.03686897302479963,0.01632149449792202,,False,False,238,7
csi,115.6,96,graphcast,tier0,0.008771929824561403,0.020805548146172314,0.012033618321610911,0.0029217325586103735,0.02311217421264963,,True,False,238,7
sedi,115.6,96,graphcast,tier0,0.3345572074608703,0.33389288371113124,-0.0006643237497390708,-0.06640802354091624,0.07173424913732813,,False,False,238,7
csi,204.5,96,graphcast,tier0,0.0,0.0,-0.0,-0.0,0.0,,False,False,238,7
sedi,204.5,96,graphcast,tier0,,,,,,,False,False,238,7
rmse_mm,,96,graphcast,tier2_emos_graphcast,14.171021255016784,13.688792498417708,0.48222875659907594,0.35890168787650795,0.6237760016794038,2.9885018486142833e-16,True,False,238,7
mae_mm,,96,graphcast,tier2_emos_graphcast,7.5870676885581245,7.085486677907035,0.5015810106510896,0.41596711619821003,0.6042990489942186,5.2343325376506305e-55,True,False,238,7
csi,7.5,96,graphcast,tier2_emos_graphcast,0.3748266374716339,0.37871725503956283,0.0038906175679289112,0.0014788540380745855,0.006552110920275736,,True,False,238,7
sedi,7.5,96,graphcast,tier2_emos_graphcast,0.5729705004116683,0.5793423534497508,0.00637185303808252,0.0017195356670069717,0.011888278082454462,,True,False,238,7
csi,64.5,96,graphcast,tier2_emos_graphcast,0.07002753891979992,0.013324750563244288,-0.05670278835655563,-0.08013489927095077,-0.03671314798720874,,True,False,238,7
sedi,64.5,96,graphcast,tier2_emos_graphcast,0.41968692547297953,0.3085994540136827,-0.11108747145929682,-0.17041258452928446,-0.05145886386770597,,True,False,238,7
csi,115.6,96,graphcast,tier2_emos_graphcast,0.008771929824561403,0.0,-0.008771929824561403,-0.017978106469543412,-0.0018792617017403847,,True,False,238,7
sedi,115.6,96,graphcast,tier2_emos_graphcast,0.3345572074608703,,,,,,False,False,238,7
csi,204.5,96,graphcast,tier2_emos_graphcast,0.0,0.0,-0.0,-0.0,0.0,,False,False,238,7
sedi,204.5,96,graphcast,tier2_emos_graphcast,,,,,,,False,False,238,7
rmse_mm,,96,graphcast,tier2_emos_ifs_ens,14.171021255016784,13.896628244807607,0.2743930102091774,0.12461962871275035,0.4284643168888715,0.0005425382966095341,True,False,238,7
mae_mm,,96,graphcast,tier2_emos_ifs_ens,7.5870676885581245,7.193564806536578,0.39350288202154626,0.2782358058375337,0.5305847557531406,3.9680702078481816e-17,True,False,238,7
csi,7.5,96,graphcast,tier2_emos_ifs_ens,0.3748266374716339,0.38102113138207117,0.006194493910437249,0.002589140997106769,0.010478622108720229,,True,False,238,7
sedi,7.5,96,graphcast,tier2_emos_ifs_ens,0.5729705004116683,0.585640056973471,0.012669556561802686,0.005026087185450145,0.021527543427695254,,True,False,238,7
csi,64.5,96,graphcast,tier2_emos_ifs_ens,0.07002753891979992,0.025908353102759397,-0.044119185817040524,-0.06830009052022809,-0.0261657603167252,,True,False,238,7
sedi,64.5,96,graphcast,tier2_emos_ifs_ens,0.41968692547297953,0.33509018350367475,-0.08459674196930478,-0.14022760618392885,-0.03838327626913114,,True,False,238,7
csi,115.6,96,graphcast,tier2_emos_ifs_ens,0.008771929824561403,0.000333555703802535,-0.008438374120758868,-0.017632413211465796,-0.0014545987055863592,,True,False,238,7
sedi,115.6,96,graphcast,tier2_emos_ifs_ens,0.3345572074608703,0.19294584915869448,-0.14161135830217583,-0.19705341382567604,-0.023672779792765376,,True,False,238,7
csi,204.5,96,graphcast,tier2_emos_ifs_ens,0.0,0.0,-0.0,-0.0,0.0,,False,False,238,7
sedi,204.5,96,graphcast,tier2_emos_ifs_ens,,,,,,,False,False,238,7
rmse_mm,,96,hres,best_single_member_on_train,19.5042724878581,14.171021255016784,5.333251232841315,4.711504461638914,6.148832898136968,2.001400223418719e-65,True,False,238,7
mae_mm,,96,hres,best_single_member_on_train,8.655383499349252,7.5870676885581245,1.0683158107911277,0.8946013435483969,1.313069411710861,2.2352551763206435e-43,True,False,238,7
csi,7.5,96,hres,best_single_member_on_train,0.3263200954491222,0.3748266374716339,0.0485065420225117,0.04005183166656691,0.05832584951235005,,True,False,238,7
sedi,7.5,96,hres,best_single_member_on_train,0.4698153193151217,0.5729705004116683,0.10315518109654659,0.08495521791855856,0.12073731068667394,,True,False,238,7
csi,64.5,96,hres,best_single_member_on_train,0.07494314998516956,0.07002753891979992,-0.0049156110653696405,-0.02039252765585019,0.01208091440877956,,False,False,238,7
sedi,64.5,96,hres,best_single_member_on_train,0.39694269699197804,0.41968692547297953,0.022744228481001494,-0.020729011581200253,0.06466652736205374,,False,False,238,7
csi,115.6,96,hres,best_single_member_on_train,0.026396719630958482,0.008771929824561403,-0.01762478980639708,-0.026320816888403657,-0.008773962914326729,,True,False,238,7
sedi,115.6,96,hres,best_single_member_on_train,0.3448884261237587,0.3345572074608703,-0.010331218662888386,-0.09964566459335666,0.05212129354959729,,False,False,238,7
csi,204.5,96,hres,best_single_member_on_train,0.006329113924050633,0.0,-0.006329113924050633,-0.011981049601009635,-0.0009221737671922176,,True,False,238,7
sedi,204.5,96,hres,best_single_member_on_train,0.32155549022942603,,,,,,False,False,238,7
rmse_mm,,96,hres,climatology,19.5042724878581,14.627329722328808,4.876942765529291,4.248288077946662,5.730218290453038,7.561935477814775e-58,True,False,238,7
mae_mm,,96,hres,climatology,8.655383499349252,8.049150449164225,0.6062330501850273,0.2135701127645937,1.1393967517949213,1.1422003577997198e-06,True,False,238,7
csi,7.5,96,hres,climatology,0.3263200954491222,0.3048575026498431,-0.02146259279927909,-0.03874647234519052,-0.0054116722432940205,,True,False,238,7
sedi,7.5,96,hres,climatology,0.4698153193151217,0.411614851138956,-0.0582004681761657,-0.09704962490541473,-0.0239279768220313,,True,False,238,7
csi,64.5,96,hres,climatology,0.07494314998516956,0.0,-0.07494314998516956,-0.0911367647445949,-0.06118952497896654,,True,False,238,7
sedi,64.5,96,hres,climatology,0.39694269699197804,,,,,,False,False,238,7
csi,115.6,96,hres,climatology,0.026396719630958482,0.0,-0.026396719630958482,-0.03656986314034595,-0.017097086756357686,,True,False,238,7
sedi,115.6,96,hres,climatology,0.3448884261237587,,,,,,False,False,238,7
csi,204.5,96,hres,climatology,0.006329113924050633,0.0,-0.006329113924050633,-0.011981049601009635,-0.0009221737671922176,,True,False,238,7
sedi,204.5,96,hres,climatology,0.32155549022942603,,,,,,False,False,238,7
rmse_mm,,96,hres,tier0,19.5042724878581,14.8428945769093,4.661377910948799,4.151737540543009,5.317221779069426,1.5514993182045758e-75,True,False,238,7
mae_mm,,96,hres,tier0,8.655383499349252,7.670556538370418,0.9848269609788343,0.8586942387060692,1.157504106261615,2.1986632301753687e-94,True,False,238,7
csi,7.5,96,hres,tier0,0.3263200954491222,0.3734231185848347,0.04710302313571246,0.04078710378123974,0.054162970919218116,,True,False,238,7
sedi,7.5,96,hres,tier0,0.4698153193151217,0.5673961684508552,0.09758084913573345,0.0846851006752219,0.10990127019840171,,True,False,238,7
csi,64.5,96,hres,tier0,0.07494314998516956,0.07601450695941972,0.0010713569742501622,-0.008636779558240472,0.011940584297472868,,False,False,238,7
sedi,64.5,96,hres,tier0,0.39694269699197804,0.4086557567442018,0.011713059752223753,-0.010486475277457734,0.03399159351401662,,False,False,238,7
csi,115.6,96,hres,tier0,0.026396719630958482,0.020805548146172314,-0.0055911714847861685,-0.01208333885851019,0.0022580320342644395,,False,False,238,7
sedi,115.6,96,hres,tier0,0.3448884261237587,0.33389288371113124,-0.010995542412627457,-0.04866911239358744,0.019787712109008267,,False,False,238,7
csi,204.5,96,hres,tier0,0.006329113924050633,0.0,-0.006329113924050633,-0.011981049601009635,-0.0009221737671922176,,True,False,238,7
sedi,204.5,96,hres,tier0,0.32155549022942603,,,,,,False,False,238,7
rmse_mm,,96,hres,tier2_emos_graphcast,19.5042724878581,13.688792498417708,5.815479989440391,5.182856633231914,6.634952295987813,2.2988416758968336e-73,True,False,238,7
mae_mm,,96,hres,tier2_emos_graphcast,8.655383499349252,7.085486677907035,1.5698968214422173,1.35991289032863,1.8722659692913322,1.2818325596526976e-78,True,False,238,7
csi,7.5,96,hres,tier2_emos_graphcast,0.3263200954491222,0.37871725503956283,0.05239715959044061,0.044186098896056784,0.06267365551243255,,True,False,238,7
sedi,7.5,96,hres,tier2_emos_graphcast,0.4698153193151217,0.5793423534497508,0.10952703413462911,0.09255476806274845,0.12808008590200043,,True,False,238,7
csi,64.5,96,hres,tier2_emos_graphcast,0.07494314998516956,0.013324750563244288,-0.06161839942192527,-0.07681562697992511,-0.0473395147913729,,True,False,238,7
sedi,64.5,96,hres,tier2_emos_graphcast,0.39694269699197804,0.3085994540136827,-0.08834324297829532,-0.150352813317863,-0.02857799759651313,,True,False,238,7
csi,115.6,96,hres,tier2_emos_graphcast,0.026396719630958482,0.0,-0.026396719630958482,-0.03656986314034595,-0.017097086756357686,,True,False,238,7
sedi,115.6,96,hres,tier2_emos_graphcast,0.3448884261237587,,,,,,False,False,238,7
csi,204.5,96,hres,tier2_emos_graphcast,0.006329113924050633,0.0,-0.006329113924050633,-0.011981049601009635,-0.0009221737671922176,,True,False,238,7
sedi,204.5,96,hres,tier2_emos_graphcast,0.32155549022942603,,,,,,False,False,238,7
rmse_mm,,96,hres,tier2_emos_ifs_ens,19.5042724878581,13.896628244807607,5.607644243050492,4.998214763197576,6.411393906793089,1.4569146450032312e-73,True,False,238,7
mae_mm,,96,hres,tier2_emos_ifs_ens,8.655383499349252,7.193564806536578,1.461818692812674,1.247353498370007,1.7532297949036695,3.505934675947822e-82,True,False,238,7
csi,7.5,96,hres,tier2_emos_ifs_ens,0.3263200954491222,0.38102113138207117,0.05470103593294895,0.047861557979330886,0.06323397952185066,,True,False,238,7
sedi,7.5,96,hres,tier2_emos_ifs_ens,0.4698153193151217,0.585640056973471,0.11582473765834927,0.10135453225275332,0.13026776647590582,,True,False,238,7
csi,64.5,96,hres,tier2_emos_ifs_ens,0.07494314998516956,0.025908353102759397,-0.049034796882410164,-0.06346016760509089,-0.03561512805507468,,True,False,238,7
sedi,64.5,96,hres,tier2_emos_ifs_ens,0.39694269699197804,0.33509018350367475,-0.061852513488303285,-0.11270249844026904,-0.012219737611311413,,True,False,238,7
csi,115.6,96,hres,tier2_emos_ifs_ens,0.026396719630958482,0.000333555703802535,-0.026063163927155946,-0.03641133958037313,-0.01684386898217587,,True,False,238,7
sedi,115.6,96,hres,tier2_emos_ifs_ens,0.3448884261237587,0.19294584915869448,-0.15194257696506422,-0.2155319698368824,-0.07442157824740936,,True,False,238,7
csi,204.5,96,hres,tier2_emos_ifs_ens,0.006329113924050633,0.0,-0.006329113924050633,-0.011981049601009635,-0.0009221737671922176,,True,False,238,7
sedi,204.5,96,hres,tier2_emos_ifs_ens,0.32155549022942603,,,,,,False,False,238,7
rmse_mm,,96,ifs_ens_mean,best_single_member_on_train,14.676811667238033,14.171021255016784,0.5057904122212484,0.2547455086530495,0.7727683707462459,4.008240509961111e-06,True,False,238,7
mae_mm,,96,ifs_ens_mean,best_single_member_on_train,7.667648370086294,7.5870676885581245,0.08058068152816933,-0.042559792703118195,0.18912914662795005,0.12606846535277128,False,False,238,7
csi,7.5,96,ifs_ens_mean,best_single_member_on_train,0.36803725859327496,0.3748266374716339,0.006789378878358954,0.00026943296241315764,0.013126051493447533,,True,False,238,7
sedi,7.5,96,ifs_ens_mean,best_single_member_on_train,0.5563856029158567,0.5729705004116683,0.0165848974958116,0.0030436757761162117,0.029618227018893023,,True,False,238,7
csi,64.5,96,ifs_ens_mean,best_single_member_on_train,0.0652775601859105,0.07002753891979992,0.004749978733889423,-0.0069823499544483655,0.015687663480216434,,False,False,238,7
sedi,64.5,96,ifs_ens_mean,best_single_member_on_train,0.390190976275807,0.41968692547297953,0.029495949197172522,0.001062909153889704,0.05337073996066652,,True,False,238,7
csi,115.6,96,ifs_ens_mean,best_single_member_on_train,0.019827586206896553,0.008771929824561403,-0.01105565638233515,-0.026496919951966475,0.003287978002640348,,False,False,238,7
sedi,115.6,96,ifs_ens_mean,best_single_member_on_train,0.3448617024147504,0.3345572074608703,-0.010304494953880083,-0.09571021518335322,0.07421767543677175,,False,False,238,7
csi,204.5,96,ifs_ens_mean,best_single_member_on_train,0.0,0.0,-0.0,-0.0,0.0,,False,False,238,7
sedi,204.5,96,ifs_ens_mean,best_single_member_on_train,,,,,,,False,False,238,7
rmse_mm,,96,ifs_ens_mean,climatology,14.676811667238033,14.627329722328808,0.04948194490922475,-0.22652929524722845,0.3484450299433768,0.6319346944221489,False,False,238,7
mae_mm,,96,ifs_ens_mean,climatology,7.667648370086294,8.049150449164225,-0.3815020790779311,-0.6958340634851172,0.009137071879585167,2.4769002745589058e-05,False,False,238,7
csi,7.5,96,ifs_ens_mean,climatology,0.36803725859327496,0.3048575026498431,-0.06317975594343184,-0.0803662560611813,-0.047331987277163354,,True,False,238,7
sedi,7.5,96,ifs_ens_mean,climatology,0.5563856029158567,0.411614851138956,-0.14477075177690069,-0.1838942725064171,-0.11005227005067177,,True,False,238,7
csi,64.5,96,ifs_ens_mean,climatology,0.0652775601859105,0.0,-0.0652775601859105,-0.09155537473847526,-0.0443584836935783,,True,False,238,7
sedi,64.5,96,ifs_ens_mean,climatology,0.390190976275807,,,,,,False,False,238,7
csi,115.6,96,ifs_ens_mean,climatology,0.019827586206896553,0.0,-0.019827586206896553,-0.037645024768127214,-0.00514645926526012,,True,False,238,7
sedi,115.6,96,ifs_ens_mean,climatology,0.3448617024147504,,,,,,False,False,238,7
csi,204.5,96,ifs_ens_mean,climatology,0.0,0.0,-0.0,-0.0,0.0,,False,False,238,7
sedi,204.5,96,ifs_ens_mean,climatology,,,,,,,False,False,238,7
rmse_mm,,96,ifs_ens_mean,tier0,14.676811667238033,14.8428945769093,-0.1660829096712675,-0.31325880168612913,-0.02903583049034446,0.002684218301642608,True,False,238,7
mae_mm,,96,ifs_ens_mean,tier0,7.667648370086294,7.670556538370418,-0.002908168284124102,-0.05597301417081,0.04121005565101502,0.8918792287235524,False,False,238,7
csi,7.5,96,ifs_ens_mean,tier0,0.36803725859327496,0.3734231185848347,0.005385859991559716,0.002146998378808247,0.008280686792519004,,True,False,238,7
sedi,7.5,96,ifs_ens_mean,tier0,0.5563856029158567,0.5673961684508552,0.011010565534998462,0.004672769881913136,0.016810915566415233,,True,False,238,7
csi,64.5,96,ifs_ens_mean,tier0,0.0652775601859105,0.07601450695941972,0.010736946773509226,0.0035465402981687444,0.017812849018741844,,True,False,238,7
sedi,64.5,96,ifs_ens_mean,tier0,0.390190976275807,0.4086557567442018,0.01846478046839478,-0.0011885088618019484,0.03976338460497294,,False,False,238,7
csi,115.6,96,ifs_ens_mean,tier0,0.019827586206896553,0.020805548146172314,0.0009779619392757607,-0.00481495151526423,0.00740888801829188,,False,False,238,7
sedi,115.6,96,ifs_ens_mean,tier0,0.3448617024147504,0.33389288371113124,-0.010968818703619154,-0.038395302947707405,0.03211369941019698,,False,False,238,7
csi,204.5,96,ifs_ens_mean,tier0,0.0,0.0,-0.0,-0.0,0.0,,False,False,238,7
sedi,204.5,96,ifs_ens_mean,tier0,,,,,,,False,False,238,7
rmse_mm,,96,ifs_ens_mean,tier2_emos_graphcast,14.676811667238033,13.688792498417708,0.9880191688203244,0.760648011833639,1.2438033996958915,3.318760688691938e-25,True,False,238,7
mae_mm,,96,ifs_ens_mean,tier2_emos_graphcast,7.667648370086294,7.085486677907035,0.582161692179259,0.4556383202082185,0.7387963515495863,3.857975700918414e-33,True,False,238,7
csi,7.5,96,ifs_ens_mean,tier2_emos_graphcast,0.36803725859327496,0.37871725503956283,0.010679996446287865,0.004907578785323603,0.017247634474692283,,True,False,238,7
sedi,7.5,96,ifs_ens_mean,tier2_emos_graphcast,0.5563856029158567,0.5793423534497508,0.02295675053389412,0.011194147648437852,0.03610012604318042,,True,False,238,7
csi,64.5,96,ifs_ens_mean,tier2_emos_graphcast,0.0652775601859105,0.013324750563244288,-0.051952809622666206,-0.07661592753183293,-0.03185563635520022,,True,False,238,7
sedi,64.5,96,ifs_ens_mean,tier2_emos_graphcast,0.390190976275807,0.3085994540136827,-0.0815915222621243,-0.1476058337438911,-0.01557190109798731,,True,False,238,7
csi,115.6,96,ifs_ens_mean,tier2_emos_graphcast,0.019827586206896553,0.0,-0.019827586206896553,-0.037645024768127214,-0.00514645926526012,,True,False,238,7
sedi,115.6,96,ifs_ens_mean,tier2_emos_graphcast,0.3448617024147504,,,,,,False,False,238,7
csi,204.5,96,ifs_ens_mean,tier2_emos_graphcast,0.0,0.0,-0.0,-0.0,0.0,,False,False,238,7
sedi,204.5,96,ifs_ens_mean,tier2_emos_graphcast,,,,,,,False,False,238,7
rmse_mm,,96,ifs_ens_mean,tier2_emos_ifs_ens,14.676811667238033,13.896628244807607,0.7801834224304258,0.57381991543818,0.9916898988335885,4.47179137743271e-27,True,False,238,7
mae_mm,,96,ifs_ens_mean,tier2_emos_ifs_ens,7.667648370086294,7.193564806536578,0.4740835635497156,0.3602359942962815,0.6094933987925777,2.1218914768571367e-43,True,False,238,7
csi,7.5,96,ifs_ens_mean,tier2_emos_ifs_ens,0.36803725859327496,0.38102113138207117,0.012983872788796202,0.009092950171823665,0.01716177858445343,,True,False,238,7
sedi,7.5,96,ifs_ens_mean,tier2_emos_ifs_ens,0.5563856029158567,0.585640056973471,0.029254454057614288,0.02170208514872992,0.03708233354320747,,True,False,238,7
csi,64.5,96,ifs_ens_mean,tier2_emos_ifs_ens,0.0652775601859105,0.025908353102759397,-0.0393692070831511,-0.06173669232506085,-0.02101312010804363,,True,False,238,7
sedi,64.5,96,ifs_ens_mean,tier2_emos_ifs_ens,0.390190976275807,0.33509018350367475,-0.05510079277213226,-0.11452929818467614,-0.0005485148169163753,,True,False,238,7
csi,115.6,96,ifs_ens_mean,tier2_emos_ifs_ens,0.019827586206896553,0.000333555703802535,-0.019494030503094017,-0.03730777641527867,-0.005007555139901751,,True,False,238,7
sedi,115.6,96,ifs_ens_mean,tier2_emos_ifs_ens,0.3448617024147504,0.19294584915869448,-0.15191585325605592,-0.2120622519971169,-0.05696683385991465,,True,False,238,7
csi,204.5,96,ifs_ens_mean,tier2_emos_ifs_ens,0.0,0.0,-0.0,-0.0,0.0,,False,False,238,7
sedi,204.5,96,ifs_ens_mean,tier2_emos_ifs_ens,,,,,,,False,False,238,7
rmse_mm,,96,phase2_lagged_graphcast,best_single_member_on_train,13.897405478215479,14.171021255016784,-0.27361577680130544,-0.37546546956736615,-0.18660072624332014,2.7099900859869197e-12,True,False,238,7
mae_mm,,96,phase2_lagged_graphcast,best_single_member_on_train,7.499820535666216,7.5870676885581245,-0.08724715289190854,-0.13209060640669756,-0.05426032150360481,9.606319673393148e-07,True,False,238,7
csi,7.5,96,phase2_lagged_graphcast,best_single_member_on_train,0.3804617900714119,0.3748266374716339,-0.005635152599777982,-0.008336377983525949,-0.0033448045116623625,,True,False,238,7
sedi,7.5,96,phase2_lagged_graphcast,best_single_member_on_train,0.5856604704177917,0.5729705004116683,-0.012689970006123374,-0.018148523903631676,-0.008066189297451638,,True,False,238,7
csi,64.5,96,phase2_lagged_graphcast,best_single_member_on_train,0.07245871132821587,0.07002753891979992,-0.002431172408415949,-0.00959779952057884,0.003578265855625226,,False,False,238,7
sedi,64.5,96,phase2_lagged_graphcast,best_single_member_on_train,0.43693879046114764,0.41968692547297953,-0.01725186498816811,-0.03883361405884691,-0.000829715568220133,,True,False,238,7
csi,115.6,96,phase2_lagged_graphcast,best_single_member_on_train,0.00688298918387414,0.008771929824561403,0.0018889406406872632,-0.0014464967165813622,0.006899984994627052,,False,False,238,7
sedi,115.6,96,phase2_lagged_graphcast,best_single_member_on_train,0.3282682818902996,0.3345572074608703,0.0062889255705707026,-0.04555663130039349,0.059430962705499066,,False,False,238,7
csi,204.5,96,phase2_lagged_graphcast,best_single_member_on_train,0.0,0.0,-0.0,-0.0,0.0,,False,False,238,7
sedi,204.5,96,phase2_lagged_graphcast,best_single_member_on_train,,,,,,,False,False,238,7
rmse_mm,,96,phase2_lagged_graphcast,climatology,13.897405478215479,14.627329722328808,-0.7299242441133291,-0.9885502594248964,-0.4525163122976708,6.645141357902716e-11,True,False,238,7
mae_mm,,96,phase2_lagged_graphcast,climatology,7.499820535666216,8.049150449164225,-0.549329913498009,-0.8672426089692814,-0.18103342422327776,3.0995489172553455e-09,True,False,238,7
crps_mm,,96,phase2_lagged_graphcast,climatology,6.753906931011098,5.033200434651627,1.7207064963594716,1.5237326238077002,1.9553753315171527,9.518593475549157e-137,True,False,238,7
twcrps_64.5_mm,,96,phase2_lagged_graphcast,climatology,0.4406026359777595,0.4286431220124783,0.011959513965281221,0.00474677770522446,0.019762285484774895,0.00032118051787015953,True,False,238,7
brier,7.5,96,phase2_lagged_graphcast,climatology,0.27282551859122656,0.04308922306651122,0.22973629552471533,0.2095747256158945,0.24924740987728827,0.0,True,False,238,7
csi,7.5,96,phase2_lagged_graphcast,climatology,0.3804617900714119,0.3048575026498431,-0.07560428742156877,-0.09491249495394234,-0.05820998995888297,,True,False,238,7
sedi,7.5,96,phase2_lagged_graphcast,climatology,0.5856604704177917,0.411614851138956,-0.17404561927883566,-0.2148031654253492,-0.13431219335448205,,True,False,238,7
brier,64.5,96,phase2_lagged_graphcast,climatology,0.004607329474893445,0.0034899773720851596,0.0011173521028082856,0.000701920518821991,0.0016797382078442644,7.526384414611996e-15,True,False,238,7
csi,64.5,96,phase2_lagged_graphcast,climatology,0.07245871132821587,0.0,-0.07245871132821587,-0.0990569659430564,-0.05058253304048794,,True,False,238,7
sedi,64.5,96,phase2_lagged_graphcast,climatology,0.43693879046114764,,,,,,False,False,238,7
brier,115.6,96,phase2_lagged_graphcast,climatology,0.0007541677467873222,0.0007086608992201571,4.550684756716517e-05,2.2132196085433966e-05,7.886630838858507e-05,5.109065028926181e-06,True,False,238,7
csi,115.6,96,phase2_lagged_graphcast,climatology,0.00688298918387414,0.0,-0.00688298918387414,-0.015344743041665493,-0.0011418288652221824,,True,False,238,7
sedi,115.6,96,phase2_lagged_graphcast,climatology,0.3282682818902996,,,,,,False,False,238,7
brier,204.5,96,phase2_lagged_graphcast,climatology,7.27139783508685e-05,7.238280579438358e-05,3.3117255648492327e-07,-1.3265846390187072e-07,1.046007090482088e-06,0.0942378215181423,False,False,238,7
csi,204.5,96,phase2_lagged_graphcast,climatology,0.0,0.0,-0.0,-0.0,0.0,,False,False,238,7
sedi,204.5,96,phase2_lagged_graphcast,climatology,,,,,,,False,False,238,7
rmse_mm,,96,phase2_lagged_graphcast,tier0,13.897405478215479,14.8428945769093,-0.9454890986938214,-1.185103803620955,-0.7595923530647525,2.888400661910264e-26,True,False,238,7
mae_mm,,96,phase2_lagged_graphcast,tier0,7.499820535666216,7.670556538370418,-0.17073600270420197,-0.27311963349517626,-0.08689253441341459,1.765922444387073e-05,True,False,238,7
csi,7.5,96,phase2_lagged_graphcast,tier0,0.3804617900714119,0.3734231185848347,-0.007038671486577219,-0.011716300819201981,-0.002972295641550259,,True,False,238,7
sedi,7.5,96,phase2_lagged_graphcast,tier0,0.5856604704177917,0.5673961684508552,-0.018264301966936514,-0.02717227458264546,-0.009686663409935273,,True,False,238,7
csi,64.5,96,phase2_lagged_graphcast,tier0,0.07245871132821587,0.07601450695941972,0.0035557956312038536,-0.00786851726990132,0.01568555472045584,,False,False,238,7
sedi,64.5,96,phase2_lagged_graphcast,tier0,0.43693879046114764,0.4086557567442018,-0.02828303371694585,-0.056211578423169054,0.002668090059420269,,False,False,238,7
csi,115.6,96,phase2_lagged_graphcast,tier0,0.00688298918387414,0.020805548146172314,0.013922558962298173,0.00512657929802467,0.02472078448301459,,True,False,238,7
sedi,115.6,96,phase2_lagged_graphcast,tier0,0.3282682818902996,0.33389288371113124,0.005624601820831632,-0.04833046028234423,0.06934769973763473,,False,False,238,7
csi,204.5,96,phase2_lagged_graphcast,tier0,0.0,0.0,-0.0,-0.0,0.0,,False,False,238,7
sedi,204.5,96,phase2_lagged_graphcast,tier0,,,,,,,False,False,238,7
rmse_mm,,96,phase2_lagged_graphcast,tier2_emos_graphcast,13.897405478215479,13.688792498417708,0.2086129797977705,0.1235390128219895,0.3021037230668927,8.184046512931092e-07,True,False,238,7
mae_mm,,96,phase2_lagged_graphcast,tier2_emos_graphcast,7.499820535666216,7.085486677907035,0.4143338577591811,0.34471752578452514,0.49107158331957074,3.849432956818899e-65,True,False,238,7
crps_mm,,96,phase2_lagged_graphcast,tier2_emos_graphcast,6.753906931011098,4.59601912708575,2.157887803925348,2.0004956353667445,2.331408141135814,0.0,True,False,238,7
brier,7.5,96,phase2_lagged_graphcast,tier2_emos_graphcast,0.27282551859122656,0.23000900610757485,0.0428165124836517,0.025917214218126632,0.05503598368508981,1.114683921253096e-22,True,False,238,7
csi,7.5,96,phase2_lagged_graphcast,tier2_emos_graphcast,0.3804617900714119,0.37871725503956283,-0.0017445350318490704,-0.002607687841858733,-0.0009839478438174135,,True,False,238,7
sedi,7.5,96,phase2_lagged_graphcast,tier2_emos_graphcast,0.5856604704177917,0.5793423534497508,-0.006318116968040854,-0.0076856226947003585,-0.004797154749789817,,True,False,238,7
brier,64.5,96,phase2_lagged_graphcast,tier2_emos_graphcast,0.004607329474893445,0.013514275078175875,-0.00890694560328243,-0.010755992001936828,-0.007438768615116089,2.0452883428991828e-76,True,False,238,7
csi,64.5,96,phase2_lagged_graphcast,tier2_emos_graphcast,0.07245871132821587,0.013324750563244288,-0.05913396076497158,-0.08381638263791666,-0.039287889140256514,,True,False,238,7
sedi,64.5,96,phase2_lagged_graphcast,tier2_emos_graphcast,0.43693879046114764,0.3085994540136827,-0.12833933644746492,-0.18511911124982675,-0.07231324911420797,,True,False,238,7
brier,115.6,96,phase2_lagged_graphcast,tier2_emos_graphcast,0.0007541677467873222,0.002701561897461736,-0.0019473941506744138,-0.0025018065969846497,-0.0015331960938163248,1.9751815493361934e-38,True,False,238,7
csi,115.6,96,phase2_lagged_graphcast,tier2_emos_graphcast,0.00688298918387414,0.0,-0.00688298918387414,-0.015344743041665493,-0.0011418288652221824,,True,False,238,7
sedi,115.6,96,phase2_lagged_graphcast,tier2_emos_graphcast,0.3282682818902996,,,,,,False,False,238,7
brier,204.5,96,phase2_lagged_graphcast,tier2_emos_graphcast,7.27139783508685e-05,0.00027337323042758276,-0.00020065925207671427,-0.00027721474850091784,-0.000143418910778133,1.6240845868288317e-14,True,False,238,7
csi,204.5,96,phase2_lagged_graphcast,tier2_emos_graphcast,0.0,0.0,-0.0,-0.0,0.0,,False,False,238,7
sedi,204.5,96,phase2_lagged_graphcast,tier2_emos_graphcast,,,,,,,False,False,238,7
rmse_mm,,96,phase2_lagged_graphcast,tier2_emos_ifs_ens,13.897405478215479,13.896628244807607,0.0007772334078719467,-0.1385256281247261,0.138235092568703,0.990931833944036,False,False,238,7
mae_mm,,96,phase2_lagged_graphcast,tier2_emos_ifs_ens,7.499820535666216,7.193564806536578,0.3062557291296377,0.20441068819016692,0.42374232353321006,2.893092128738314e-13,True,False,238,7
crps_mm,,96,phase2_lagged_graphcast,tier2_emos_ifs_ens,6.753906931011098,4.666024520290335,2.0878824107207627,1.92911718415703,2.261906372463169,3.2164391333493144e-300,True,False,238,7
brier,7.5,96,phase2_lagged_graphcast,tier2_emos_ifs_ens,0.27282551859122656,0.16083304583389732,0.11199247275732924,0.09408877451636963,0.12596037687641212,7.380122632806552e-145,True,False,238,7
csi,7.5,96,phase2_lagged_graphcast,tier2_emos_ifs_ens,0.3804617900714119,0.38102113138207117,0.0005593413106592671,-0.002749903321512302,0.003475880074279543,,False,False,238,7
sedi,7.5,96,phase2_lagged_graphcast,tier2_emos_ifs_ens,0.5856604704177917,0.585640056973471,-2.0413444320688257e-05,-0.0066077344509028356,0.006063226840675807,,False,False,238,7
brier,64.5,96,phase2_lagged_graphcast,tier2_emos_ifs_ens,0.004607329474893445,0.013916383103022208,-0.009309053628128762,-0.011251642144154729,-0.007786756258513985,5.639946136214194e-86,True,False,238,7
csi,64.5,96,phase2_lagged_graphcast,tier2_emos_ifs_ens,0.07245871132821587,0.025908353102759397,-0.04655035822545647,-0.07119053035263183,-0.02687587817199999,,True,False,238,7
sedi,64.5,96,phase2_lagged_graphcast,tier2_emos_ifs_ens,0.43693879046114764,0.33509018350367475,-0.10184860695747289,-0.15832682260198097,-0.05604233304767083,,True,False,238,7
brier,115.6,96,phase2_lagged_graphcast,tier2_emos_ifs_ens,0.0007541677467873222,0.0029482563189300445,-0.0021940885721427224,-0.0027826054386639884,-0.0017576341007192922,5.76010684000061e-45,True,False,238,7
csi,115.6,96,phase2_lagged_graphcast,tier2_emos_ifs_ens,0.00688298918387414,0.000333555703802535,-0.006549433480071605,-0.01495480313234021,-0.000719133943341017,,True,False,238,7
sedi,115.6,96,phase2_lagged_graphcast,tier2_emos_ifs_ens,0.3282682818902996,0.19294584915869448,-0.13532243273160513,-0.18057205719007868,-0.02958969339530376,,True,False,238,7
brier,204.5,96,phase2_lagged_graphcast,tier2_emos_ifs_ens,7.27139783508685e-05,0.0003116919270108512,-0.00023897794865998268,-0.00033100210068350916,-0.000172617784649664,1.5561877054244095e-16,True,False,238,7
csi,204.5,96,phase2_lagged_graphcast,tier2_emos_ifs_ens,0.0,0.0,-0.0,-0.0,0.0,,False,False,238,7
sedi,204.5,96,phase2_lagged_graphcast,tier2_emos_ifs_ens,,,,,,,False,False,238,7
rmse_mm,,96,tier0,best_single_member_on_train,14.8428945769093,14.171021255016784,0.6718733218925159,0.4704135211924915,0.9122726932305036,2.012078631499786e-13,True,False,238,7
mae_mm,,96,tier0,best_single_member_on_train,7.670556538370418,7.5870676885581245,0.08348884981229343,-0.01095490302347361,0.1775423646055947,0.03575031046807749,False,False,238,7
csi,7.5,96,tier0,best_single_member_on_train,0.3734231185848347,0.3748266374716339,0.0014035188867992376,-0.003190729053825125,0.005853239964895813,,False,False,238,7
sedi,7.5,96,tier0,best_single_member_on_train,0.5673961684508552,0.5729705004116683,0.005574331960813139,-0.004578623341009955,0.014664956978618382,,False,False,238,7
csi,64.5,96,tier0,best_single_member_on_train,0.07601450695941972,0.07002753891979992,-0.005986968039619803,-0.016400444836742353,0.00455403438034195,,False,False,238,7
sedi,64.5,96,tier0,best_single_member_on_train,0.4086557567442018,0.41968692547297953,0.01103116872877774,-0.016321494497922022,0.03686897302479962,,False,False,238,7
csi,115.6,96,tier0,best_single_member_on_train,0.020805548146172314,0.008771929824561403,-0.012033618321610911,-0.02311217421264963,-0.002921732558610375,,True,False,238,7
sedi,115.6,96,tier0,best_single_member_on_train,0.33389288371113124,0.3345572074608703,0.0006643237497390708,-0.07173424913732832,0.06640802354091621,,False,False,238,7
csi,204.5,96,tier0,best_single_member_on_train,0.0,0.0,-0.0,-0.0,0.0,,False,False,238,7
sedi,204.5,96,tier0,best_single_member_on_train,,,,,,,False,False,238,7
rmse_mm,,96,tier0,climatology,14.8428945769093,14.627329722328808,0.21556485458049224,-0.043574780517875694,0.5388529919785557,0.049208642045817846,False,False,238,7
mae_mm,,96,tier0,climatology,7.670556538370418,8.049150449164225,-0.378593910793807,-0.700651517110061,0.027845485788518615,5.99947811332225e-05,False,False,238,7
csi,7.5,96,tier0,climatology,0.3734231185848347,0.3048575026498431,-0.06856561593499155,-0.0864714640499405,-0.052328878805974956,,True,False,238,7
sedi,7.5,96,tier0,climatology,0.5673961684508552,0.411614851138956,-0.15578131731189915,-0.19445910887831386,-0.11891282345272426,,True,False,238,7
csi,64.5,96,tier0,climatology,0.07601450695941972,0.0,-0.07601450695941972,-0.0995162966691565,-0.056924234129337094,,True,False,238,7
sedi,64.5,96,tier0,climatology,0.4086557567442018,,,,,,False,False,238,7
csi,115.6,96,tier0,climatology,0.020805548146172314,0.0,-0.020805548146172314,-0.03586970397722414,-0.009118027468607362,,True,False,238,7
sedi,115.6,96,tier0,climatology,0.33389288371113124,,,,,,False,False,238,7
csi,204.5,96,tier0,climatology,0.0,0.0,-0.0,-0.0,0.0,,False,False,238,7
sedi,204.5,96,tier0,climatology,,,,,,,False,False,238,7
rmse_mm,,96,tier0,tier2_emos_graphcast,14.8428945769093,13.688792498417708,1.1541020784915919,0.9444165661449611,1.3800987378950558,2.1631136224235573e-39,True,False,238,7
mae_mm,,96,tier0,tier2_emos_graphcast,7.670556538370418,7.085486677907035,0.585069860463383,0.47526696254208395,0.7282220755232438,4.634968851451864e-43,True,False,238,7
csi,7.5,96,tier0,tier2_emos_graphcast,0.3734231185848347,0.37871725503956283,0.005294136454728149,0.0012528858720906547,0.009649795894282288,,True,False,238,7
sedi,7.5,96,tier0,tier2_emos_graphcast,0.5673961684508552,0.5793423534497508,0.01194618499889566,0.003305789282426308,0.020629989328124498,,True,False,238,7
csi,64.5,96,tier0,tier2_emos_graphcast,0.07601450695941972,0.013324750563244288,-0.06268975639617544,-0.08417542684383657,-0.0450974246785485,,True,False,238,7
sedi,64.5,96,tier0,tier2_emos_graphcast,0.4086557567442018,0.3085994540136827,-0.10005630273051908,-0.1611952014888357,-0.0432623602011542,,True,False,238,7
csi,115.6,96,tier0,tier2_emos_graphcast,0.020805548146172314,0.0,-0.020805548146172314,-0.03586970397722414,-0.009118027468607362,,True,False,238,7
sedi,115.6,96,tier0,tier2_emos_graphcast,0.33389288371113124,,,,,,False,False,238,7
csi,204.5,96,tier0,tier2_emos_graphcast,0.0,0.0,-0.0,-0.0,0.0,,False,False,238,7
sedi,204.5,96,tier0,tier2_emos_graphcast,,,,,,,False,False,238,7
rmse_mm,,96,tier0,tier2_emos_ifs_ens,14.8428945769093,13.896628244807607,0.9462663321016933,0.7638137972161784,1.1496349725672317,1.0104652451591394e-36,True,False,238,7
mae_mm,,96,tier0,tier2_emos_ifs_ens,7.670556538370418,7.193564806536578,0.4769917318338397,0.36407684958680525,0.6104143357592151,7.137000026541625e-40,True,False,238,7
csi,7.5,96,tier0,tier2_emos_ifs_ens,0.3734231185848347,0.38102113138207117,0.007598012797236486,0.005425064109762225,0.01002819482990729,,True,False,238,7
sedi,7.5,96,tier0,tier2_emos_ifs_ens,0.5673961684508552,0.585640056973471,0.018243888522615825,0.013513344222574672,0.0229574436386875,,True,False,238,7
csi,64.5,96,tier0,tier2_emos_ifs_ens,0.07601450695941972,0.025908353102759397,-0.050106153856660327,-0.06986042698482066,-0.03376009839342047,,True,False,238,7
sedi,64.5,96,tier0,tier2_emos_ifs_ens,0.4086557567442018,0.33509018350367475,-0.07356557324052704,-0.126457687187837,-0.026706021709581942,,True,False,238,7
csi,115.6,96,tier0,tier2_emos_ifs_ens,0.020805548146172314,0.000333555703802535,-0.020471992442369778,-0.035351172094018946,-0.009015562161236251,,True,False,238,7
sedi,115.6,96,tier0,tier2_emos_ifs_ens,0.33389288371113124,0.19294584915869448,-0.14094703455243676,-0.19750836517266354,-0.05905821495093689,,True,False,238,7
csi,204.5,96,tier0,tier2_emos_ifs_ens,0.0,0.0,-0.0,-0.0,0.0,,False,False,238,7
sedi,204.5,96,tier0,tier2_emos_ifs_ens,,,,,,,False,False,238,7
rmse_mm,,96,tier1_regional,best_single_member_on_train,13.985904239857659,14.171021255016784,-0.1851170151591255,-0.3191741679103493,-0.04247900293714805,0.0006665879090240164,True,False,238,7
mae_mm,,96,tier1_regional,best_single_member_on_train,7.470525774607766,7.5870676885581245,-0.11654191395035873,-0.18204364861188266,-0.055913540199800264,3.010835569193064e-06,True,False,238,7
csi,7.5,96,tier1_regional,best_single_member_on_train,0.3810582571801567,0.3748266374716339,-0.006231619708522762,-0.009521247391999766,-0.003489238933329203,,True,False,238,7
sedi,7.5,96,tier1_regional,best_single_member_on_train,0.5864054305357165,0.5729705004116683,-0.013434930124048172,-0.020557619331816886,-0.007261388209207929,,True,False,238,7
csi,64.5,96,tier1_regional,best_single_member_on_train,0.06408045977011494,0.07002753891979992,0.005947079149684981,-0.002448700119072125,0.013704533393026653,,False,False,238,7
sedi,64.5,96,tier1_regional,best_single_member_on_train,0.4121858710080566,0.41968692547297953,0.0075010544649229405,-0.009042096453967665,0.021858356752499836,,False,False,238,7
csi,115.6,96,tier1_regional,best_single_member_on_train,0.012848636790974616,0.008771929824561403,-0.004076706966413213,-0.01376623438911342,0.003774627607741836,,False,False,238,7
sedi,115.6,96,tier1_regional,best_single_member_on_train,0.33539935696959516,0.3345572074608703,-0.0008421495087248543,-0.06920080254385164,0.05413568814477879,,False,False,238,7
csi,204.5,96,tier1_regional,best_single_member_on_train,0.0,0.0,-0.0,-0.0,0.0,,False,False,238,7
sedi,204.5,96,tier1_regional,best_single_member_on_train,,,,,,,False,False,238,7
rmse_mm,,96,tier1_regional,climatology,13.985904239857659,14.627329722328808,-0.6414254824711492,-0.8768112063341122,-0.385081347252817,7.857187303206251e-11,True,False,238,7
mae_mm,,96,tier1_regional,climatology,7.470525774607766,8.049150449164225,-0.5786246745564592,-0.8868700299280462,-0.2038963230455164,9.37854037040612e-11,True,False,238,7
csi,7.5,96,tier1_regional,climatology,0.3810582571801567,0.3048575026498431,-0.07620075453031355,-0.09533170380692922,-0.059321268462673035,,True,False,238,7
sedi,7.5,96,tier1_regional,climatology,0.5864054305357165,0.411614851138956,-0.17479057939676046,-0.21314227128728322,-0.13652611567756442,,True,False,238,7
csi,64.5,96,tier1_regional,climatology,0.06408045977011494,0.0,-0.06408045977011494,-0.09263960204798742,-0.04093446095746788,,True,False,238,7
sedi,64.5,96,tier1_regional,climatology,0.4121858710080566,,,,,,False,False,238,7
csi,115.6,96,tier1_regional,climatology,0.012848636790974616,0.0,-0.012848636790974616,-0.025733715705305086,-0.003343142366163962,,True,False,238,7
sedi,115.6,96,tier1_regional,climatology,0.33539935696959516,,,,,,False,False,238,7
csi,204.5,96,tier1_regional,climatology,0.0,0.0,-0.0,-0.0,0.0,,False,False,238,7
sedi,204.5,96,tier1_regional,climatology,,,,,,,False,False,238,7
rmse_mm,,96,tier1_regional,tier0,13.985904239857659,14.8428945769093,-0.8569903370516414,-1.0132909356180568,-0.7364303157622036,5.191338383073037e-47,True,False,238,7
mae_mm,,96,tier1_regional,tier0,7.470525774607766,7.670556538370418,-0.20003076376265216,-0.2647357224708989,-0.15126927390402384,1.3063922877545744e-21,True,False,238,7
csi,7.5,96,tier1_regional,tier0,0.3810582571801567,0.3734231185848347,-0.007635138595322,-0.010262164819303459,-0.005339171157762641,,True,False,238,7
sedi,7.5,96,tier1_regional,tier0,0.5864054305357165,0.5673961684508552,-0.01900926208486131,-0.02442295294403735,-0.013829638112174738,,True,False,238,7
csi,64.5,96,tier1_regional,tier0,0.06408045977011494,0.07601450695941972,0.011934047189304783,0.0036717502653938706,0.020391230298740046,,True,False,238,7
sedi,64.5,96,tier1_regional,tier0,0.4121858710080566,0.4086557567442018,-0.0035301142638548,-0.022867901878532538,0.01736736617143529,,False,False,238,7
csi,115.6,96,tier1_regional,tier0,0.012848636790974616,0.020805548146172314,0.007956911355197698,0.003809596666539671,0.012638198452551272,,True,False,238,7
sedi,115.6,96,tier1_regional,tier0,0.33539935696959516,0.33389288371113124,-0.001506473258463925,-0.0401474867496093,0.030267080810523785,,False,False,238,7
csi,204.5,96,tier1_regional,tier0,0.0,0.0,-0.0,-0.0,0.0,,False,False,238,7
sedi,204.5,96,tier1_regional,tier0,,,,,,,False,False,238,7
rmse_mm,,96,tier1_regional,tier2_emos_graphcast,13.985904239857659,13.688792498417708,0.29711174143995045,0.17139997752130953,0.43006772811859967,9.89137652396167e-10,True,False,238,7
mae_mm,,96,tier1_regional,tier2_emos_graphcast,7.470525774607766,7.085486677907035,0.3850390967007309,0.2938647222916103,0.48640865939836986,4.3635612012884396e-39,True,False,238,7
csi,7.5,96,tier1_regional,tier2_emos_graphcast,0.3810582571801567,0.37871725503956283,-0.002341002140593851,-0.00555909182301288,0.0009053627802145067,,False,False,238,7
sedi,7.5,96,tier1_regional,tier2_emos_graphcast,0.5864054305357165,0.5793423534497508,-0.007063077085965652,-0.013488914628006748,-0.0006710716044681975,,True,False,238,7
csi,64.5,96,tier1_regional,tier2_emos_graphcast,0.06408045977011494,0.013324750563244288,-0.05075570920687065,-0.07651850283158844,-0.029385668599705577,,True,False,238,7
sedi,64.5,96,tier1_regional,tier2_emos_graphcast,0.4121858710080566,0.3085994540136827,-0.10358641699437388,-0.16274207253098452,-0.04785002603418766,,True,False,238,7
csi,115.6,96,tier1_regional,tier2_emos_graphcast,0.012848636790974616,0.0,-0.012848636790974616,-0.025733715705305086,-0.003343142366163962,,True,False,238,7
sedi,115.6,96,tier1_regional,tier2_emos_graphcast,0.33539935696959516,,,,,,False,False,238,7
csi,204.5,96,tier1_regional,tier2_emos_graphcast,0.0,0.0,-0.0,-0.0,0.0,,False,False,238,7
sedi,204.5,96,tier1_regional,tier2_emos_graphcast,,,,,,,False,False,238,7
rmse_mm,,96,tier1_regional,tier2_emos_ifs_ens,13.985904239857659,13.896628244807607,0.0892759950500519,-0.037616885996915386,0.2139439597877443,0.07283298194602968,False,False,238,7
mae_mm,,96,tier1_regional,tier2_emos_ifs_ens,7.470525774607766,7.193564806536578,0.27696096807118753,0.1854653997639305,0.38537477425127775,3.693844330220656e-19,True,False,238,7
csi,7.5,96,tier1_regional,tier2_emos_ifs_ens,0.3810582571801567,0.38102113138207117,-3.7125798085513306e-05,-0.0021487788760310364,0.001959019654853115,,False,False,238,7
sedi,7.5,96,tier1_regional,tier2_emos_ifs_ens,0.5864054305357165,0.585640056973471,-0.000765373562245486,-0.004892270746679759,0.003103957438225111,,False,False,238,7
csi,64.5,96,tier1_regional,tier2_emos_ifs_ens,0.06408045977011494,0.025908353102759397,-0.03817210666735554,-0.06215216425270268,-0.018518003129739984,,True,False,238,7
sedi,64.5,96,tier1_regional,tier2_emos_ifs_ens,0.4121858710080566,0.33509018350367475,-0.07709568750438184,-0.13535248780602793,-0.029461840356271658,,True,False,238,7
csi,115.6,96,tier1_regional,tier2_emos_ifs_ens,0.012848636790974616,0.000333555703802535,-0.012515081087172081,-0.025457804261124584,-0.003343142366163962,,True,False,238,7
sedi,115.6,96,tier1_regional,tier2_emos_ifs_ens,0.33539935696959516,0.19294584915869448,-0.1424535078109007,-0.19015352412732012,-0.07009494283665044,,True,False,238,7
csi,204.5,96,tier1_regional,tier2_emos_ifs_ens,0.0,0.0,-0.0,-0.0,0.0,,False,False,238,7
sedi,204.5,96,tier1_regional,tier2_emos_ifs_ens,,,,,,,False,False,238,7
rmse_mm,,96,tier2_bma,best_single_member_on_train,13.736922529293874,14.171021255016784,-0.43409872572290986,-0.6013882636752723,-0.28650509713040634,2.4300249611993026e-08,True,False,238,7
mae_mm,,96,tier2_bma,best_single_member_on_train,7.179446595843433,7.5870676885581245,-0.4076210927146917,-0.5324729185294069,-0.31022336881874896,1.9437989500489982e-25,True,False,238,7
csi,7.5,96,tier2_bma,best_single_member_on_train,0.38125376670979316,0.3748266374716339,-0.006427129238159246,-0.009285604772658195,-0.004130654174068399,,True,False,238,7
sedi,7.5,96,tier2_bma,best_single_member_on_train,0.58575607053196,0.5729705004116683,-0.01278557012029169,-0.01891235015544675,-0.007977139377503249,,True,False,238,7
csi,64.5,96,tier2_bma,best_single_member_on_train,0.035927017367860054,0.07002753891979992,0.034100521551939864,0.019891096039547185,0.05187456255797802,,True,False,238,7
sedi,64.5,96,tier2_bma,best_single_member_on_train,0.3819608140381264,0.41968692547297953,0.03772611143485316,-2.184924589165142e-05,0.08560566142473193,,False,False,238,7
csi,115.6,96,tier2_bma,best_single_member_on_train,0.008425145819831496,0.008771929824561403,0.0003467840047299067,-0.007901144614956276,0.011029760172236761,,False,False,238,7
sedi,115.6,96,tier2_bma,best_single_member_on_train,0.3268610412586959,0.3345572074608703,0.007696166202174393,-0.08466861572528801,0.0865778338045433,,False,False,238,7
csi,204.5,96,tier2_bma,best_single_member_on_train,0.0,0.0,-0.0,-0.0,0.0,,False,False,238,7
sedi,204.5,96,tier2_bma,best_single_member_on_train,,,,,,,False,False,238,7
rmse_mm,,96,tier2_bma,climatology,13.736922529293874,14.627329722328808,-0.8904071930349335,-1.0781402262240911,-0.6942551972546426,1.1951225359887945e-28,True,False,238,7
mae_mm,,96,tier2_bma,climatology,7.179446595843433,8.049150449164225,-0.8697038533207921,-1.1378398740851,-0.5699153965862221,6.56266959774074e-34,True,False,238,7
crps_mm,,96,tier2_bma,climatology,4.596865096732249,5.033200434651627,-0.4363353379193775,-0.7310133607345055,-0.20451029805367818,9.167878736679553e-07,True,False,238,7
brier,7.5,96,tier2_bma,climatology,0.1438539824410629,0.04308922306651122,0.10076475937455168,0.09310875307973975,0.10982014003819242,0.0,True,False,238,7
csi,7.5,96,tier2_bma,climatology,0.38125376670979316,0.3048575026498431,-0.07639626405995004,-0.09561624962674575,-0.05917565444156215,,True,False,238,7
sedi,7.5,96,tier2_bma,climatology,0.58575607053196,0.411614851138956,-0.17414121939300398,-0.2141312040652535,-0.13564099152878975,,True,False,238,7
brier,64.5,96,tier2_bma,climatology,0.012634902417442606,0.0034899773720851596,0.009144925045357447,0.007859738475785118,0.010874459598613868,3.807269968506896e-101,True,False,238,7
csi,64.5,96,tier2_bma,climatology,0.035927017367860054,0.0,-0.035927017367860054,-0.05683116850874937,-0.018919243577308047,,True,False,238,7
sedi,64.5,96,tier2_bma,climatology,0.3819608140381264,,,,,,False,False,238,7
brier,115.6,96,tier2_bma,climatology,0.0026501431896433806,0.0007086608992201571,0.0019414822904232237,0.0015527148134386183,0.002476658952211916,2.006264583271459e-42,True,False,238,7
csi,115.6,96,tier2_bma,climatology,0.008425145819831496,0.0,-0.008425145819831496,-0.015873466299118965,-0.002396252357700648,,True,False,238,7
sedi,115.6,96,tier2_bma,climatology,0.3268610412586959,,,,,,False,False,238,7
brier,204.5,96,tier2_bma,climatology,0.0002832733281853111,7.238280579438358e-05,0.00021089052239092748,0.00015200175686937387,0.0002899573850178684,1.264341208453421e-16,True,False,238,7
csi,204.5,96,tier2_bma,climatology,0.0,0.0,-0.0,-0.0,0.0,,False,False,238,7
sedi,204.5,96,tier2_bma,climatology,,,,,,,False,False,238,7
rmse_mm,,96,tier2_bma,tier0,13.736922529293874,14.8428945769093,-1.1059720476154258,-1.3237229249841993,-0.9331971300427119,5.007863688137517e-42,True,False,238,7
mae_mm,,96,tier2_bma,tier0,7.179446595843433,7.670556538370418,-0.49110994252698514,-0.6292961699764369,-0.39089544713621094,3.1376808821236245e-38,True,False,238,7
csi,7.5,96,tier2_bma,tier0,0.38125376670979316,0.3734231185848347,-0.007830648124958484,-0.011805422655593785,-0.004601991576493092,,True,False,238,7
sedi,7.5,96,tier2_bma,tier0,0.58575607053196,0.5673961684508552,-0.01835990208110483,-0.02585315136300865,-0.011586532159694915,,True,False,238,7
csi,64.5,96,tier2_bma,tier0,0.035927017367860054,0.07601450695941972,0.040087489591559666,0.021859130559870054,0.0617464478745686,,True,False,238,7
sedi,64.5,96,tier2_bma,tier0,0.3819608140381264,0.4086557567442018,0.02669494270607542,-0.02468162777514305,0.08895095740144121,,False,False,238,7
csi,115.6,96,tier2_bma,tier0,0.008425145819831496,0.020805548146172314,0.012380402326340818,-0.0011667667056036433,0.029212803663728377,,False,False,238,7
sedi,115.6,96,tier2_bma,tier0,0.3268610412586959,0.33389288371113124,0.007031842452435322,-0.08667423217875077,0.11221465961897678,,False,False,238,7
csi,204.5,96,tier2_bma,tier0,0.0,0.0,-0.0,-0.0,0.0,,False,False,238,7
sedi,204.5,96,tier2_bma,tier0,,,,,,,False,False,238,7
rmse_mm,,96,tier2_bma,tier2_emos_graphcast,13.736922529293874,13.688792498417708,0.048130030876166074,-0.0809268196408249,0.20014190854176878,0.3388851276243303,False,False,238,7
mae_mm,,96,tier2_bma,tier2_emos_graphcast,7.179446595843433,7.085486677907035,0.09395991793639791,0.037246694535585365,0.1430301695524133,1.7855967266276467e-07,True,False,238,7
crps_mm,,96,tier2_bma,tier2_emos_graphcast,4.596865096732249,4.59601912708575,0.0008459696464990785,-0.2545071570512843,0.19744191833259295,0.9911574868874115,False,False,238,7
brier,7.5,96,tier2_bma,tier2_emos_graphcast,0.1438539824410629,0.23000900610757485,-0.08615502366651195,-0.09840326889685529,-0.07469016102958552,2.016814817901918e-131,True,False,238,7
csi,7.5,96,tier2_bma,tier2_emos_graphcast,0.38125376670979316,0.37871725503956283,-0.0025365116702303347,-0.004094029739176724,-0.0010726575989441795,,True,False,238,7
sedi,7.5,96,tier2_bma,tier2_emos_graphcast,0.58575607053196,0.5793423534497508,-0.006413717082209169,-0.009429301260101192,-0.003563286192515919,,True,False,238,7
brier,64.5,96,tier2_bma,tier2_emos_graphcast,0.012634902417442606,0.013514275078175875,-0.0008793726607332682,-0.0011646695539666047,-0.0006293524296917478,4.405392990178709e-14,True,False,238,7
csi,64.5,96,tier2_bma,tier2_emos_graphcast,0.035927017367860054,0.013324750563244288,-0.022602266804615766,-0.04419676136409233,-0.0039583373337068704,,True,False,238,7
sedi,64.5,96,tier2_bma,tier2_emos_graphcast,0.3819608140381264,0.3085994540136827,-0.07336136002444366,-0.1388096143686356,0.001662271696838072,,False,False,238,7
brier,115.6,96,tier2_bma,tier2_emos_graphcast,0.0026501431896433806,0.002701561897461736,-5.1418707818355266e-05,-0.00012940385578377595,1.085862717322215e-05,0.04813603180022968,False,False,238,7
csi,115.6,96,tier2_bma,tier2_emos_graphcast,0.008425145819831496,0.0,-0.008425145819831496,-0.015873466299118965,-0.002396252357700648,,True,False,238,7
sedi,115.6,96,tier2_bma,tier2_emos_graphcast,0.3268610412586959,,,,,,False,False,238,7
brier,204.5,96,tier2_bma,tier2_emos_graphcast,0.0002832733281853111,0.00027337323042758276,9.900097757728314e-06,2.5798365572802123e-06,2.029436853173955e-05,0.009663373914165602,True,False,238,7
csi,204.5,96,tier2_bma,tier2_emos_graphcast,0.0,0.0,-0.0,-0.0,0.0,,False,False,238,7
sedi,204.5,96,tier2_bma,tier2_emos_graphcast,,,,,,,False,False,238,7
rmse_mm,,96,tier2_bma,tier2_emos_ifs_ens,13.736922529293874,13.896628244807607,-0.15970571551373247,-0.26580687067387015,-0.044173609641208714,0.000988885314786858,True,False,238,7
mae_mm,,96,tier2_bma,tier2_emos_ifs_ens,7.179446595843433,7.193564806536578,-0.01411821069314545,-0.07066231983586081,0.03618620954780285,0.4678973046862639,False,False,238,7
crps_mm,,96,tier2_bma,tier2_emos_ifs_ens,4.596865096732249,4.666024520290335,-0.06915942355808635,-0.33908729339927945,0.13551071019655,0.38316447954809674,False,False,238,7
brier,7.5,96,tier2_bma,tier2_emos_ifs_ens,0.1438539824410629,0.16083304583389732,-0.01697906339283442,-0.01938648181408407,-0.014640844115004187,1.3178781545192433e-69,True,False,238,7
csi,7.5,96,tier2_bma,tier2_emos_ifs_ens,0.38125376670979316,0.38102113138207117,-0.00023263532772199724,-0.0026081392619529756,0.002007795682339096,,False,False,238,7
sedi,7.5,96,tier2_bma,tier2_emos_ifs_ens,0.58575607053196,0.585640056973471,-0.00011601355848900319,-0.0048261620754853265,0.004469388700622434,,False,False,238,7
brier,64.5,96,tier2_bma,tier2_emos_ifs_ens,0.012634902417442606,0.013916383103022208,-0.0012814806855796015,-0.0016311232199675695,-0.0010038484385823203,6.316770817647064e-25,True,False,238,7
csi,64.5,96,tier2_bma,tier2_emos_ifs_ens,0.035927017367860054,0.025908353102759397,-0.010018664265100657,-0.032757678397836575,0.007877738223819819,,False,False,238,7
sedi,64.5,96,tier2_bma,tier2_emos_ifs_ens,0.3819608140381264,0.33509018350367475,-0.04687063053445162,-0.11061684595409789,0.012711995033835587,,False,False,238,7
brier,115.6,96,tier2_bma,tier2_emos_ifs_ens,0.0026501431896433806,0.0029482563189300445,-0.00029811312928666386,-0.0004267280918921437,-0.00020505942046225174,4.3803896010372585e-13,True,False,238,7
csi,115.6,96,tier2_bma,tier2_emos_ifs_ens,0.008425145819831496,0.000333555703802535,-0.008091590116028962,-0.015738829250389944,-0.0018031861226516788,,True,False,238,7
sedi,115.6,96,tier2_bma,tier2_emos_ifs_ens,0.3268610412586959,0.19294584915869448,-0.13391519210000144,-0.18757856546863783,-0.033182091470068925,,True,False,238,7
brier,204.5,96,tier2_bma,tier2_emos_ifs_ens,0.0002832733281853111,0.0003116919270108512,-2.8418598825540097e-05,-5.919049615531336e-05,-6.950654452009978e-06,0.0024822914977375957,True,False,238,7
csi,204.5,96,tier2_bma,tier2_emos_ifs_ens,0.0,0.0,-0.0,-0.0,0.0,,False,False,238,7
sedi,204.5,96,tier2_bma,tier2_emos_ifs_ens,,,,,,,False,False,238,7
rmse_mm,,96,tier2_emos_graphcast,best_single_member_on_train,13.688792498417708,14.171021255016784,-0.48222875659907594,-0.6237760016794038,-0.35890168787650795,2.9885018486142833e-16,True,False,238,7
mae_mm,,96,tier2_emos_graphcast,best_single_member_on_train,7.085486677907035,7.5870676885581245,-0.5015810106510896,-0.6042990489942186,-0.41596711619821003,5.2343325376506305e-55,True,False,238,7
csi,7.5,96,tier2_emos_graphcast,best_single_member_on_train,0.37871725503956283,0.3748266374716339,-0.0038906175679289112,-0.006552110920275736,-0.001478854038074586,,True,False,238,7
sedi,7.5,96,tier2_emos_graphcast,best_single_member_on_train,0.5793423534497508,0.5729705004116683,-0.00637185303808252,-0.011888278082454462,-0.0017195356670069721,,True,False,238,7
csi,64.5,96,tier2_emos_graphcast,best_single_member_on_train,0.013324750563244288,0.07002753891979992,0.05670278835655563,0.03671314798720874,0.08013489927095077,,True,False,238,7
sedi,64.5,96,tier2_emos_graphcast,best_single_member_on_train,0.3085994540136827,0.41968692547297953,0.11108747145929682,0.05145886386770597,0.17041258452928443,,True,False,238,7
csi,115.6,96,tier2_emos_graphcast,best_single_member_on_train,0.0,0.008771929824561403,0.008771929824561403,0.0018792617017403845,0.017978106469543412,,True,False,238,7
sedi,115.6,96,tier2_emos_graphcast,best_single_member_on_train,,0.3345572074608703,,,,,False,False,238,7
csi,204.5,96,tier2_emos_graphcast,best_single_member_on_train,0.0,0.0,-0.0,-0.0,0.0,,False,False,238,7
sedi,204.5,96,tier2_emos_graphcast,best_single_member_on_train,,,,,,,False,False,238,7
rmse_mm,,96,tier2_emos_graphcast,climatology,13.688792498417708,14.627329722328808,-0.9385372239110996,-1.1525052383600007,-0.718123773662985,1.2292481771777962e-28,True,False,238,7
mae_mm,,96,tier2_emos_graphcast,climatology,7.085486677907035,8.049150449164225,-0.96366377125719,-1.233741905517811,-0.6597420533236219,2.2466433649654765e-38,True,False,238,7
crps_mm,,96,tier2_emos_graphcast,climatology,4.59601912708575,5.033200434651627,-0.4371813075658766,-0.526602662715256,-0.3523004585329262,1.92992039666592e-49,True,False,238,7
brier,7.5,96,tier2_emos_graphcast,climatology,0.23000900610757485,0.04308922306651122,0.18691978304106363,0.1694149998607785,0.20667463951528306,0.0,True,False,238,7
csi,7.5,96,tier2_emos_graphcast,climatology,0.37871725503956283,0.3048575026498431,-0.0738597523897197,-0.09307785473257872,-0.05586067922693654,,True,False,238,7
sedi,7.5,96,tier2_emos_graphcast,climatology,0.5793423534497508,0.411614851138956,-0.1677275023107948,-0.20858646232482841,-0.12802315543177684,,True,False,238,7
brier,64.5,96,tier2_emos_graphcast,climatology,0.013514275078175875,0.0034899773720851596,0.010024297706090715,0.008666791101679644,0.011882419245235521,2.1550677640690438e-97,True,False,238,7
csi,64.5,96,tier2_emos_graphcast,climatology,0.013324750563244288,0.0,-0.013324750563244288,-0.023129162650393772,-0.00606235419100411,,True,False,238,7
sedi,64.5,96,tier2_emos_graphcast,climatology,0.3085994540136827,,,,,,False,False,238,7
brier,115.6,96,tier2_emos_graphcast,climatology,0.002701561897461736,0.0007086608992201571,0.001992900998241579,0.0015760772271314475,0.00254479037320707,8.39730820445623e-39,True,False,238,7
csi,115.6,96,tier2_emos_graphcast,climatology,0.0,0.0,-0.0,-0.0,0.0,,False,False,238,7
sedi,115.6,96,tier2_emos_graphcast,climatology,,,,,,,False,False,238,7
brier,204.5,96,tier2_emos_graphcast,climatology,0.00027337323042758276,7.238280579438358e-05,0.00020099042463319917,0.00014352564444404197,0.00027761200615280466,1.8866849147791666e-14,True,False,238,7
csi,204.5,96,tier2_emos_graphcast,climatology,0.0,0.0,-0.0,-0.0,0.0,,False,False,238,7
sedi,204.5,96,tier2_emos_graphcast,climatology,,,,,,,False,False,238,7
rmse_mm,,96,tier2_emos_graphcast,tier0,13.688792498417708,14.8428945769093,-1.1541020784915919,-1.3800987378950558,-0.9444165661449611,2.1631136224235573e-39,True,False,238,7
mae_mm,,96,tier2_emos_graphcast,tier0,7.085486677907035,7.670556538370418,-0.585069860463383,-0.7282220755232438,-0.47526696254208395,4.634968851451864e-43,True,False,238,7
csi,7.5,96,tier2_emos_graphcast,tier0,0.37871725503956283,0.3734231185848347,-0.005294136454728149,-0.00964979589428229,-0.0012528858720906547,,True,False,238,7
sedi,7.5,96,tier2_emos_graphcast,tier0,0.5793423534497508,0.5673961684508552,-0.01194618499889566,-0.020629989328124498,-0.0033057892824263093,,True,False,238,7
csi,64.5,96,tier2_emos_graphcast,tier0,0.013324750563244288,0.07601450695941972,0.06268975639617544,0.04509742467854849,0.08417542684383657,,True,False,238,7
sedi,64.5,96,tier2_emos_graphcast,tier0,0.3085994540136827,0.4086557567442018,0.10005630273051908,0.04326236020115419,0.1611952014888357,,True,False,238,7
csi,115.6,96,tier2_emos_graphcast,tier0,0.0,0.020805548146172314,0.020805548146172314,0.009118027468607362,0.035869703977224124,,True,False,238,7
sedi,115.6,96,tier2_emos_graphcast,tier0,,0.33389288371113124,,,,,False,False,238,7
csi,204.5,96,tier2_emos_graphcast,tier0,0.0,0.0,-0.0,-0.0,0.0,,False,False,238,7
sedi,204.5,96,tier2_emos_graphcast,tier0,,,,,,,False,False,238,7
rmse_mm,,96,tier2_emos_graphcast,tier2_emos_ifs_ens,13.688792498417708,13.896628244807607,-0.20783574638989855,-0.29098299447126724,-0.12733521952444518,5.226967410952599e-07,True,False,238,7
mae_mm,,96,tier2_emos_graphcast,tier2_emos_ifs_ens,7.085486677907035,7.193564806536578,-0.10807812862954336,-0.17017192007225945,-0.04118068284203482,4.121281058446949e-05,True,False,238,7
crps_mm,,96,tier2_emos_graphcast,tier2_emos_ifs_ens,4.59601912708575,4.666024520290335,-0.07000539320458543,-0.1008770843445042,-0.042394990632795455,1.3615515394938203e-06,True,False,238,7
brier,7.5,96,tier2_emos_graphcast,tier2_emos_ifs_ens,0.23000900610757485,0.16083304583389732,0.06917596027367753,0.0586437226797849,0.07980955215493281,2.551184465961294e-100,True,False,238,7
csi,7.5,96,tier2_emos_graphcast,tier2_emos_ifs_ens,0.37871725503956283,0.38102113138207117,0.0023038763425083375,-0.0010836532261655012,0.0054922026221289515,,False,False,238,7
sedi,7.5,96,tier2_emos_graphcast,tier2_emos_ifs_ens,0.5793423534497508,0.585640056973471,0.006297703523720166,-0.0003514140120251974,0.012511687457026063,,False,False,238,7
brier,64.5,96,tier2_emos_graphcast,tier2_emos_ifs_ens,0.013514275078175875,0.013916383103022208,-0.0004021080248463333,-0.0007366265760662819,-5.761023389525309e-05,0.00459542794291887,True,False,238,7
csi,64.5,96,tier2_emos_graphcast,tier2_emos_ifs_ens,0.013324750563244288,0.025908353102759397,0.012583602539515109,0.00595407795760763,0.019706243949744115,,True,False,238,7
sedi,64.5,96,tier2_emos_graphcast,tier2_emos_ifs_ens,0.3085994540136827,0.33509018350367475,0.026490729489992038,-0.007972645953060844,0.0606531339875647,,False,False,238,7
brier,115.6,96,tier2_emos_graphcast,tier2_emos_ifs_ens,0.002701561897461736,0.0029482563189300445,-0.0002466944214683086,-0.00035583814768371604,-0.00016160802867637376,4.2067066549599854e-12,True,False,238,7
csi,115.6,96,tier2_emos_graphcast,tier2_emos_ifs_ens,0.0,0.000333555703802535,0.000333555703802535,-0.0,0.001109642938936761,,False,False,238,7
sedi,115.6,96,tier2_emos_graphcast,tier2_emos_ifs_ens,,0.19294584915869448,,,,,False,False,238,7
brier,204.5,96,tier2_emos_graphcast,tier2_emos_ifs_ens,0.00027337323042758276,0.0003116919270108512,-3.831869658326841e-05,-6.827573089232707e-05,-1.8390167326675595e-05,1.0080889863747264e-05,True,False,238,7
csi,204.5,96,tier2_emos_graphcast,tier2_emos_ifs_ens,0.0,0.0,-0.0,-0.0,0.0,,False,False,238,7
sedi,204.5,96,tier2_emos_graphcast,tier2_emos_ifs_ens,,,,,,,False,False,238,7
rmse_mm,,96,tier2_emos_ifs_ens,best_single_member_on_train,13.896628244807607,14.171021255016784,-0.2743930102091774,-0.4284643168888715,-0.12461962871275035,0.0005425382966095341,True,False,238,7
mae_mm,,96,tier2_emos_ifs_ens,best_single_member_on_train,7.193564806536578,7.5870676885581245,-0.39350288202154626,-0.5305847557531406,-0.2782358058375337,3.9680702078481816e-17,True,False,238,7
csi,7.5,96,tier2_emos_ifs_ens,best_single_member_on_train,0.38102113138207117,0.3748266374716339,-0.006194493910437249,-0.01047862210872023,-0.0025891409971067693,,True,False,238,7
sedi,7.5,96,tier2_emos_ifs_ens,best_single_member_on_train,0.585640056973471,0.5729705004116683,-0.012669556561802686,-0.021527543427695257,-0.005026087185450146,,True,False,238,7
csi,64.5,96,tier2_emos_ifs_ens,best_single_member_on_train,0.025908353102759397,0.07002753891979992,0.044119185817040524,0.026165760316725198,0.06830009052022809,,True,False,238,7
sedi,64.5,96,tier2_emos_ifs_ens,best_single_member_on_train,0.33509018350367475,0.41968692547297953,0.08459674196930478,0.03838327626913114,0.14022760618392882,,True,False,238,7
csi,115.6,96,tier2_emos_ifs_ens,best_single_member_on_train,0.000333555703802535,0.008771929824561403,0.008438374120758868,0.0014545987055863592,0.017632413211465796,,True,False,238,7
sedi,115.6,96,tier2_emos_ifs_ens,best_single_member_on_train,0.19294584915869448,0.3345572074608703,0.14161135830217583,0.023672779792765275,0.19705341382567604,,True,False,238,7
csi,204.5,96,tier2_emos_ifs_ens,best_single_member_on_train,0.0,0.0,-0.0,-0.0,0.0,,False,False,238,7
sedi,204.5,96,tier2_emos_ifs_ens,best_single_member_on_train,,,,,,,False,False,238,7
rmse_mm,,96,tier2_emos_ifs_ens,climatology,13.896628244807607,14.627329722328808,-0.7307014775212011,-0.9112840851935917,-0.5428329738063814,6.674745359294703e-23,True,False,238,7
mae_mm,,96,tier2_emos_ifs_ens,climatology,7.193564806536578,8.049150449164225,-0.8555856426276467,-1.0984903388037046,-0.5729580572335182,4.397357047942551e-36,True,False,238,7
crps_mm,,96,tier2_emos_ifs_ens,climatology,4.666024520290335,5.033200434651627,-0.36717591436129116,-0.4471382965420669,-0.2876831640335929,2.1575937414114943e-42,True,False,238,7
brier,7.5,96,tier2_emos_ifs_ens,climatology,0.16083304583389732,0.04308922306651122,0.1177438227673861,0.10876566405295435,0.12781846920546705,0.0,True,False,238,7
csi,7.5,96,tier2_emos_ifs_ens,climatology,0.38102113138207117,0.3048575026498431,-0.07616362873222804,-0.09474565070232849,-0.05970938274446321,,True,False,238,7
sedi,7.5,96,tier2_emos_ifs_ens,climatology,0.585640056973471,0.411614851138956,-0.17402520583451497,-0.21247868960840396,-0.13613927971330272,,True,False,238,7
brier,64.5,96,tier2_emos_ifs_ens,climatology,0.013916383103022208,0.0034899773720851596,0.010426405730937048,0.00909303863494839,0.012319406524525811,1.5046619450934594e-111,True,False,238,7
csi,64.5,96,tier2_emos_ifs_ens,climatology,0.025908353102759397,0.0,-0.025908353102759397,-0.038189563371160404,-0.014427022127736045,,True,False,238,7
sedi,64.5,96,tier2_emos_ifs_ens,climatology,0.33509018350367475,,,,,,False,False,238,7
brier,115.6,96,tier2_emos_ifs_ens,climatology,0.0029482563189300445,0.0007086608992201571,0.0022395954197098875,0.0018083741909225716,0.0028382449244135936,4.730093304068776e-45,True,False,238,7
csi,115.6,96,tier2_emos_ifs_ens,climatology,0.000333555703802535,0.0,-0.000333555703802535,-0.0011096429389367611,0.0,,False,False,238,7
sedi,115.6,96,tier2_emos_ifs_ens,climatology,0.19294584915869448,,,,,,False,False,238,7
brier,204.5,96,tier2_emos_ifs_ens,climatology,0.0003116919270108512,7.238280579438358e-05,0.00023930912121646758,0.00017277112722427712,0.0003318161837025508,1.9357168893433867e-16,True,False,238,7
csi,204.5,96,tier2_emos_ifs_ens,climatology,0.0,0.0,-0.0,-0.0,0.0,,False,False,238,7
sedi,204.5,96,tier2_emos_ifs_ens,climatology,,,,,,,False,False,238,7
rmse_mm,,96,tier2_emos_ifs_ens,tier0,13.896628244807607,14.8428945769093,-0.9462663321016933,-1.1496349725672317,-0.7638137972161784,1.0104652451591394e-36,True,False,238,7
mae_mm,,96,tier2_emos_ifs_ens,tier0,7.193564806536578,7.670556538370418,-0.4769917318338397,-0.6104143357592151,-0.36407684958680525,7.137000026541625e-40,True,False,238,7
csi,7.5,96,tier2_emos_ifs_ens,tier0,0.38102113138207117,0.3734231185848347,-0.007598012797236486,-0.010028194829907291,-0.005425064109762225,,True,False,238,7
sedi,7.5,96,tier2_emos_ifs_ens,tier0,0.585640056973471,0.5673961684508552,-0.018243888522615825,-0.022957443638687503,-0.013513344222574674,,True,False,238,7
csi,64.5,96,tier2_emos_ifs_ens,tier0,0.025908353102759397,0.07601450695941972,0.050106153856660327,0.03376009839342046,0.06986042698482066,,True,False,238,7
sedi,64.5,96,tier2_emos_ifs_ens,tier0,0.33509018350367475,0.4086557567442018,0.07356557324052704,0.026706021709581928,0.126457687187837,,True,False,238,7
csi,115.6,96,tier2_emos_ifs_ens,tier0,0.000333555703802535,0.020805548146172314,0.020471992442369778,0.00901556216123625,0.03535117209401894,,True,False,238,7
sedi,115.6,96,tier2_emos_ifs_ens,tier0,0.19294584915869448,0.33389288371113124,0.14094703455243676,0.05905821495093675,0.19750836517266354,,True,False,238,7
csi,204.5,96,tier2_emos_ifs_ens,tier0,0.0,0.0,-0.0,-0.0,0.0,,False,False,238,7
sedi,204.5,96,tier2_emos_ifs_ens,tier0,,,,,,,False,False,238,7
rmse_mm,,96,tier2_emos_ifs_ens,tier2_emos_graphcast,13.896628244807607,13.688792498417708,0.20783574638989855,0.12733521952444518,0.29098299447126724,5.226967410952599e-07,True,False,238,7
mae_mm,,96,tier2_emos_ifs_ens,tier2_emos_graphcast,7.193564806536578,7.085486677907035,0.10807812862954336,0.04118068284203482,0.17017192007225945,4.121281058446949e-05,True,False,238,7
crps_mm,,96,tier2_emos_ifs_ens,tier2_emos_graphcast,4.666024520290335,4.59601912708575,0.07000539320458543,0.042394990632795455,0.1008770843445042,1.3615515394938203e-06,True,False,238,7
brier,7.5,96,tier2_emos_ifs_ens,tier2_emos_graphcast,0.16083304583389732,0.23000900610757485,-0.06917596027367753,-0.07980955215493281,-0.0586437226797849,2.551184465961294e-100,True,False,238,7
csi,7.5,96,tier2_emos_ifs_ens,tier2_emos_graphcast,0.38102113138207117,0.37871725503956283,-0.0023038763425083375,-0.005492202622128952,0.0010836532261655012,,False,False,238,7
sedi,7.5,96,tier2_emos_ifs_ens,tier2_emos_graphcast,0.585640056973471,0.5793423534497508,-0.006297703523720166,-0.012511687457026067,0.0003514140120251972,,False,False,238,7
brier,64.5,96,tier2_emos_ifs_ens,tier2_emos_graphcast,0.013916383103022208,0.013514275078175875,0.0004021080248463333,5.761023389525309e-05,0.0007366265760662819,0.00459542794291887,True,False,238,7
csi,64.5,96,tier2_emos_ifs_ens,tier2_emos_graphcast,0.025908353102759397,0.013324750563244288,-0.012583602539515109,-0.01970624394974412,-0.005954077957607633,,True,False,238,7
sedi,64.5,96,tier2_emos_ifs_ens,tier2_emos_graphcast,0.33509018350367475,0.3085994540136827,-0.026490729489992038,-0.06065313398756471,0.00797264595306084,,False,False,238,7
brier,115.6,96,tier2_emos_ifs_ens,tier2_emos_graphcast,0.0029482563189300445,0.002701561897461736,0.0002466944214683086,0.00016160802867637376,0.00035583814768371604,4.2067066549599854e-12,True,False,238,7
csi,115.6,96,tier2_emos_ifs_ens,tier2_emos_graphcast,0.000333555703802535,0.0,-0.000333555703802535,-0.0011096429389367611,0.0,,False,False,238,7
sedi,115.6,96,tier2_emos_ifs_ens,tier2_emos_graphcast,0.19294584915869448,,,,,,False,False,238,7
brier,204.5,96,tier2_emos_ifs_ens,tier2_emos_graphcast,0.0003116919270108512,0.00027337323042758276,3.831869658326841e-05,1.8390167326675595e-05,6.827573089232707e-05,1.0080889863747264e-05,True,False,238,7
csi,204.5,96,tier2_emos_ifs_ens,tier2_emos_graphcast,0.0,0.0,-0.0,-0.0,0.0,,False,False,238,7
sedi,204.5,96,tier2_emos_ifs_ens,tier2_emos_graphcast,,,,,,,False,False,238,7
rmse_mm,,96,tier3_regime_conditioned,best_single_member_on_train,13.818782072727927,14.171021255016784,-0.35223918228885687,-0.4928510570725544,-0.22334156310538575,1.6674505299328792e-09,True,False,238,7
mae_mm,,96,tier3_regime_conditioned,best_single_member_on_train,7.440791270413891,7.5870676885581245,-0.1462764181442333,-0.2118530395483264,-0.09327042771350583,5.425438976087552e-09,True,False,238,7
csi,7.5,96,tier3_regime_conditioned,best_single_member_on_train,0.38408940846690726,0.3748266374716339,-0.00926277099527334,-0.012985056760241902,-0.006610070695890394,,True,False,238,7
sedi,7.5,96,tier3_regime_conditioned,best_single_member_on_train,0.5938180194952154,0.5729705004116683,-0.020847519083547095,-0.02863183076358509,-0.015230809429576764,,True,False,238,7
csi,64.5,96,tier3_regime_conditioned,best_single_member_on_train,0.06548796091659881,0.07002753891979992,0.0045395780032011085,-0.002265951260608327,0.010841443834547344,,False,False,238,7
sedi,64.5,96,tier3_regime_conditioned,best_single_member_on_train,0.4202762071187963,0.41968692547297953,-0.000589281645816786,-0.017567400074887704,0.014386380845667669,,False,False,238,7
csi,115.6,96,tier3_regime_conditioned,best_single_member_on_train,0.00834403080872914,0.008771929824561403,0.00042789901583226327,-0.008191348803817208,0.007836756776074994,,False,False,238,7
sedi,115.6,96,tier3_regime_conditioned,best_single_member_on_train,0.3136191982127175,0.3345572074608703,0.02093800924815281,-0.05622327372101769,0.10152846339787663,,False,False,238,7
csi,204.5,96,tier3_regime_conditioned,best_single_member_on_train,0.0,0.0,-0.0,-0.0,0.0,,False,False,238,7
sedi,204.5,96,tier3_regime_conditioned,best_single_member_on_train,,,,,,,False,False,238,7
rmse_mm,,96,tier3_regime_conditioned,climatology,13.818782072727927,14.627329722328808,-0.8085476496008805,-1.0621245855183816,-0.544188583205062,2.0345306797331274e-15,True,False,238,7
mae_mm,,96,tier3_regime_conditioned,climatology,7.440791270413891,8.049150449164225,-0.6083591787503337,-0.916939205237334,-0.24773601184609015,4.514379273944002e-12,True,False,238,7
csi,7.5,96,tier3_regime_conditioned,climatology,0.38408940846690726,0.3048575026498431,-0.07923190581706413,-0.09796661772363975,-0.062434217357024584,,True,False,238,7
sedi,7.5,96,tier3_regime_conditioned,climatology,0.5938180194952154,0.411614851138956,-0.18220316835625938,-0.22136167403829146,-0.14425666043029955,,True,False,238,7
csi,64.5,96,tier3_regime_conditioned,climatology,0.06548796091659881,0.0,-0.06548796091659881,-0.09188661354510116,-0.043121352997650596,,True,False,238,7
sedi,64.5,96,tier3_regime_conditioned,climatology,0.4202762071187963,,,,,,False,False,238,7
csi,115.6,96,tier3_regime_conditioned,climatology,0.00834403080872914,0.0,-0.00834403080872914,-0.01940548191107429,-0.001407091988654073,,True,False,238,7
sedi,115.6,96,tier3_regime_conditioned,climatology,0.3136191982127175,,,,,,False,False,238,7
csi,204.5,96,tier3_regime_conditioned,climatology,0.0,0.0,-0.0,-0.0,0.0,,False,False,238,7
sedi,204.5,96,tier3_regime_conditioned,climatology,,,,,,,False,False,238,7
rmse_mm,,96,tier3_regime_conditioned,tier0,13.818782072727927,14.8428945769093,-1.0241125041813728,-1.2160720866065002,-0.8737793960535365,2.4631764869968313e-49,True,False,238,7
mae_mm,,96,tier3_regime_conditioned,tier0,7.440791270413891,7.670556538370418,-0.22976526795652674,-0.30457284398092493,-0.17202293169243457,3.1485158285015835e-18,True,False,238,7
csi,7.5,96,tier3_regime_conditioned,tier0,0.38408940846690726,0.3734231185848347,-0.010666289882072577,-0.013847243268479852,-0.008134101950571524,,True,False,238,7
sedi,7.5,96,tier3_regime_conditioned,tier0,0.5938180194952154,0.5673961684508552,-0.026421851044360234,-0.032641259222615404,-0.020614517940078687,,True,False,238,7
csi,64.5,96,tier3_regime_conditioned,tier0,0.06548796091659881,0.07601450695941972,0.010526546042820911,0.0038271725519519856,0.017617205483378535,,True,False,238,7
sedi,64.5,96,tier3_regime_conditioned,tier0,0.4202762071187963,0.4086557567442018,-0.011620450374594526,-0.030259160050403335,0.007283640738497592,,False,False,238,7
csi,115.6,96,tier3_regime_conditioned,tier0,0.00834403080872914,0.020805548146172314,0.012461517337443174,0.005820779186906787,0.019688404713074485,,True,False,238,7
sedi,115.6,96,tier3_regime_conditioned,tier0,0.3136191982127175,0.33389288371113124,0.02027368549841374,-0.0299124083677561,0.08504560151992267,,False,False,238,7
csi,204.5,96,tier3_regime_conditioned,tier0,0.0,0.0,-0.0,-0.0,0.0,,False,False,238,7
sedi,204.5,96,tier3_regime_conditioned,tier0,,,,,,,False,False,238,7
rmse_mm,,96,tier3_regime_conditioned,tier2_emos_graphcast,13.818782072727927,13.688792498417708,0.12998957431021907,0.024297971681878635,0.23361598694401906,0.00213830612468675,True,False,238,7
mae_mm,,96,tier3_regime_conditioned,tier2_emos_graphcast,7.440791270413891,7.085486677907035,0.3553045925068563,0.28761787388722715,0.43471874877856415,3.2227332167153115e-49,True,False,238,7
csi,7.5,96,tier3_regime_conditioned,tier2_emos_graphcast,0.38408940846690726,0.37871725503956283,-0.005372153427344428,-0.00750292171392167,-0.0033211979462046035,,True,False,238,7
sedi,7.5,96,tier3_regime_conditioned,tier2_emos_graphcast,0.5938180194952154,0.5793423534497508,-0.014475666045464575,-0.01861155464137413,-0.010205591760869331,,True,False,238,7
csi,64.5,96,tier3_regime_conditioned,tier2_emos_graphcast,0.06548796091659881,0.013324750563244288,-0.05216321035335452,-0.07695855258595045,-0.03216487591483676,,True,False,238,7
sedi,64.5,96,tier3_regime_conditioned,tier2_emos_graphcast,0.4202762071187963,0.3085994540136827,-0.1116767531051136,-0.16865559280114564,-0.057966522025402284,,True,False,238,7
csi,115.6,96,tier3_regime_conditioned,tier2_emos_graphcast,0.00834403080872914,0.0,-0.00834403080872914,-0.01940548191107429,-0.001407091988654073,,True,False,238,7
sedi,115.6,96,tier3_regime_conditioned,tier2_emos_graphcast,0.3136191982127175,,,,,,False,False,238,7
csi,204.5,96,tier3_regime_conditioned,tier2_emos_graphcast,0.0,0.0,-0.0,-0.0,0.0,,False,False,238,7
sedi,204.5,96,tier3_regime_conditioned,tier2_emos_graphcast,,,,,,,False,False,238,7
rmse_mm,,96,tier3_regime_conditioned,tier2_emos_ifs_ens,13.818782072727927,13.896628244807607,-0.07784617207967948,-0.1981286992636373,0.045106216798084325,0.1211545091865464,False,False,238,7
mae_mm,,96,tier3_regime_conditioned,tier2_emos_ifs_ens,7.440791270413891,7.193564806536578,0.24722646387731295,0.15761722999266953,0.3416033791533905,5.563698709099325e-16,True,False,238,7
csi,7.5,96,tier3_regime_conditioned,tier2_emos_ifs_ens,0.38408940846690726,0.38102113138207117,-0.0030682770848360907,-0.004898326202400528,-0.0015193938327588794,,True,False,238,7
sedi,7.5,96,tier3_regime_conditioned,tier2_emos_ifs_ens,0.5938180194952154,0.585640056973471,-0.008177962521744409,-0.011832147292988537,-0.00509738413614368,,True,False,238,7
csi,64.5,96,tier3_regime_conditioned,tier2_emos_ifs_ens,0.06548796091659881,0.025908353102759397,-0.039579607813839415,-0.06239868381852547,-0.02101868587596009,,True,False,238,7
sedi,64.5,96,tier3_regime_conditioned,tier2_emos_ifs_ens,0.4202762071187963,0.33509018350367475,-0.08518602361512156,-0.1404591897360501,-0.04168781008985414,,True,False,238,7
csi,115.6,96,tier3_regime_conditioned,tier2_emos_ifs_ens,0.00834403080872914,0.000333555703802535,-0.008010475104926605,-0.019008907836127815,-0.0012045686653317654,,True,False,238,7
sedi,115.6,96,tier3_regime_conditioned,tier2_emos_ifs_ens,0.3136191982127175,0.19294584915869448,-0.12067334905402302,-0.17832681291290609,0.00016643350133885876,,False,False,238,7
csi,204.5,96,tier3_regime_conditioned,tier2_emos_ifs_ens,0.0,0.0,-0.0,-0.0,0.0,,False,False,238,7
sedi,204.5,96,tier3_regime_conditioned,tier2_emos_ifs_ens,,,,,,,False,False,238,7
rmse_mm,,120,best_single_member_on_train,climatology,14.122136146006337,14.649813665523569,-0.5276775195172316,-0.7904090452730029,-0.2693916854820534,6.141470547228031e-07,True,False,236,7
mae_mm,,120,best_single_member_on_train,climatology,7.613764385852698,8.065064489075848,-0.45130010322314984,-0.7854135396546176,-0.0899160848827899,1.1424475363939026e-06,True,False,236,7
csi,7.5,120,best_single_member_on_train,climatology,0.3716812185458394,0.3051054958719844,-0.06657572267385503,-0.08571078631315757,-0.04901496269646489,,True,False,236,7
sedi,7.5,120,best_single_member_on_train,climatology,0.5665205978115143,0.4107403193736159,-0.15578027843789843,-0.19736974441571695,-0.11670975415367156,,True,False,236,7
csi,64.5,120,best_single_member_on_train,climatology,0.06800069803967192,0.0,-0.06800069803967192,-0.09234688627282932,-0.0476029291885087,,True,False,236,7
sedi,64.5,120,best_single_member_on_train,climatology,0.4243378075804278,,,,,,False,False,236,7
csi,115.6,120,best_single_member_on_train,climatology,0.00853018372703412,0.0,-0.00853018372703412,-0.017945358139426954,-0.0017344909764339582,,True,False,236,7
sedi,115.6,120,best_single_member_on_train,climatology,0.34350603234043603,,,,,,False,False,236,7
csi,204.5,120,best_single_member_on_train,climatology,0.0,0.0,-0.0,-0.0,0.0,,False,False,236,7
sedi,204.5,120,best_single_member_on_train,climatology,,,,,,,False,False,236,7
rmse_mm,,120,best_single_member_on_train,tier0,14.122136146006337,14.863098626558752,-0.7409624805524153,-0.9858272387598824,-0.5383320250110364,9.158270510723404e-18,True,False,236,7
mae_mm,,120,best_single_member_on_train,tier0,7.613764385852698,7.6655133463085,-0.05174896045580191,-0.15630895558738253,0.051846667030207995,0.2258625878338576,False,False,236,7
csi,7.5,120,best_single_member_on_train,tier0,0.3716812185458394,0.3715833273549035,-9.789119093589482e-05,-0.005281327676338178,0.004575791479450752,,False,False,236,7
sedi,7.5,120,best_single_member_on_train,tier0,0.5665205978115143,0.5623975504876642,-0.00412304732385016,-0.014891736368994043,0.006812424023117774,,False,False,236,7
csi,64.5,120,best_single_member_on_train,tier0,0.06800069803967192,0.06922231107556977,0.0012216130358978505,-0.010229525992281068,0.01430987860205152,,False,False,236,7
sedi,64.5,120,best_single_member_on_train,tier0,0.4243378075804278,0.3926455559623682,-0.03169225161805955,-0.06538372653625707,0.0034551278139410965,,False,False,236,7
csi,115.6,120,best_single_member_on_train,tier0,0.00853018372703412,0.02462787550744249,0.01609769178040837,0.0030072978700859277,0.03226915346051265,,True,False,236,7
sedi,115.6,120,best_single_member_on_train,tier0,0.34350603234043603,0.3567322522809581,0.013226219940522088,-0.057146950940651475,0.07153987094999088,,False,False,236,7
csi,204.5,120,best_single_member_on_train,tier0,0.0,0.0,-0.0,-0.0,0.0,,False,False,236,7
sedi,204.5,120,best_single_member_on_train,tier0,,,,,,,False,False,236,7
rmse_mm,,120,best_single_member_on_train,tier2_emos_graphcast,14.122136146006337,13.759540839313555,0.36259530669278206,0.24880079040385536,0.47220108636479213,3.0752707284223246e-13,True,False,236,7
mae_mm,,120,best_single_member_on_train,tier2_emos_graphcast,7.613764385852698,7.131201181115648,0.4825632047370503,0.4013825813653469,0.5616263678685555,2.7472351388838097e-64,True,False,236,7
csi,7.5,120,best_single_member_on_train,tier2_emos_graphcast,0.3716812185458394,0.3763618940482886,0.004680675502449216,0.0023995352775563693,0.006842605566577641,,True,False,236,7
sedi,7.5,120,best_single_member_on_train,tier2_emos_graphcast,0.5665205978115143,0.5736175860366421,0.0070969882251278316,0.0025474129018522584,0.012619419217734996,,True,False,236,7
csi,64.5,120,best_single_member_on_train,tier2_emos_graphcast,0.06800069803967192,0.0192975685063682,-0.04870312953330372,-0.06798787582291586,-0.03171598813988956,,True,False,236,7
sedi,64.5,120,best_single_member_on_train,tier2_emos_graphcast,0.4243378075804278,0.33603108537081866,-0.08830672220960911,-0.12137474177304201,-0.048831351511343234,,True,False,236,7
csi,115.6,120,best_single_member_on_train,tier2_emos_graphcast,0.00853018372703412,0.0,-0.00853018372703412,-0.017945358139426954,-0.0017344909764339582,,True,False,236,7
sedi,115.6,120,best_single_member_on_train,tier2_emos_graphcast,0.34350603234043603,,,,,,False,False,236,7
csi,204.5,120,best_single_member_on_train,tier2_emos_graphcast,0.0,0.0,-0.0,-0.0,0.0,,False,False,236,7
sedi,204.5,120,best_single_member_on_train,tier2_emos_graphcast,,,,,,,False,False,236,7
rmse_mm,,120,best_single_member_on_train,tier2_emos_ifs_ens,14.122136146006337,14.03174795475539,0.09038819125094655,-0.09273963703392746,0.262848201427783,0.22623251948926204,False,False,236,7
mae_mm,,120,best_single_member_on_train,tier2_emos_ifs_ens,7.613764385852698,7.275410856491748,0.3383535293609503,0.21952273943303927,0.4681382835746946,9.756354349331254e-14,True,False,236,7
csi,7.5,120,best_single_member_on_train,tier2_emos_ifs_ens,0.3716812185458394,0.3776586693891441,0.005977450843304699,0.0024718041595169146,0.00950128681720683,,True,False,236,7
sedi,7.5,120,best_single_member_on_train,tier2_emos_ifs_ens,0.5665205978115143,0.579653326178144,0.013132728366629709,0.005656925721791084,0.0210069125620625,,True,False,236,7
csi,64.5,120,best_single_member_on_train,tier2_emos_ifs_ens,0.06800069803967192,0.02459993724505805,-0.04340076079461387,-0.06558220902934694,-0.0260188475425667,,True,False,236,7
sedi,64.5,120,best_single_member_on_train,tier2_emos_ifs_ens,0.4243378075804278,0.32857057337767787,-0.0957672342027499,-0.15327226224049936,-0.048579492024277963,,True,False,236,7
csi,115.6,120,best_single_member_on_train,tier2_emos_ifs_ens,0.00853018372703412,0.0,-0.00853018372703412,-0.017945358139426954,-0.0017344909764339582,,True,False,236,7
sedi,115.6,120,best_single_member_on_train,tier2_emos_ifs_ens,0.34350603234043603,,,,,,False,False,236,7
csi,204.5,120,best_single_member_on_train,tier2_emos_ifs_ens,0.0,0.0,-0.0,-0.0,0.0,,False,False,236,7
sedi,204.5,120,best_single_member_on_train,tier2_emos_ifs_ens,,,,,,,False,False,236,7
rmse_mm,,120,climatology,best_single_member_on_train,14.649813665523569,14.122136146006337,0.5276775195172316,0.2693916854820534,0.7904090452730029,6.141470547228031e-07,True,False,236,7
mae_mm,,120,climatology,best_single_member_on_train,8.065064489075848,7.613764385852698,0.45130010322314984,0.0899160848827899,0.7854135396546176,1.1424475363939026e-06,True,False,236,7
csi,7.5,120,climatology,best_single_member_on_train,0.3051054958719844,0.3716812185458394,0.06657572267385503,0.04901496269646489,0.08571078631315757,,True,False,236,7
sedi,7.5,120,climatology,best_single_member_on_train,0.4107403193736159,0.5665205978115143,0.15578027843789843,0.11670975415367156,0.19736974441571695,,True,False,236,7
csi,64.5,120,climatology,best_single_member_on_train,0.0,0.06800069803967192,0.06800069803967192,0.04760292918850869,0.09234688627282932,,True,False,236,7
sedi,64.5,120,climatology,best_single_member_on_train,,0.4243378075804278,,,,,False,False,236,7
csi,115.6,120,climatology,best_single_member_on_train,0.0,0.00853018372703412,0.00853018372703412,0.0017344909764339576,0.01794535813942695,,True,False,236,7
sedi,115.6,120,climatology,best_single_member_on_train,,0.34350603234043603,,,,,False,False,236,7
csi,204.5,120,climatology,best_single_member_on_train,0.0,0.0,-0.0,-0.0,0.0,,False,False,236,7
sedi,204.5,120,climatology,best_single_member_on_train,,,,,,,False,False,236,7
rmse_mm,,120,climatology,tier0,14.649813665523569,14.863098626558752,-0.21328496103518368,-0.5154187010376236,0.05101126198906323,0.042963904471133914,False,False,236,7
mae_mm,,120,climatology,tier0,8.065064489075848,7.6655133463085,0.39955114276734793,0.001917162296832835,0.7395660569967417,1.276411816781446e-05,True,False,236,7
csi,7.5,120,climatology,tier0,0.3051054958719844,0.3715833273549035,0.06647783148291914,0.051791406666919775,0.0849283619790125,,True,False,236,7
sedi,7.5,120,climatology,tier0,0.4107403193736159,0.5623975504876642,0.15165723111404827,0.11782258158269467,0.19027660906947114,,True,False,236,7
csi,64.5,120,climatology,tier0,0.0,0.06922231107556977,0.06922231107556977,0.04702443877295293,0.09425389140607034,,True,False,236,7
sedi,64.5,120,climatology,tier0,,0.3926455559623682,,,,,False,False,236,7
csi,115.6,120,climatology,tier0,0.0,0.02462787550744249,0.02462787550744249,0.009278758262533916,0.045045058565145076,,True,False,236,7
sedi,115.6,120,climatology,tier0,,0.3567322522809581,,,,,False,False,236,7
csi,204.5,120,climatology,tier0,0.0,0.0,-0.0,-0.0,0.0,,False,False,236,7
sedi,204.5,120,climatology,tier0,,,,,,,False,False,236,7
rmse_mm,,120,climatology,tier2_emos_graphcast,14.649813665523569,13.759540839313555,0.8902728262100137,0.6870606201475874,1.1009620241033098,1.2715559904476163e-28,True,False,236,7
mae_mm,,120,climatology,tier2_emos_graphcast,8.065064489075848,7.131201181115648,0.9338633079602001,0.6254801418717475,1.2226552940598223,7.446971052667241e-37,True,False,236,7
crps_mm,,120,climatology,tier2_emos_graphcast,5.044079298241043,4.622262761121417,0.42181653711962674,0.33877363789767767,0.5116165177696759,3.4089000253827117e-48,True,False,236,7
brier,7.5,120,climatology,tier2_emos_graphcast,0.0431864118236052,0.23429687515039357,-0.19111046332678838,-0.21085557065822708,-0.1730807422596371,0.0,True,False,236,7
csi,7.5,120,climatology,tier2_emos_graphcast,0.3051054958719844,0.3763618940482886,0.07125639817630425,0.05422349393631826,0.09064685384249362,,True,False,236,7
sedi,7.5,120,climatology,tier2_emos_graphcast,0.4107403193736159,0.5736175860366421,0.16287726666302627,0.1243465365005587,0.20247540171221326,,True,False,236,7
brier,64.5,120,climatology,tier2_emos_graphcast,0.0035015189063036726,0.013596180932748418,-0.010094662026444745,-0.011975475009992468,-0.008740775548372588,7.61277094551091e-96,True,False,236,7
csi,64.5,120,climatology,tier2_emos_graphcast,0.0,0.0192975685063682,0.0192975685063682,0.010132538417986801,0.03068894022427151,,True,False,236,7
sedi,64.5,120,climatology,tier2_emos_graphcast,,0.33603108537081866,,,,,False,False,236,7
brier,115.6,120,climatology,tier2_emos_graphcast,0.0007125581008499629,0.0027314140156322842,-0.0020188559147823215,-0.0025712411730470387,-0.0015737196948119264,2.998672140936468e-38,True,False,236,7
csi,115.6,120,climatology,tier2_emos_graphcast,0.0,0.0,-0.0,-0.0,0.0,,False,False,236,7
sedi,115.6,120,climatology,tier2_emos_graphcast,,,,,,,False,False,236,7
brier,204.5,120,climatology,tier2_emos_graphcast,7.298977088897627e-05,0.00027575412124779963,-0.00020276435035882336,-0.00027946986762508334,-0.00014251232498338866,1.782073375103327e-14,True,False,236,7
csi,204.5,120,climatology,tier2_emos_graphcast,0.0,0.0,-0.0,-0.0,0.0,,False,False,236,7
sedi,204.5,120,climatology,tier2_emos_graphcast,,,,,,,False,False,236,7
rmse_mm,,120,climatology,tier2_emos_ifs_ens,14.649813665523569,14.03174795475539,0.6180657107681782,0.4537102982011317,0.7968990066335345,4.710939758021072e-21,True,False,236,7
mae_mm,,120,climatology,tier2_emos_ifs_ens,8.065064489075848,7.275410856491748,0.7896536325841002,0.5094650335279258,1.049302483248057,9.46714054016133e-32,True,False,236,7
crps_mm,,120,climatology,tier2_emos_ifs_ens,5.044079298241043,4.715827015143329,0.32825228309771415,0.25816069227209615,0.4052408416943158,4.771990305652007e-38,True,False,236,7
brier,7.5,120,climatology,tier2_emos_ifs_ens,0.0431864118236052,0.16021366800084602,-0.11702725617724083,-0.12716865321368673,-0.10768735740407745,0.0,True,False,236,7
csi,7.5,120,climatology,tier2_emos_ifs_ens,0.3051054958719844,0.3776586693891441,0.07255317351715973,0.05734347854030488,0.09156603313348927,,True,False,236,7
sedi,7.5,120,climatology,tier2_emos_ifs_ens,0.4107403193736159,0.579653326178144,0.16891300680452814,0.13344645321546605,0.2080037652450136,,True,False,236,7
brier,64.5,120,climatology,tier2_emos_ifs_ens,0.0035015189063036726,0.013921377314821704,-0.01041985840851803,-0.012317555611805286,-0.009036877788633942,9.003238002642361e-108,True,False,236,7
csi,64.5,120,climatology,tier2_emos_ifs_ens,0.0,0.02459993724505805,0.02459993724505805,0.013143765080661165,0.03757764932912098,,True,False,236,7
sedi,64.5,120,climatology,tier2_emos_ifs_ens,,0.32857057337767787,,,,,False,False,236,7
brier,115.6,120,climatology,tier2_emos_ifs_ens,0.0007125581008499629,0.002935854713298001,-0.002223296612448038,-0.0027990961367701135,-0.0017671243027905937,8.035526596107145e-46,True,False,236,7
csi,115.6,120,climatology,tier2_emos_ifs_ens,0.0,0.0,-0.0,-0.0,0.0,,False,False,236,7
sedi,115.6,120,climatology,tier2_emos_ifs_ens,,,,,,,False,False,236,7
brier,204.5,120,climatology,tier2_emos_ifs_ens,7.298977088897627e-05,0.0003094499709234317,-0.00023646020003445544,-0.0003308341806525585,-0.0001700194823396865,2.0453129959857408e-16,True,False,236,7
csi,204.5,120,climatology,tier2_emos_ifs_ens,0.0,0.0,-0.0,-0.0,0.0,,False,False,236,7
sedi,204.5,120,climatology,tier2_emos_ifs_ens,,,,,,,False,False,236,7
rmse_mm,,120,graphcast,best_single_member_on_train,14.122136146006337,14.122136146006337,0.0,0.0,0.0,1.0,False,False,236,7
mae_mm,,120,graphcast,best_single_member_on_train,7.613764385852698,7.613764385852698,0.0,0.0,0.0,1.0,False,False,236,7
csi,7.5,120,graphcast,best_single_member_on_train,0.3716812185458394,0.3716812185458394,-0.0,-0.0,0.0,,False,False,236,7
sedi,7.5,120,graphcast,best_single_member_on_train,0.5665205978115143,0.5665205978115143,-0.0,-0.0,0.0,,False,False,236,7
csi,64.5,120,graphcast,best_single_member_on_train,0.06800069803967192,0.06800069803967192,-0.0,-0.0,0.0,,False,False,236,7
sedi,64.5,120,graphcast,best_single_member_on_train,0.4243378075804278,0.4243378075804278,-0.0,-0.0,0.0,,False,False,236,7
csi,115.6,120,graphcast,best_single_member_on_train,0.00853018372703412,0.00853018372703412,-0.0,-0.0,0.0,,False,False,236,7
sedi,115.6,120,graphcast,best_single_member_on_train,0.34350603234043603,0.34350603234043603,-0.0,-0.0,0.0,,False,False,236,7
csi,204.5,120,graphcast,best_single_member_on_train,0.0,0.0,-0.0,-0.0,0.0,,False,False,236,7
sedi,204.5,120,graphcast,best_single_member_on_train,,,,,,,False,False,236,7
rmse_mm,,120,graphcast,climatology,14.122136146006337,14.649813665523569,-0.5276775195172316,-0.7904090452730029,-0.2693916854820534,6.141470547228031e-07,True,False,236,7
mae_mm,,120,graphcast,climatology,7.613764385852698,8.065064489075848,-0.45130010322314984,-0.7854135396546176,-0.0899160848827899,1.1424475363939026e-06,True,False,236,7
csi,7.5,120,graphcast,climatology,0.3716812185458394,0.3051054958719844,-0.06657572267385503,-0.08571078631315757,-0.04901496269646489,,True,False,236,7
sedi,7.5,120,graphcast,climatology,0.5665205978115143,0.4107403193736159,-0.15578027843789843,-0.19736974441571695,-0.11670975415367156,,True,False,236,7
csi,64.5,120,graphcast,climatology,0.06800069803967192,0.0,-0.06800069803967192,-0.09234688627282932,-0.0476029291885087,,True,False,236,7
sedi,64.5,120,graphcast,climatology,0.4243378075804278,,,,,,False,False,236,7
csi,115.6,120,graphcast,climatology,0.00853018372703412,0.0,-0.00853018372703412,-0.017945358139426954,-0.0017344909764339582,,True,False,236,7
sedi,115.6,120,graphcast,climatology,0.34350603234043603,,,,,,False,False,236,7
csi,204.5,120,graphcast,climatology,0.0,0.0,-0.0,-0.0,0.0,,False,False,236,7
sedi,204.5,120,graphcast,climatology,,,,,,,False,False,236,7
rmse_mm,,120,graphcast,tier0,14.122136146006337,14.863098626558752,-0.7409624805524153,-0.9858272387598824,-0.5383320250110364,9.158270510723404e-18,True,False,236,7
mae_mm,,120,graphcast,tier0,7.613764385852698,7.6655133463085,-0.05174896045580191,-0.15630895558738253,0.051846667030207995,0.2258625878338576,False,False,236,7
csi,7.5,120,graphcast,tier0,0.3716812185458394,0.3715833273549035,-9.789119093589482e-05,-0.005281327676338178,0.004575791479450752,,False,False,236,7
sedi,7.5,120,graphcast,tier0,0.5665205978115143,0.5623975504876642,-0.00412304732385016,-0.014891736368994043,0.006812424023117774,,False,False,236,7
csi,64.5,120,graphcast,tier0,0.06800069803967192,0.06922231107556977,0.0012216130358978505,-0.010229525992281068,0.01430987860205152,,False,False,236,7
sedi,64.5,120,graphcast,tier0,0.4243378075804278,0.3926455559623682,-0.03169225161805955,-0.06538372653625707,0.0034551278139410965,,False,False,236,7
csi,115.6,120,graphcast,tier0,0.00853018372703412,0.02462787550744249,0.01609769178040837,0.0030072978700859277,0.03226915346051265,,True,False,236,7
sedi,115.6,120,graphcast,tier0,0.34350603234043603,0.3567322522809581,0.013226219940522088,-0.057146950940651475,0.07153987094999088,,False,False,236,7
csi,204.5,120,graphcast,tier0,0.0,0.0,-0.0,-0.0,0.0,,False,False,236,7
sedi,204.5,120,graphcast,tier0,,,,,,,False,False,236,7
rmse_mm,,120,graphcast,tier2_emos_graphcast,14.122136146006337,13.759540839313555,0.36259530669278206,0.24880079040385536,0.47220108636479213,3.0752707284223246e-13,True,False,236,7
mae_mm,,120,graphcast,tier2_emos_graphcast,7.613764385852698,7.131201181115648,0.4825632047370503,0.4013825813653469,0.5616263678685555,2.7472351388838097e-64,True,False,236,7
csi,7.5,120,graphcast,tier2_emos_graphcast,0.3716812185458394,0.3763618940482886,0.004680675502449216,0.0023995352775563693,0.006842605566577641,,True,False,236,7
sedi,7.5,120,graphcast,tier2_emos_graphcast,0.5665205978115143,0.5736175860366421,0.0070969882251278316,0.0025474129018522584,0.012619419217734996,,True,False,236,7
csi,64.5,120,graphcast,tier2_emos_graphcast,0.06800069803967192,0.0192975685063682,-0.04870312953330372,-0.06798787582291586,-0.03171598813988956,,True,False,236,7
sedi,64.5,120,graphcast,tier2_emos_graphcast,0.4243378075804278,0.33603108537081866,-0.08830672220960911,-0.12137474177304201,-0.048831351511343234,,True,False,236,7
csi,115.6,120,graphcast,tier2_emos_graphcast,0.00853018372703412,0.0,-0.00853018372703412,-0.017945358139426954,-0.0017344909764339582,,True,False,236,7
sedi,115.6,120,graphcast,tier2_emos_graphcast,0.34350603234043603,,,,,,False,False,236,7
csi,204.5,120,graphcast,tier2_emos_graphcast,0.0,0.0,-0.0,-0.0,0.0,,False,False,236,7
sedi,204.5,120,graphcast,tier2_emos_graphcast,,,,,,,False,False,236,7
rmse_mm,,120,graphcast,tier2_emos_ifs_ens,14.122136146006337,14.03174795475539,0.09038819125094655,-0.09273963703392746,0.262848201427783,0.22623251948926204,False,False,236,7
mae_mm,,120,graphcast,tier2_emos_ifs_ens,7.613764385852698,7.275410856491748,0.3383535293609503,0.21952273943303927,0.4681382835746946,9.756354349331254e-14,True,False,236,7
csi,7.5,120,graphcast,tier2_emos_ifs_ens,0.3716812185458394,0.3776586693891441,0.005977450843304699,0.0024718041595169146,0.00950128681720683,,True,False,236,7
sedi,7.5,120,graphcast,tier2_emos_ifs_ens,0.5665205978115143,0.579653326178144,0.013132728366629709,0.005656925721791084,0.0210069125620625,,True,False,236,7
csi,64.5,120,graphcast,tier2_emos_ifs_ens,0.06800069803967192,0.02459993724505805,-0.04340076079461387,-0.06558220902934694,-0.0260188475425667,,True,False,236,7
sedi,64.5,120,graphcast,tier2_emos_ifs_ens,0.4243378075804278,0.32857057337767787,-0.0957672342027499,-0.15327226224049936,-0.048579492024277963,,True,False,236,7
csi,115.6,120,graphcast,tier2_emos_ifs_ens,0.00853018372703412,0.0,-0.00853018372703412,-0.017945358139426954,-0.0017344909764339582,,True,False,236,7
sedi,115.6,120,graphcast,tier2_emos_ifs_ens,0.34350603234043603,,,,,,False,False,236,7
csi,204.5,120,graphcast,tier2_emos_ifs_ens,0.0,0.0,-0.0,-0.0,0.0,,False,False,236,7
sedi,204.5,120,graphcast,tier2_emos_ifs_ens,,,,,,,False,False,236,7
rmse_mm,,120,hres,best_single_member_on_train,19.684082509685698,14.122136146006337,5.561946363679361,4.8813586621095215,6.42071998946072,4.077760823137036e-62,True,False,236,7
mae_mm,,120,hres,best_single_member_on_train,8.670960301533272,7.613764385852698,1.0571959156805741,0.8641406235651329,1.3236621686462766,7.266285616088354e-34,True,False,236,7
csi,7.5,120,hres,best_single_member_on_train,0.3189627040975734,0.3716812185458394,0.05271851444826603,0.04394912025583481,0.06297467940259027,,True,False,236,7
sedi,7.5,120,hres,best_single_member_on_train,0.45493675953925067,0.5665205978115143,0.11158383827226365,0.09227057748311537,0.12917609687155665,,True,False,236,7
csi,64.5,120,hres,best_single_member_on_train,0.07017076661895409,0.06800069803967192,-0.002170068579282175,-0.016841533855072987,0.01101772251216185,,False,False,236,7
sedi,64.5,120,hres,best_single_member_on_train,0.38104976410722274,0.4243378075804278,0.04328804347320503,-0.0004142265196905207,0.08359196606014165,,False,False,236,7
csi,115.6,120,hres,best_single_member_on_train,0.026434558349451968,0.00853018372703412,-0.017904374622417847,-0.02913927283266636,-0.007391840433737215,,True,False,236,7
sedi,115.6,120,hres,best_single_member_on_train,0.34456423856024887,0.34350603234043603,-0.0010582062198128406,-0.07125968140654311,0.06785136264676986,,False,False,236,7
csi,204.5,120,hres,best_single_member_on_train,0.0014814814814814814,0.0,-0.0014814814814814814,-0.0036531593244758026,0.0,,False,False,236,7
sedi,204.5,120,hres,best_single_member_on_train,0.1619994508925404,,,,,,False,False,236,7
rmse_mm,,120,hres,climatology,19.684082509685698,14.649813665523569,5.0342688441621295,4.356569208231025,5.906162060987928,1.895946639744497e-53,True,False,236,7
mae_mm,,120,hres,climatology,8.670960301533272,8.065064489075848,0.6058958124574243,0.1694620782805234,1.1442824368242426,2.5149697327658194e-06,True,False,236,7
csi,7.5,120,hres,climatology,0.3189627040975734,0.3051054958719844,-0.013857208225589002,-0.03046010343267801,0.0010194970887170383,,False,False,236,7
sedi,7.5,120,hres,climatology,0.45493675953925067,0.4107403193736159,-0.04419644016563479,-0.08007331068033365,-0.012133534039680711,,True,False,236,7
csi,64.5,120,hres,climatology,0.07017076661895409,0.0,-0.07017076661895409,-0.08887204496212019,-0.05444835735537828,,True,False,236,7
sedi,64.5,120,hres,climatology,0.38104976410722274,,,,,,False,False,236,7
csi,115.6,120,hres,climatology,0.026434558349451968,0.0,-0.026434558349451968,-0.04074529002878622,-0.015249051174244398,,True,False,236,7
sedi,115.6,120,hres,climatology,0.34456423856024887,,,,,,False,False,236,7
csi,204.5,120,hres,climatology,0.0014814814814814814,0.0,-0.0014814814814814814,-0.0036531593244758026,0.0,,False,False,236,7
sedi,204.5,120,hres,climatology,0.1619994508925404,,,,,,False,False,236,7
rmse_mm,,120,hres,tier0,19.684082509685698,14.863098626558752,4.820983883126946,4.312184617171998,5.488714485880356,5.290664538321135e-70,True,False,236,7
mae_mm,,120,hres,tier0,8.670960301533272,7.6655133463085,1.0054469552247722,0.8713575507922966,1.188462956746977,5.502313700556924e-79,True,False,236,7
csi,7.5,120,hres,tier0,0.3189627040975734,0.3715833273549035,0.052620623257330135,0.04572796773351439,0.060349973663291916,,True,False,236,7
sedi,7.5,120,hres,tier0,0.45493675953925067,0.5623975504876642,0.10746079094841349,0.09302862421168467,0.11989132066648757,,True,False,236,7
csi,64.5,120,hres,tier0,0.07017076661895409,0.06922231107556977,-0.0009484555433843245,-0.009667339467632737,0.008735982557230312,,False,False,236,7
sedi,64.5,120,hres,tier0,0.38104976410722274,0.3926455559623682,0.011595791855145476,-0.006265416882442932,0.027887093727502876,,False,False,236,7
csi,115.6,120,hres,tier0,0.026434558349451968,0.02462787550744249,-0.0018066828420094765,-0.007943354882134256,0.0064104110435656446,,False,False,236,7
sedi,115.6,120,hres,tier0,0.34456423856024887,0.3567322522809581,0.012168013720709248,-0.018014561017223162,0.03344228471307132,,False,False,236,7
csi,204.5,120,hres,tier0,0.0014814814814814814,0.0,-0.0014814814814814814,-0.0036531593244758026,0.0,,False,False,236,7
sedi,204.5,120,hres,tier0,0.1619994508925404,,,,,,False,False,236,7
rmse_mm,,120,hres,tier2_emos_graphcast,19.684082509685698,13.759540839313555,5.924541670372143,5.241521108375024,6.749188435565396,5.7396584439901e-68,True,False,236,7
mae_mm,,120,hres,tier2_emos_graphcast,8.670960301533272,7.131201181115648,1.5397591204176244,1.318700314845428,1.8498058222719032,8.557334439694786e-67,True,False,236,7
csi,7.5,120,hres,tier2_emos_graphcast,0.3189627040975734,0.3763618940482886,0.057399189950715246,0.04799039570133601,0.06818634447782185,,True,False,236,7
sedi,7.5,120,hres,tier2_emos_graphcast,0.45493675953925067,0.5736175860366421,0.11868082649739148,0.09988939136464685,0.13695719240588627,,True,False,236,7
csi,64.5,120,hres,tier2_emos_graphcast,0.07017076661895409,0.0192975685063682,-0.05087319811258589,-0.0640826573016438,-0.03844703927525691,,True,False,236,7
sedi,64.5,120,hres,tier2_emos_graphcast,0.38104976410722274,0.33603108537081866,-0.04501867873640408,-0.08761940847672312,0.0002644139903818931,,False,False,236,7
csi,115.6,120,hres,tier2_emos_graphcast,0.026434558349451968,0.0,-0.026434558349451968,-0.04074529002878622,-0.015249051174244398,,True,False,236,7
sedi,115.6,120,hres,tier2_emos_graphcast,0.34456423856024887,,,,,,False,False,236,7
csi,204.5,120,hres,tier2_emos_graphcast,0.0014814814814814814,0.0,-0.0014814814814814814,-0.0036531593244758026,0.0,,False,False,236,7
sedi,204.5,120,hres,tier2_emos_graphcast,0.1619994508925404,,,,,,False,False,236,7
rmse_mm,,120,hres,tier2_emos_ifs_ens,19.684082509685698,14.03174795475539,5.652334554930308,5.019417839658526,6.468741194594791,2.593256518297455e-66,True,False,236,7
mae_mm,,120,hres,tier2_emos_ifs_ens,8.670960301533272,7.275410856491748,1.3955494450415245,1.1612627081657796,1.6999278137545124,1.3560345946929627e-65,True,False,236,7
csi,7.5,120,hres,tier2_emos_ifs_ens,0.3189627040975734,0.3776586693891441,0.05869596529157073,0.050377470983503786,0.06830411664477386,,True,False,236,7
sedi,7.5,120,hres,tier2_emos_ifs_ens,0.45493675953925067,0.579653326178144,0.12471656663889336,0.10751755576673491,0.1406641277574783,,True,False,236,7
csi,64.5,120,hres,tier2_emos_ifs_ens,0.07017076661895409,0.02459993724505805,-0.045570829373896046,-0.06090764465306244,-0.031938391486378274,,True,False,236,7
sedi,64.5,120,hres,tier2_emos_ifs_ens,0.38104976410722274,0.32857057337767787,-0.05247919072954488,-0.11426733436126264,0.004715168514708384,,False,False,236,7
csi,115.6,120,hres,tier2_emos_ifs_ens,0.026434558349451968,0.0,-0.026434558349451968,-0.04074529002878622,-0.015249051174244398,,True,False,236,7
sedi,115.6,120,hres,tier2_emos_ifs_ens,0.34456423856024887,,,,,,False,False,236,7
csi,204.5,120,hres,tier2_emos_ifs_ens,0.0014814814814814814,0.0,-0.0014814814814814814,-0.0036531593244758026,0.0,,False,False,236,7
sedi,204.5,120,hres,tier2_emos_ifs_ens,0.1619994508925404,,,,,,False,False,236,7
rmse_mm,,120,ifs_ens_mean,best_single_member_on_train,14.721108461466246,14.122136146006337,0.5989723154599087,0.3695397302556142,0.8837586269260758,1.3702466144223411e-09,True,False,236,7
mae_mm,,120,ifs_ens_mean,best_single_member_on_train,7.672178646821899,7.613764385852698,0.05841426096920088,-0.07145277107904265,0.19254531195741448,0.28479069465060725,False,False,236,7
csi,7.5,120,ifs_ens_mean,best_single_member_on_train,0.36069245750484785,0.3716812185458394,0.010988761040991557,0.0036680828342454132,0.01900247592378896,,True,False,236,7
sedi,7.5,120,ifs_ens_mean,best_single_member_on_train,0.5397316877254656,0.5665205978115143,0.026788910086048667,0.011366302882489679,0.04354288109846026,,True,False,236,7
csi,64.5,120,ifs_ens_mean,best_single_member_on_train,0.06321372517183525,0.06800069803967192,0.004786972867836664,-0.010157003334831551,0.018415599649433696,,False,False,236,7
sedi,64.5,120,ifs_ens_mean,best_single_member_on_train,0.390771321116889,0.4243378075804278,0.03356648646353877,-0.00021039551101884233,0.06725351531778136,,False,False,236,7
csi,115.6,120,ifs_ens_mean,best_single_member_on_train,0.017768715409263034,0.00853018372703412,-0.009238531682228913,-0.022270642786937002,0.0034790644701130006,,False,False,236,7
sedi,115.6,120,ifs_ens_mean,best_single_member_on_train,0.3349411992711844,0.34350603234043603,0.008564833069251654,-0.045203381916330575,0.08894808341232872,,False,False,236,7
csi,204.5,120,ifs_ens_mean,best_single_member_on_train,0.0,0.0,-0.0,-0.0,0.0,,False,False,236,7
sedi,204.5,120,ifs_ens_mean,best_single_member_on_train,,,,,,,False,False,236,7
rmse_mm,,120,ifs_ens_mean,climatology,14.721108461466246,14.649813665523569,0.07129479594267707,-0.18934740161804625,0.33318821977136026,0.4290395503893977,False,False,236,7
mae_mm,,120,ifs_ens_mean,climatology,7.672178646821899,8.065064489075848,-0.39288584225394896,-0.7076372888829635,-0.029579680255776727,5.82813075900815e-06,True,False,236,7
csi,7.5,120,ifs_ens_mean,climatology,0.36069245750484785,0.3051054958719844,-0.055586961632863474,-0.072379182102917,-0.04140166827048881,,True,False,236,7
sedi,7.5,120,ifs_ens_mean,climatology,0.5397316877254656,0.4107403193736159,-0.12899136835184977,-0.1665009160978973,-0.0978476500480942,,True,False,236,7
csi,64.5,120,ifs_ens_mean,climatology,0.06321372517183525,0.0,-0.06321372517183525,-0.09248838423263162,-0.04020021959485947,,True,False,236,7
sedi,64.5,120,ifs_ens_mean,climatology,0.390771321116889,,,,,,False,False,236,7
csi,115.6,120,ifs_ens_mean,climatology,0.017768715409263034,0.0,-0.017768715409263034,-0.034963507534233614,-0.00459341829930851,,True,False,236,7
sedi,115.6,120,ifs_ens_mean,climatology,0.3349411992711844,,,,,,False,False,236,7
csi,204.5,120,ifs_ens_mean,climatology,0.0,0.0,-0.0,-0.0,0.0,,False,False,236,7
sedi,204.5,120,ifs_ens_mean,climatology,,,,,,,False,False,236,7
rmse_mm,,120,ifs_ens_mean,tier0,14.721108461466246,14.863098626558752,-0.14199016509250661,-0.27748823201015677,-0.000971173944383018,0.014716107126875703,True,False,236,7
mae_mm,,120,ifs_ens_mean,tier0,7.672178646821899,7.6655133463085,0.006665300513398975,-0.048436289528454045,0.06127075151527403,0.7733773638634129,False,False,236,7
csi,7.5,120,ifs_ens_mean,tier0,0.36069245750484785,0.3715833273549035,0.010890869850055662,0.006704809757215177,0.01535307472081387,,True,False,236,7
sedi,7.5,120,ifs_ens_mean,tier0,0.5397316877254656,0.5623975504876642,0.022665862762198508,0.013859130462726018,0.031594861816421696,,True,False,236,7
csi,64.5,120,ifs_ens_mean,tier0,0.06321372517183525,0.06922231107556977,0.006008585903734515,0.00012837529408340036,0.012250926995021906,,True,False,236,7
sedi,64.5,120,ifs_ens_mean,tier0,0.390771321116889,0.3926455559623682,0.0018742348454792168,-0.015576622358684913,0.019606003853261975,,False,False,236,7
csi,115.6,120,ifs_ens_mean,tier0,0.017768715409263034,0.02462787550744249,0.006859160098179457,0.0018941109137032464,0.01326896418037922,,True,False,236,7
sedi,115.6,120,ifs_ens_mean,tier0,0.3349411992711844,0.3567322522809581,0.021791053009773742,-0.012129525099135445,0.05994046680032096,,False,False,236,7
csi,204.5,120,ifs_ens_mean,tier0,0.0,0.0,-0.0,-0.0,0.0,,False,False,236,7
sedi,204.5,120,ifs_ens_mean,tier0,,,,,,,False,False,236,7
rmse_mm,,120,ifs_ens_mean,tier2_emos_graphcast,14.721108461466246,13.759540839313555,0.9615676221526908,0.7452057826165176,1.1909213075928238,6.276040932506419e-29,True,False,236,7
mae_mm,,120,ifs_ens_mean,tier2_emos_graphcast,7.672178646821899,7.131201181115648,0.5409774657062512,0.41042212340326173,0.6775698656157999,1.2262936312332712e-30,True,False,236,7
csi,7.5,120,ifs_ens_mean,tier2_emos_graphcast,0.36069245750484785,0.3763618940482886,0.015669436543440773,0.008187938942691677,0.02401070149418371,,True,False,236,7
sedi,7.5,120,ifs_ens_mean,tier2_emos_graphcast,0.5397316877254656,0.5736175860366421,0.0338858983111765,0.018984981973768366,0.0497961037966897,,True,False,236,7
csi,64.5,120,ifs_ens_mean,tier2_emos_graphcast,0.06321372517183525,0.0192975685063682,-0.043916156665467054,-0.06601988141753272,-0.023938739934425676,,True,False,236,7
sedi,64.5,120,ifs_ens_mean,tier2_emos_graphcast,0.390771321116889,0.33603108537081866,-0.05474023574607034,-0.09600513205882365,-0.004196756639734564,,True,False,236,7
csi,115.6,120,ifs_ens_mean,tier2_emos_graphcast,0.017768715409263034,0.0,-0.017768715409263034,-0.034963507534233614,-0.00459341829930851,,True,False,236,7
sedi,115.6,120,ifs_ens_mean,tier2_emos_graphcast,0.3349411992711844,,,,,,False,False,236,7
csi,204.5,120,ifs_ens_mean,tier2_emos_graphcast,0.0,0.0,-0.0,-0.0,0.0,,False,False,236,7
sedi,204.5,120,ifs_ens_mean,tier2_emos_graphcast,,,,,,,False,False,236,7
rmse_mm,,120,ifs_ens_mean,tier2_emos_ifs_ens,14.721108461466246,14.03174795475539,0.6893605067108552,0.49813778431561023,0.8936636436048838,1.9165475645849414e-27,True,False,236,7
mae_mm,,120,ifs_ens_mean,tier2_emos_ifs_ens,7.672178646821899,7.275410856491748,0.3967677903301512,0.2838528327850197,0.519127729410358,1.4557780811005068e-34,True,False,236,7
csi,7.5,120,ifs_ens_mean,tier2_emos_ifs_ens,0.36069245750484785,0.3776586693891441,0.016966211884296256,0.011571102235458723,0.022888918898055666,,True,False,236,7
sedi,7.5,120,ifs_ens_mean,tier2_emos_ifs_ens,0.5397316877254656,0.579653326178144,0.039921638452678376,0.02884061826706117,0.051415508635472756,,True,False,236,7
csi,64.5,120,ifs_ens_mean,tier2_emos_ifs_ens,0.06321372517183525,0.02459993724505805,-0.03861378792677721,-0.06342028302327696,-0.01777039921693129,,True,False,236,7
sedi,64.5,120,ifs_ens_mean,tier2_emos_ifs_ens,0.390771321116889,0.32857057337767787,-0.06220074773921114,-0.1271910309430143,0.004194268874508006,,False,False,236,7
csi,115.6,120,ifs_ens_mean,tier2_emos_ifs_ens,0.017768715409263034,0.0,-0.017768715409263034,-0.034963507534233614,-0.00459341829930851,,True,False,236,7
sedi,115.6,120,ifs_ens_mean,tier2_emos_ifs_ens,0.3349411992711844,,,,,,False,False,236,7
csi,204.5,120,ifs_ens_mean,tier2_emos_ifs_ens,0.0,0.0,-0.0,-0.0,0.0,,False,False,236,7
sedi,204.5,120,ifs_ens_mean,tier2_emos_ifs_ens,,,,,,,False,False,236,7
rmse_mm,,120,phase2_lagged_graphcast,best_single_member_on_train,13.94292287890156,14.122136146006337,-0.17921326710477636,-0.2421981656558059,-0.12303339816949932,4.001817571259299e-09,True,False,236,7
mae_mm,,120,phase2_lagged_graphcast,best_single_member_on_train,7.55886636600077,7.613764385852698,-0.05489801985192777,-0.08499756715948209,-0.026864373533150597,0.0006299871716494787,True,False,236,7
csi,7.5,120,phase2_lagged_graphcast,best_single_member_on_train,0.3779688564987155,0.3716812185458394,-0.006287637952876068,-0.008764669264533669,-0.004034861505081727,,True,False,236,7
sedi,7.5,120,phase2_lagged_graphcast,best_single_member_on_train,0.580911756377219,0.5665205978115143,-0.01439115856570472,-0.01947611743739124,-0.009490390472387542,,True,False,236,7
csi,64.5,120,phase2_lagged_graphcast,best_single_member_on_train,0.06398146497950455,0.06800069803967192,0.004019233060167368,-8.73387588856815e-05,0.00810532249705806,,False,False,236,7
sedi,64.5,120,phase2_lagged_graphcast,best_single_member_on_train,0.42325533285474726,0.4243378075804278,0.0010824747256805156,-0.009038732344935392,0.011564501792917204,,False,False,236,7
csi,115.6,120,phase2_lagged_graphcast,best_single_member_on_train,0.004953764861294584,0.00853018372703412,0.003576418865739537,0.0007745732922276157,0.0069571413538833385,,True,False,236,7
sedi,115.6,120,phase2_lagged_graphcast,best_single_member_on_train,0.3103633482002763,0.34350603234043603,0.03314268414015975,0.007064923736221108,0.10814089111276912,,True,False,236,7
csi,204.5,120,phase2_lagged_graphcast,best_single_member_on_train,0.0,0.0,-0.0,-0.0,0.0,,False,False,236,7
sedi,204.5,120,phase2_lagged_graphcast,best_single_member_on_train,,,,,,,False,False,236,7
rmse_mm,,120,phase2_lagged_graphcast,climatology,13.94292287890156,14.649813665523569,-0.706890786622008,-0.9725089839319946,-0.43485816145567263,5.973690348819908e-11,True,False,236,7
mae_mm,,120,phase2_lagged_graphcast,climatology,7.55886636600077,8.065064489075848,-0.5061981230750776,-0.839100131452559,-0.136151777451668,3.242054706049825e-08,True,False,236,7
crps_mm,,120,phase2_lagged_graphcast,climatology,6.825528107484406,5.044079298241043,1.7814488092433622,1.5687685793407498,2.016534994689848,9.613023743388931e-145,True,False,236,7
twcrps_64.5_mm,,120,phase2_lagged_graphcast,climatology,0.4441988016224,0.43084049950103515,0.013358302121364851,0.00643386175033994,0.0205953775574398,1.630130361753627e-06,True,False,236,7
brier,7.5,120,phase2_lagged_graphcast,climatology,0.2754460745184048,0.0431864118236052,0.2322596626947996,0.2118633900677746,0.25254380238026125,0.0,True,False,236,7
csi,7.5,120,phase2_lagged_graphcast,climatology,0.3779688564987155,0.3051054958719844,-0.0728633606267311,-0.09215669680190318,-0.05591880880399766,,True,False,236,7
sedi,7.5,120,phase2_lagged_graphcast,climatology,0.580911756377219,0.4107403193736159,-0.17017143700360315,-0.2110708455155103,-0.1315638827173063,,True,False,236,7
brier,64.5,120,phase2_lagged_graphcast,climatology,0.004513312711242558,0.0035015189063036726,0.0010117938049388855,0.000611036323723409,0.0015513135747164464,3.277620640184804e-14,True,False,236,7
csi,64.5,120,phase2_lagged_graphcast,climatology,0.06398146497950455,0.0,-0.06398146497950455,-0.08858460413587999,-0.04208237836703133,,True,False,236,7
sedi,64.5,120,phase2_lagged_graphcast,climatology,0.42325533285474726,,,,,,False,False,236,7
brier,115.6,120,phase2_lagged_graphcast,climatology,0.0007547164937134551,0.0007125581008499629,4.215839286349221e-05,2.1179553729555686e-05,7.161176544238774e-05,1.4593891126841418e-05,True,False,236,7
csi,115.6,120,phase2_lagged_graphcast,climatology,0.004953764861294584,0.0,-0.004953764861294584,-0.011954920844132631,-0.0002869936034115139,,True,False,236,7
sedi,115.6,120,phase2_lagged_graphcast,climatology,0.3103633482002763,,,,,,False,False,236,7
brier,204.5,120,phase2_lagged_graphcast,climatology,7.326110975635808e-05,7.298977088897627e-05,2.7133886738181187e-07,-1.7976623915806793e-07,9.773616524712914e-07,0.1463948297839842,False,False,236,7
csi,204.5,120,phase2_lagged_graphcast,climatology,0.0,0.0,-0.0,-0.0,0.0,,False,False,236,7
sedi,204.5,120,phase2_lagged_graphcast,climatology,,,,,,,False,False,236,7
rmse_mm,,120,phase2_lagged_graphcast,tier0,13.94292287890156,14.863098626558752,-0.9201757476571917,-1.1542324494786607,-0.7251687622293785,1.7272667474494488e-25,True,False,236,7
mae_mm,,120,phase2_lagged_graphcast,tier0,7.55886636600077,7.6655133463085,-0.10664698030772968,-0.2109323435440299,-0.0038171883010117433,0.01072572147097951,True,False,236,7
csi,7.5,120,phase2_lagged_graphcast,tier0,0.3779688564987155,0.3715833273549035,-0.006385529143811963,-0.011803451592172068,-0.0013434786909698627,,True,False,236,7
sedi,7.5,120,phase2_lagged_graphcast,tier0,0.580911756377219,0.5623975504876642,-0.01851420588955488,-0.029095232981194135,-0.007466936328872532,,True,False,236,7
csi,64.5,120,phase2_lagged_graphcast,tier0,0.06398146497950455,0.06922231107556977,0.005240846096065219,-0.006872408126294459,0.01761442690113819,,False,False,236,7
sedi,64.5,120,phase2_lagged_graphcast,tier0,0.42325533285474726,0.3926455559623682,-0.030609776892379037,-0.06649065131162497,0.005254114358536335,,False,False,236,7
csi,115.6,120,phase2_lagged_graphcast,tier0,0.004953764861294584,0.02462787550744249,0.019674110646147908,0.0062612368868156364,0.03714609832873247,,True,False,236,7
sedi,115.6,120,phase2_lagged_graphcast,tier0,0.3103633482002763,0.3567322522809581,0.04636890408068184,-0.03799332892857578,0.15345306562941227,,False,False,236,7
csi,204.5,120,phase2_lagged_graphcast,tier0,0.0,0.0,-0.0,-0.0,0.0,,False,False,236,7
sedi,204.5,120,phase2_lagged_graphcast,tier0,,,,,,,False,False,236,7
rmse_mm,,120,phase2_lagged_graphcast,tier2_emos_graphcast,13.94292287890156,13.759540839313555,0.1833820395880057,0.08525012875532494,0.27605371730492434,9.91012340959294e-06,True,False,236,7
mae_mm,,120,phase2_lagged_graphcast,tier2_emos_graphcast,7.55886636600077,7.131201181115648,0.4276651848851225,0.3549604895419595,0.5034357815981546,1.1809463574625836e-72,True,False,236,7
crps_mm,,120,phase2_lagged_graphcast,tier2_emos_graphcast,6.825528107484406,4.622262761121417,2.203265346362989,2.032229314160293,2.3870804648011266,0.0,True,False,236,7
brier,7.5,120,phase2_lagged_graphcast,tier2_emos_graphcast,0.2754460745184048,0.23429687515039357,0.04114919936801123,0.02377206231797401,0.05393204481323531,7.161563521694141e-22,True,False,236,7
csi,7.5,120,phase2_lagged_graphcast,tier2_emos_graphcast,0.3779688564987155,0.3763618940482886,-0.001606962450426852,-0.0026123793818804463,-0.0008205707591236723,,True,False,236,7
sedi,7.5,120,phase2_lagged_graphcast,tier2_emos_graphcast,0.580911756377219,0.5736175860366421,-0.007294170340576889,-0.00910214491505618,-0.005162393189791548,,True,False,236,7
brier,64.5,120,phase2_lagged_graphcast,tier2_emos_graphcast,0.004513312711242558,0.013596180932748418,-0.00908286822150586,-0.011033380631034692,-0.007584539162860437,2.9551765138490502e-77,True,False,236,7
csi,64.5,120,phase2_lagged_graphcast,tier2_emos_graphcast,0.06398146497950455,0.0192975685063682,-0.04468389647313635,-0.0644172974342683,-0.027932835353962772,,True,False,236,7
sedi,64.5,120,phase2_lagged_graphcast,tier2_emos_graphcast,0.42325533285474726,0.33603108537081866,-0.0872242474839286,-0.12004158087652675,-0.05030947711442803,,True,False,236,7
brier,115.6,120,phase2_lagged_graphcast,tier2_emos_graphcast,0.0007547164937134551,0.0027314140156322842,-0.0019766975219188293,-0.0025293707644247344,-0.0015379542984666668,4.559568721364297e-38,True,False,236,7
csi,115.6,120,phase2_lagged_graphcast,tier2_emos_graphcast,0.004953764861294584,0.0,-0.004953764861294584,-0.011954920844132631,-0.0002869936034115139,,True,False,236,7
sedi,115.6,120,phase2_lagged_graphcast,tier2_emos_graphcast,0.3103633482002763,,,,,,False,False,236,7
brier,204.5,120,phase2_lagged_graphcast,tier2_emos_graphcast,7.326110975635808e-05,0.00027575412124779963,-0.00020249301149144155,-0.00027848026247949127,-0.0001425995409563758,1.5505773353465028e-14,True,False,236,7
csi,204.5,120,phase2_lagged_graphcast,tier2_emos_graphcast,0.0,0.0,-0.0,-0.0,0.0,,False,False,236,7
sedi,204.5,120,phase2_lagged_graphcast,tier2_emos_graphcast,,,,,,,False,False,236,7
rmse_mm,,120,phase2_lagged_graphcast,tier2_emos_ifs_ens,13.94292287890156,14.03174795475539,-0.08882507585382982,-0.26890933512686,0.07650149807241878,0.22509123381593343,False,False,236,7
mae_mm,,120,phase2_lagged_graphcast,tier2_emos_ifs_ens,7.55886636600077,7.275410856491748,0.28345550950902254,0.17021111078864878,0.40509555182964746,2.51528946247184e-11,True,False,236,7
crps_mm,,120,phase2_lagged_graphcast,tier2_emos_ifs_ens,6.825528107484406,4.715827015143329,2.1097010923410764,1.9342455510682932,2.294906703564629,2.7843377202726355e-303,True,False,236,7
brier,7.5,120,phase2_lagged_graphcast,tier2_emos_ifs_ens,0.2754460745184048,0.16021366800084602,0.11523240651755878,0.09708832621365213,0.1294745614813722,4.169093025233912e-152,True,False,236,7
csi,7.5,120,phase2_lagged_graphcast,tier2_emos_ifs_ens,0.3779688564987155,0.3776586693891441,-0.0003101871095713693,-0.003250246812753746,0.0024567258553608775,,False,False,236,7
sedi,7.5,120,phase2_lagged_graphcast,tier2_emos_ifs_ens,0.580911756377219,0.579653326178144,-0.0012584301990750113,-0.007408208479277112,0.004677184236164171,,False,False,236,7
brier,64.5,120,phase2_lagged_graphcast,tier2_emos_ifs_ens,0.004513312711242558,0.013921377314821704,-0.009408064603579146,-0.011409646316750479,-0.0078043389494189775,2.298919227950371e-84,True,False,236,7
csi,64.5,120,phase2_lagged_graphcast,tier2_emos_ifs_ens,0.06398146497950455,0.02459993724505805,-0.0393815277344465,-0.06315217732875837,-0.020640053694764876,,True,False,236,7
sedi,64.5,120,phase2_lagged_graphcast,tier2_emos_ifs_ens,0.42325533285474726,0.32857057337767787,-0.09468475947706939,-0.15693479571611854,-0.045638144695416494,,True,False,236,7
brier,115.6,120,phase2_lagged_graphcast,tier2_emos_ifs_ens,0.0007547164937134551,0.002935854713298001,-0.002181138219584546,-0.0027520605831005563,-0.0017320004714884904,7.391952727221589e-46,True,False,236,7
csi,115.6,120,phase2_lagged_graphcast,tier2_emos_ifs_ens,0.004953764861294584,0.0,-0.004953764861294584,-0.011954920844132631,-0.0002869936034115139,,True,False,236,7
sedi,115.6,120,phase2_lagged_graphcast,tier2_emos_ifs_ens,0.3103633482002763,,,,,,False,False,236,7
brier,204.5,120,phase2_lagged_graphcast,tier2_emos_ifs_ens,7.326110975635808e-05,0.0003094499709234317,-0.00023618886116707363,-0.00033023613514373407,-0.00017003718977697468,1.6704095824264048e-16,True,False,236,7
csi,204.5,120,phase2_lagged_graphcast,tier2_emos_ifs_ens,0.0,0.0,-0.0,-0.0,0.0,,False,False,236,7
sedi,204.5,120,phase2_lagged_graphcast,tier2_emos_ifs_ens,,,,,,,False,False,236,7
rmse_mm,,120,tier0,best_single_member_on_train,14.863098626558752,14.122136146006337,0.7409624805524153,0.5383320250110364,0.9858272387598824,9.158270510723404e-18,True,False,236,7
mae_mm,,120,tier0,best_single_member_on_train,7.6655133463085,7.613764385852698,0.05174896045580191,-0.051846667030207995,0.15630895558738253,0.2258625878338576,False,False,236,7
csi,7.5,120,tier0,best_single_member_on_train,0.3715833273549035,0.3716812185458394,9.789119093589482e-05,-0.004575791479450756,0.005281327676338178,,False,False,236,7
sedi,7.5,120,tier0,best_single_member_on_train,0.5623975504876642,0.5665205978115143,0.00412304732385016,-0.006812424023117777,0.014891736368994034,,False,False,236,7
csi,64.5,120,tier0,best_single_member_on_train,0.06922231107556977,0.06800069803967192,-0.0012216130358978505,-0.014309878602051521,0.010229525992281068,,False,False,236,7
sedi,64.5,120,tier0,best_single_member_on_train,0.3926455559623682,0.4243378075804278,0.03169225161805955,-0.0034551278139411013,0.06538372653625707,,False,False,236,7
csi,115.6,120,tier0,best_single_member_on_train,0.02462787550744249,0.00853018372703412,-0.01609769178040837,-0.03226915346051265,-0.003007297870085931,,True,False,236,7
sedi,115.6,120,tier0,best_single_member_on_train,0.3567322522809581,0.34350603234043603,-0.013226219940522088,-0.07153987094999088,0.05714695094065141,,False,False,236,7
csi,204.5,120,tier0,best_single_member_on_train,0.0,0.0,-0.0,-0.0,0.0,,False,False,236,7
sedi,204.5,120,tier0,best_single_member_on_train,,,,,,,False,False,236,7
rmse_mm,,120,tier0,climatology,14.863098626558752,14.649813665523569,0.21328496103518368,-0.05101126198906323,0.5154187010376236,0.042963904471133914,False,False,236,7
mae_mm,,120,tier0,climatology,7.6655133463085,8.065064489075848,-0.39955114276734793,-0.7395660569967417,-0.001917162296832835,1.276411816781446e-05,True,False,236,7
csi,7.5,120,tier0,climatology,0.3715833273549035,0.3051054958719844,-0.06647783148291914,-0.0849283619790125,-0.05179140666691978,,True,False,236,7
sedi,7.5,120,tier0,climatology,0.5623975504876642,0.4107403193736159,-0.15165723111404827,-0.19027660906947114,-0.11782258158269467,,True,False,236,7
csi,64.5,120,tier0,climatology,0.06922231107556977,0.0,-0.06922231107556977,-0.09425389140607035,-0.04702443877295293,,True,False,236,7
sedi,64.5,120,tier0,climatology,0.3926455559623682,,,,,,False,False,236,7
csi,115.6,120,tier0,climatology,0.02462787550744249,0.0,-0.02462787550744249,-0.04504505856514508,-0.00927875826253392,,True,False,236,7
sedi,115.6,120,tier0,climatology,0.3567322522809581,,,,,,False,False,236,7
csi,204.5,120,tier0,climatology,0.0,0.0,-0.0,-0.0,0.0,,False,False,236,7
sedi,204.5,120,tier0,climatology,,,,,,,False,False,236,7
rmse_mm,,120,tier0,tier2_emos_graphcast,14.863098626558752,13.759540839313555,1.1035577872451974,0.8903160855324076,1.3133656266236673,3.582120664884191e-38,True,False,236,7
mae_mm,,120,tier0,tier2_emos_graphcast,7.6655133463085,7.131201181115648,0.5343121651928522,0.41813647292961476,0.6654070828941869,2.480985571155925e-38,True,False,236,7
csi,7.5,120,tier0,tier2_emos_graphcast,0.3715833273549035,0.3763618940482886,0.004778566693385111,-0.000224695529673527,0.009887053850080672,,False,False,236,7
sedi,7.5,120,tier0,tier2_emos_graphcast,0.5623975504876642,0.5736175860366421,0.011220035548977991,0.0007373223265620039,0.02139556144716581,,True,False,236,7
csi,64.5,120,tier0,tier2_emos_graphcast,0.06922231107556977,0.0192975685063682,-0.04992474256920157,-0.06991920243900736,-0.03295057753315747,,True,False,236,7
sedi,64.5,120,tier0,tier2_emos_graphcast,0.3926455559623682,0.33603108537081866,-0.05661447059154956,-0.0977010829680378,-0.009390386936581225,,True,False,236,7
csi,115.6,120,tier0,tier2_emos_graphcast,0.02462787550744249,0.0,-0.02462787550744249,-0.04504505856514508,-0.00927875826253392,,True,False,236,7
sedi,115.6,120,tier0,tier2_emos_graphcast,0.3567322522809581,,,,,,False,False,236,7
csi,204.5,120,tier0,tier2_emos_graphcast,0.0,0.0,-0.0,-0.0,0.0,,False,False,236,7
sedi,204.5,120,tier0,tier2_emos_graphcast,,,,,,,False,False,236,7
rmse_mm,,120,tier0,tier2_emos_ifs_ens,14.863098626558752,14.03174795475539,0.8313506718033619,0.6235461796097617,1.0454379364835742,3.687032930476747e-27,True,False,236,7
mae_mm,,120,tier0,tier2_emos_ifs_ens,7.6655133463085,7.275410856491748,0.3901024898167522,0.2787468138077219,0.5190824778779782,2.0946362374364163e-28,True,False,236,7
csi,7.5,120,tier0,tier2_emos_ifs_ens,0.3715833273549035,0.3776586693891441,0.006075342034240594,0.002893826255593346,0.009702293154267752,,True,False,236,7
sedi,7.5,120,tier0,tier2_emos_ifs_ens,0.5623975504876642,0.579653326178144,0.01725577569047987,0.01015828123078195,0.023872838749747372,,True,False,236,7
csi,64.5,120,tier0,tier2_emos_ifs_ens,0.06922231107556977,0.02459993724505805,-0.04462237383051172,-0.06604907096054538,-0.02708560544823848,,True,False,236,7
sedi,64.5,120,tier0,tier2_emos_ifs_ens,0.3926455559623682,0.32857057337767787,-0.06407498258469035,-0.12770265370603454,-0.0070160213832144765,,True,False,236,7
csi,115.6,120,tier0,tier2_emos_ifs_ens,0.02462787550744249,0.0,-0.02462787550744249,-0.04504505856514508,-0.00927875826253392,,True,False,236,7
sedi,115.6,120,tier0,tier2_emos_ifs_ens,0.3567322522809581,,,,,,False,False,236,7
csi,204.5,120,tier0,tier2_emos_ifs_ens,0.0,0.0,-0.0,-0.0,0.0,,False,False,236,7
sedi,204.5,120,tier0,tier2_emos_ifs_ens,,,,,,,False,False,236,7
rmse_mm,,120,tier1_regional,best_single_member_on_train,13.98059159057463,14.122136146006337,-0.1415445554317074,-0.2501561824217974,-0.03391663903438857,0.00046636752250336477,True,False,236,7
mae_mm,,120,tier1_regional,best_single_member_on_train,7.4938343028101455,7.613764385852698,-0.11993008304255248,-0.18066124150064336,-0.06419277094494866,4.3360368678369177e-08,True,False,236,7
csi,7.5,120,tier1_regional,best_single_member_on_train,0.3786480621412781,0.3716812185458394,-0.006966843595438699,-0.010006133456108906,-0.00410464222076519,,True,False,236,7
sedi,7.5,120,tier1_regional,best_single_member_on_train,0.5816405359653173,0.5665205978115143,-0.01511993815380297,-0.02211475447801143,-0.008831707649669463,,True,False,236,7
csi,64.5,120,tier1_regional,best_single_member_on_train,0.059324505629119756,0.06800069803967192,0.008676192410552161,-0.0017858169564108693,0.018071606453572458,,False,False,236,7
sedi,64.5,120,tier1_regional,best_single_member_on_train,0.40324995455978546,0.4243378075804278,0.02108785302064231,0.0006301895884654547,0.04441684108361725,,True,False,236,7
csi,115.6,120,tier1_regional,best_single_member_on_train,0.013893274392169246,0.00853018372703412,-0.005363090665135125,-0.016227922031331752,0.003695973165796497,,False,False,236,7
sedi,115.6,120,tier1_regional,best_single_member_on_train,0.34663321603653585,0.34350603234043603,-0.0031271836960998223,-0.04233821358872272,0.05287441621178046,,False,False,236,7
csi,204.5,120,tier1_regional,best_single_member_on_train,0.0,0.0,-0.0,-0.0,0.0,,False,False,236,7
sedi,204.5,120,tier1_regional,best_single_member_on_train,,,,,,,False,False,236,7
rmse_mm,,120,tier1_regional,climatology,13.98059159057463,14.649813665523569,-0.669222074948939,-0.9038256419729306,-0.44675692677672124,4.2795567488591714e-13,True,False,236,7
mae_mm,,120,tier1_regional,climatology,7.4938343028101455,8.065064489075848,-0.5712301862657023,-0.8947503471252596,-0.21196190500074352,1.8833576321774235e-11,True,False,236,7
csi,7.5,120,tier1_regional,climatology,0.3786480621412781,0.3051054958719844,-0.07354256626929373,-0.0924124319856924,-0.05754806777666984,,True,False,236,7
sedi,7.5,120,tier1_regional,climatology,0.5816405359653173,0.4107403193736159,-0.1709002165917014,-0.21083270481445046,-0.13534525996823402,,True,False,236,7
csi,64.5,120,tier1_regional,climatology,0.059324505629119756,0.0,-0.059324505629119756,-0.0870941820864372,-0.03532961456044426,,True,False,236,7
sedi,64.5,120,tier1_regional,climatology,0.40324995455978546,,,,,,False,False,236,7
csi,115.6,120,tier1_regional,climatology,0.013893274392169246,0.0,-0.013893274392169246,-0.02993753050838873,-0.0029872004787111993,,True,False,236,7
sedi,115.6,120,tier1_regional,climatology,0.34663321603653585,,,,,,False,False,236,7
csi,204.5,120,tier1_regional,climatology,0.0,0.0,-0.0,-0.0,0.0,,False,False,236,7
sedi,204.5,120,tier1_regional,climatology,,,,,,,False,False,236,7
rmse_mm,,120,tier1_regional,tier0,13.98059159057463,14.863098626558752,-0.8825070359841227,-1.0618682314386212,-0.7404176704751122,2.411367547059082e-41,True,False,236,7
mae_mm,,120,tier1_regional,tier0,7.4938343028101455,7.6655133463085,-0.1716790434983544,-0.24478957907105617,-0.11271874160408425,4.14511960128063e-11,True,False,236,7
csi,7.5,120,tier1_regional,tier0,0.3786480621412781,0.3715833273549035,-0.0070647347863745935,-0.010378144621040213,-0.004510930988390556,,True,False,236,7
sedi,7.5,120,tier1_regional,tier0,0.5816405359653173,0.5623975504876642,-0.01924298547765313,-0.02583313853511402,-0.013187626015029048,,True,False,236,7
csi,64.5,120,tier1_regional,tier0,0.059324505629119756,0.06922231107556977,0.009897805446450011,0.0029890052916745112,0.01791564133280895,,True,False,236,7
sedi,64.5,120,tier1_regional,tier0,0.40324995455978546,0.3926455559623682,-0.010604398597417242,-0.03176841488843687,0.012591767932716455,,False,False,236,7
csi,115.6,120,tier1_regional,tier0,0.013893274392169246,0.02462787550744249,0.010734601115273246,0.0043122564467973955,0.018633620398047855,,True,False,236,7
sedi,115.6,120,tier1_regional,tier0,0.34663321603653585,0.3567322522809581,0.010099036244422266,-0.035453353622164695,0.05196164829409939,,False,False,236,7
csi,204.5,120,tier1_regional,tier0,0.0,0.0,-0.0,-0.0,0.0,,False,False,236,7
sedi,204.5,120,tier1_regional,tier0,,,,,,,False,False,236,7
rmse_mm,,120,tier1_regional,tier2_emos_graphcast,13.98059159057463,13.759540839313555,0.22105075126107465,0.10426567830249846,0.3195846911663161,2.475618377143871e-07,True,False,236,7
mae_mm,,120,tier1_regional,tier2_emos_graphcast,7.4938343028101455,7.131201181115648,0.3626331216944978,0.29138779106861223,0.43903934918101384,2.6642603388903177e-50,True,False,236,7
csi,7.5,120,tier1_regional,tier2_emos_graphcast,0.3786480621412781,0.3763618940482886,-0.0022861680929894823,-0.005735340915951155,0.0007779304753096899,,False,False,236,7
sedi,7.5,120,tier1_regional,tier2_emos_graphcast,0.5816405359653173,0.5736175860366421,-0.008022949928675138,-0.014833206672530653,-0.0016060035180684338,,True,False,236,7
csi,64.5,120,tier1_regional,tier2_emos_graphcast,0.059324505629119756,0.0192975685063682,-0.04002693712275156,-0.06276454123668801,-0.02105154733400849,,True,False,236,7
sedi,64.5,120,tier1_regional,tier2_emos_graphcast,0.40324995455978546,0.33603108537081866,-0.0672188691889668,-0.10163212706921335,-0.026063623659896784,,True,False,236,7
csi,115.6,120,tier1_regional,tier2_emos_graphcast,0.013893274392169246,0.0,-0.013893274392169246,-0.02993753050838873,-0.0029872004787111993,,True,False,236,7
sedi,115.6,120,tier1_regional,tier2_emos_graphcast,0.34663321603653585,,,,,,False,False,236,7
csi,204.5,120,tier1_regional,tier2_emos_graphcast,0.0,0.0,-0.0,-0.0,0.0,,False,False,236,7
sedi,204.5,120,tier1_regional,tier2_emos_graphcast,,,,,,,False,False,236,7
rmse_mm,,120,tier1_regional,tier2_emos_ifs_ens,13.98059159057463,14.03174795475539,-0.05115636418076086,-0.20453180202335888,0.08425032053163231,0.34816378243213675,False,False,236,7
mae_mm,,120,tier1_regional,tier2_emos_ifs_ens,7.4938343028101455,7.275410856491748,0.21842344631839783,0.12444003454711053,0.31446750504927334,6.116481963243305e-13,True,False,236,7
csi,7.5,120,tier1_regional,tier2_emos_ifs_ens,0.3786480621412781,0.3776586693891441,-0.0009893927521339996,-0.003304519923594376,0.0012168569881784916,,False,False,236,7
sedi,7.5,120,tier1_regional,tier2_emos_ifs_ens,0.5816405359653173,0.579653326178144,-0.001987209787173261,-0.006966910969155173,0.002706335908733023,,False,False,236,7
csi,64.5,120,tier1_regional,tier2_emos_ifs_ens,0.059324505629119756,0.02459993724505805,-0.03472456838406171,-0.05867998470559477,-0.015088573186570432,,True,False,236,7
sedi,64.5,120,tier1_regional,tier2_emos_ifs_ens,0.40324995455978546,0.32857057337767787,-0.0746793811821076,-0.13886490764060452,-0.021487696425996003,,True,False,236,7
csi,115.6,120,tier1_regional,tier2_emos_ifs_ens,0.013893274392169246,0.0,-0.013893274392169246,-0.02993753050838873,-0.0029872004787111993,,True,False,236,7
sedi,115.6,120,tier1_regional,tier2_emos_ifs_ens,0.34663321603653585,,,,,,False,False,236,7
csi,204.5,120,tier1_regional,tier2_emos_ifs_ens,0.0,0.0,-0.0,-0.0,0.0,,False,False,236,7
sedi,204.5,120,tier1_regional,tier2_emos_ifs_ens,,,,,,,False,False,236,7
rmse_mm,,120,tier2_bma,best_single_member_on_train,13.823262313849037,14.122136146006337,-0.2988738321572999,-0.4599512991185084,-0.13768532270007114,5.113533670003034e-05,True,False,236,7
mae_mm,,120,tier2_bma,best_single_member_on_train,7.237646943724826,7.613764385852698,-0.3761174421278719,-0.4878749725260406,-0.2751553131674619,2.8706823130136227e-24,True,False,236,7
csi,7.5,120,tier2_bma,best_single_member_on_train,0.37945591090117436,0.3716812185458394,-0.007774692355334956,-0.010536285502068522,-0.0050724178411084295,,True,False,236,7
sedi,7.5,120,tier2_bma,best_single_member_on_train,0.5825475260834594,0.5665205978115143,-0.016026928271945073,-0.022454620196495134,-0.010107276677668127,,True,False,236,7
csi,64.5,120,tier2_bma,best_single_member_on_train,0.030841477344840714,0.06800069803967192,0.0371592206948312,0.024214693103501717,0.05434922739526025,,True,False,236,7
sedi,64.5,120,tier2_bma,best_single_member_on_train,0.37048643433658646,0.4243378075804278,0.053851373243841316,0.02212061525970234,0.09181632324474087,,True,False,236,7
csi,115.6,120,tier2_bma,best_single_member_on_train,0.003529034327879371,0.00853018372703412,0.005001149399154749,-0.0005703375754013984,0.012165303117705152,,False,False,236,7
sedi,115.6,120,tier2_bma,best_single_member_on_train,0.23223354668589158,0.34350603234043603,0.11127248565454445,0.01485199353188632,0.1739130171914093,,True,False,236,7
csi,204.5,120,tier2_bma,best_single_member_on_train,0.0,0.0,-0.0,-0.0,0.0,,False,False,236,7
sedi,204.5,120,tier2_bma,best_single_member_on_train,,,,,,,False,False,236,7
rmse_mm,,120,tier2_bma,climatology,13.823262313849037,14.649813665523569,-0.8265513516745315,-1.016269107391333,-0.6467761166752962,2.4919086533303424e-31,True,False,236,7
mae_mm,,120,tier2_bma,climatology,7.237646943724826,8.065064489075848,-0.8274175453510217,-1.1027289574557766,-0.5352835366035495,2.963949826247307e-32,True,False,236,7
crps_mm,,120,tier2_bma,climatology,4.626625952414983,5.044079298241043,-0.4174533458260603,-0.7274605474863838,-0.1961482424114499,4.431440833709307e-06,True,False,236,7
brier,7.5,120,tier2_bma,climatology,0.14485568596610165,0.0431864118236052,0.10166927414249646,0.09392306331046547,0.11069211183876417,0.0,True,False,236,7
csi,7.5,120,tier2_bma,climatology,0.37945591090117436,0.3051054958719844,-0.07435041502918999,-0.09359949851669473,-0.05799734087866791,,True,False,236,7
sedi,7.5,120,tier2_bma,climatology,0.5825475260834594,0.4107403193736159,-0.1718072067098435,-0.21157582279970966,-0.13398605542160313,,True,False,236,7
brier,64.5,120,tier2_bma,climatology,0.012722119391662798,0.0035015189063036726,0.009220600485359125,0.007939973146561462,0.010935067139065103,2.2899932850439094e-98,True,False,236,7
csi,64.5,120,tier2_bma,climatology,0.030841477344840714,0.0,-0.030841477344840714,-0.0478303036267513,-0.016093443321464795,,True,False,236,7
sedi,64.5,120,tier2_bma,climatology,0.37048643433658646,,,,,,False,False,236,7
brier,115.6,120,tier2_bma,climatology,0.0026853883426476923,0.0007125581008499629,0.0019728302417977295,0.0015563315662898032,0.00249370239883838,2.4122061415618255e-41,True,False,236,7
csi,115.6,120,tier2_bma,climatology,0.003529034327879371,0.0,-0.003529034327879371,-0.00742840812176022,0.0,,False,False,236,7
sedi,115.6,120,tier2_bma,climatology,0.23223354668589158,,,,,,False,False,236,7
brier,204.5,120,tier2_bma,climatology,0.0002876325790196803,7.298977088897627e-05,0.00021464280813070403,0.00015439862369011128,0.00029428516204218537,1.0671444822444045e-15,True,False,236,7
csi,204.5,120,tier2_bma,climatology,0.0,0.0,-0.0,-0.0,0.0,,False,False,236,7
sedi,204.5,120,tier2_bma,climatology,,,,,,,False,False,236,7
rmse_mm,,120,tier2_bma,tier0,13.823262313849037,14.863098626558752,-1.0398363127097152,-1.2533963392410423,-0.8282252123021229,9.473788729342326e-37,True,False,236,7
mae_mm,,120,tier2_bma,tier0,7.237646943724826,7.6655133463085,-0.4278664025836738,-0.5653546623974259,-0.3208881230705757,1.3886827776588171e-30,True,False,236,7
csi,7.5,120,tier2_bma,tier0,0.37945591090117436,0.3715833273549035,-0.00787258354627085,-0.012575547962676365,-0.0036762869316645315,,True,False,236,7
sedi,7.5,120,tier2_bma,tier0,0.5825475260834594,0.5623975504876642,-0.020149975595795233,-0.029385431880494417,-0.011295572970297268,,True,False,236,7
csi,64.5,120,tier2_bma,tier0,0.030841477344840714,0.06922231107556977,0.03838083373072905,0.020599784194389723,0.061347247024215915,,True,False,236,7
sedi,64.5,120,tier2_bma,tier0,0.37048643433658646,0.3926455559623682,0.022159121625781764,-0.03313256538913208,0.08319528463233163,,False,False,236,7
csi,115.6,120,tier2_bma,tier0,0.003529034327879371,0.02462787550744249,0.02109884117956312,0.006009917447566639,0.04081650017325163,,True,False,236,7
sedi,115.6,120,tier2_bma,tier0,0.23223354668589158,0.3567322522809581,0.12449870559506654,0.013783545922017668,0.2085504259033419,,True,False,236,7
csi,204.5,120,tier2_bma,tier0,0.0,0.0,-0.0,-0.0,0.0,,False,False,236,7
sedi,204.5,120,tier2_bma,tier0,,,,,,,False,False,236,7
rmse_mm,,120,tier2_bma,tier2_emos_graphcast,13.823262313849037,13.759540839313555,0.06372147453548216,-0.056725662114551365,0.18717711777650217,0.254624554016723,False,False,236,7
mae_mm,,120,tier2_bma,tier2_emos_graphcast,7.237646943724826,7.131201181115648,0.10644576260917837,0.05542868612223907,0.14990261970015273,1.705142327092357e-09,True,False,236,7
crps_mm,,120,tier2_bma,tier2_emos_graphcast,4.626625952414983,4.622262761121417,0.004363191293566437,-0.27289143165716767,0.19791758728539116,0.9556067619767223,False,False,236,7
brier,7.5,120,tier2_bma,tier2_emos_graphcast,0.14485568596610165,0.23429687515039357,-0.08944118918429192,-0.10214423661761363,-0.07713868463944862,1.2430290390124637e-135,True,False,236,7
csi,7.5,120,tier2_bma,tier2_emos_graphcast,0.37945591090117436,0.3763618940482886,-0.0030940168528857392,-0.004717250977557581,-0.001660693644482138,,True,False,236,7
sedi,7.5,120,tier2_bma,tier2_emos_graphcast,0.5825475260834594,0.5736175860366421,-0.008929940046817242,-0.01183090425434492,-0.005918183082482385,,True,False,236,7
brier,64.5,120,tier2_bma,tier2_emos_graphcast,0.012722119391662798,0.013596180932748418,-0.0008740615410856196,-0.0011493932478283434,-0.0006343509286892101,2.960907628123176e-18,True,False,236,7
csi,64.5,120,tier2_bma,tier2_emos_graphcast,0.030841477344840714,0.0192975685063682,-0.011543908838472516,-0.026732070776131857,0.001825299665385385,,False,False,236,7
sedi,64.5,120,tier2_bma,tier2_emos_graphcast,0.37048643433658646,0.33603108537081866,-0.034455348965767796,-0.07990596168809112,0.015325961122297173,,False,False,236,7
brier,115.6,120,tier2_bma,tier2_emos_graphcast,0.0026853883426476923,0.0027314140156322842,-4.6025672984591984e-05,-0.00011977471582157456,2.6368499539858682e-05,0.10476007546082451,False,False,236,7
csi,115.6,120,tier2_bma,tier2_emos_graphcast,0.003529034327879371,0.0,-0.003529034327879371,-0.00742840812176022,0.0,,False,False,236,7
sedi,115.6,120,tier2_bma,tier2_emos_graphcast,0.23223354668589158,,,,,,False,False,236,7
brier,204.5,120,tier2_bma,tier2_emos_graphcast,0.0002876325790196803,0.00027575412124779963,1.1878457771880675e-05,3.017585319369627e-06,2.736141123682711e-05,0.0804404623971926,True,False,236,7
csi,204.5,120,tier2_bma,tier2_emos_graphcast,0.0,0.0,-0.0,-0.0,0.0,,False,False,236,7
sedi,204.5,120,tier2_bma,tier2_emos_graphcast,,,,,,,False,False,236,7
rmse_mm,,120,tier2_bma,tier2_emos_ifs_ens,13.823262313849037,14.03174795475539,-0.20848564090635335,-0.3432336414762123,-0.05733636407970129,0.0003214852524374401,True,False,236,7
mae_mm,,120,tier2_bma,tier2_emos_ifs_ens,7.237646943724826,7.275410856491748,-0.03776391276692159,-0.09812972324181542,0.017461743926323266,0.06907414030449749,False,False,236,7
crps_mm,,120,tier2_bma,tier2_emos_ifs_ens,4.626625952414983,4.715827015143329,-0.08920106272834616,-0.39319487505541434,0.12249006688602716,0.2773092055261104,False,False,236,7
brier,7.5,120,tier2_bma,tier2_emos_ifs_ens,0.14485568596610165,0.16021366800084602,-0.015357982034744366,-0.017625035285416823,-0.013293709811383343,1.6681626298310956e-63,True,False,236,7
csi,7.5,120,tier2_bma,tier2_emos_ifs_ens,0.37945591090117436,0.3776586693891441,-0.0017972415120302565,-0.004078032839109619,0.00036536832780258155,,False,False,236,7
sedi,7.5,120,tier2_bma,tier2_emos_ifs_ens,0.5825475260834594,0.579653326178144,-0.0028941999053153644,-0.007447209575198022,0.0016684256002722662,,False,False,236,7
brier,64.5,120,tier2_bma,tier2_emos_ifs_ens,0.012722119391662798,0.013921377314821704,-0.0011992579231589057,-0.001560612832473622,-0.0008936858849453754,5.038526282239257e-28,True,False,236,7
csi,64.5,120,tier2_bma,tier2_emos_ifs_ens,0.030841477344840714,0.02459993724505805,-0.006241540099782665,-0.024804230706200203,0.009104547876926064,,False,False,236,7
sedi,64.5,120,tier2_bma,tier2_emos_ifs_ens,0.37048643433658646,0.32857057337767787,-0.04191586095890859,-0.10693053998926287,0.011543075871928985,,False,False,236,7
brier,115.6,120,tier2_bma,tier2_emos_ifs_ens,0.0026853883426476923,0.002935854713298001,-0.0002504663706503086,-0.00038000789963760017,-0.00014228886669452232,3.100499489764833e-11,True,False,236,7
csi,115.6,120,tier2_bma,tier2_emos_ifs_ens,0.003529034327879371,0.0,-0.003529034327879371,-0.00742840812176022,0.0,,False,False,236,7
sedi,115.6,120,tier2_bma,tier2_emos_ifs_ens,0.23223354668589158,,,,,,False,False,236,7
brier,204.5,120,tier2_bma,tier2_emos_ifs_ens,0.0002876325790196803,0.0003094499709234317,-2.1817391903751406e-05,-5.574826579224246e-05,3.7192978799975017e-06,0.032586813673112905,False,False,236,7
csi,204.5,120,tier2_bma,tier2_emos_ifs_ens,0.0,0.0,-0.0,-0.0,0.0,,False,False,236,7
sedi,204.5,120,tier2_bma,tier2_emos_ifs_ens,,,,,,,False,False,236,7
rmse_mm,,120,tier2_emos_graphcast,best_single_member_on_train,13.759540839313555,14.122136146006337,-0.36259530669278206,-0.47220108636479213,-0.24880079040385536,3.0752707284223246e-13,True,False,236,7
mae_mm,,120,tier2_emos_graphcast,best_single_member_on_train,7.131201181115648,7.613764385852698,-0.4825632047370503,-0.5616263678685555,-0.4013825813653469,2.7472351388838097e-64,True,False,236,7
csi,7.5,120,tier2_emos_graphcast,best_single_member_on_train,0.3763618940482886,0.3716812185458394,-0.004680675502449216,-0.006842605566577641,-0.0023995352775563698,,True,False,236,7
sedi,7.5,120,tier2_emos_graphcast,best_single_member_on_train,0.5736175860366421,0.5665205978115143,-0.0070969882251278316,-0.012619419217734998,-0.0025474129018522597,,True,False,236,7
csi,64.5,120,tier2_emos_graphcast,best_single_member_on_train,0.0192975685063682,0.06800069803967192,0.04870312953330372,0.03171598813988956,0.06798787582291586,,True,False,236,7
sedi,64.5,120,tier2_emos_graphcast,best_single_member_on_train,0.33603108537081866,0.4243378075804278,0.08830672220960911,0.048831351511343234,0.12137474177304201,,True,False,236,7
csi,115.6,120,tier2_emos_graphcast,best_single_member_on_train,0.0,0.00853018372703412,0.00853018372703412,0.0017344909764339576,0.01794535813942695,,True,False,236,7
sedi,115.6,120,tier2_emos_graphcast,best_single_member_on_train,,0.34350603234043603,,,,,False,False,236,7
csi,204.5,120,tier2_emos_graphcast,best_single_member_on_train,0.0,0.0,-0.0,-0.0,0.0,,False,False,236,7
sedi,204.5,120,tier2_emos_graphcast,best_single_member_on_train,,,,,,,False,False,236,7
rmse_mm,,120,tier2_emos_graphcast,climatology,13.759540839313555,14.649813665523569,-0.8902728262100137,-1.1009620241033098,-0.6870606201475874,1.2715559904476163e-28,True,False,236,7
mae_mm,,120,tier2_emos_graphcast,climatology,7.131201181115648,8.065064489075848,-0.9338633079602001,-1.2226552940598223,-0.6254801418717475,7.446971052667241e-37,True,False,236,7
crps_mm,,120,tier2_emos_graphcast,climatology,4.622262761121417,5.044079298241043,-0.42181653711962674,-0.5116165177696759,-0.33877363789767767,3.4089000253827117e-48,True,False,236,7
brier,7.5,120,tier2_emos_graphcast,climatology,0.23429687515039357,0.0431864118236052,0.19111046332678838,0.1730807422596371,0.21085557065822708,0.0,True,False,236,7
csi,7.5,120,tier2_emos_graphcast,climatology,0.3763618940482886,0.3051054958719844,-0.07125639817630425,-0.09064685384249362,-0.05422349393631826,,True,False,236,7
sedi,7.5,120,tier2_emos_graphcast,climatology,0.5736175860366421,0.4107403193736159,-0.16287726666302627,-0.20247540171221326,-0.1243465365005587,,True,False,236,7
brier,64.5,120,tier2_emos_graphcast,climatology,0.013596180932748418,0.0035015189063036726,0.010094662026444745,0.008740775548372588,0.011975475009992468,7.61277094551091e-96,True,False,236,7
csi,64.5,120,tier2_emos_graphcast,climatology,0.0192975685063682,0.0,-0.0192975685063682,-0.030688940224271512,-0.010132538417986801,,True,False,236,7
sedi,64.5,120,tier2_emos_graphcast,climatology,0.33603108537081866,,,,,,False,False,236,7
brier,115.6,120,tier2_emos_graphcast,climatology,0.0027314140156322842,0.0007125581008499629,0.0020188559147823215,0.0015737196948119264,0.0025712411730470387,2.998672140936468e-38,True,False,236,7
csi,115.6,120,tier2_emos_graphcast,climatology,0.0,0.0,-0.0,-0.0,0.0,,False,False,236,7
sedi,115.6,120,tier2_emos_graphcast,climatology,,,,,,,False,False,236,7
brier,204.5,120,tier2_emos_graphcast,climatology,0.00027575412124779963,7.298977088897627e-05,0.00020276435035882336,0.00014251232498338866,0.00027946986762508334,1.782073375103327e-14,True,False,236,7
csi,204.5,120,tier2_emos_graphcast,climatology,0.0,0.0,-0.0,-0.0,0.0,,False,False,236,7
sedi,204.5,120,tier2_emos_graphcast,climatology,,,,,,,False,False,236,7
rmse_mm,,120,tier2_emos_graphcast,tier0,13.759540839313555,14.863098626558752,-1.1035577872451974,-1.3133656266236673,-0.8903160855324076,3.582120664884191e-38,True,False,236,7
mae_mm,,120,tier2_emos_graphcast,tier0,7.131201181115648,7.6655133463085,-0.5343121651928522,-0.6654070828941869,-0.41813647292961476,2.480985571155925e-38,True,False,236,7
csi,7.5,120,tier2_emos_graphcast,tier0,0.3763618940482886,0.3715833273549035,-0.004778566693385111,-0.009887053850080676,0.000224695529673527,,False,False,236,7
sedi,7.5,120,tier2_emos_graphcast,tier0,0.5736175860366421,0.5623975504876642,-0.011220035548977991,-0.021395561447165812,-0.0007373223265620057,,True,False,236,7
csi,64.5,120,tier2_emos_graphcast,tier0,0.0192975685063682,0.06922231107556977,0.04992474256920157,0.03295057753315747,0.06991920243900736,,True,False,236,7
sedi,64.5,120,tier2_emos_graphcast,tier0,0.33603108537081866,0.3926455559623682,0.05661447059154956,0.009390386936581221,0.0977010829680378,,True,False,236,7
csi,115.6,120,tier2_emos_graphcast,tier0,0.0,0.02462787550744249,0.02462787550744249,0.009278758262533916,0.045045058565145076,,True,False,236,7
sedi,115.6,120,tier2_emos_graphcast,tier0,,0.3567322522809581,,,,,False,False,236,7
csi,204.5,120,tier2_emos_graphcast,tier0,0.0,0.0,-0.0,-0.0,0.0,,False,False,236,7
sedi,204.5,120,tier2_emos_graphcast,tier0,,,,,,,False,False,236,7
rmse_mm,,120,tier2_emos_graphcast,tier2_emos_ifs_ens,13.759540839313555,14.03174795475539,-0.2722071154418355,-0.3739848691763729,-0.17592507566476218,1.1143187224932657e-09,True,False,236,7
mae_mm,,120,tier2_emos_graphcast,tier2_emos_ifs_ens,7.131201181115648,7.275410856491748,-0.14420967537609997,-0.20569203389456286,-0.07665688609181738,2.880349025792293e-08,True,False,236,7
crps_mm,,120,tier2_emos_graphcast,tier2_emos_ifs_ens,4.622262761121417,4.715827015143329,-0.0935642540219126,-0.12918090376801503,-0.06177142045170866,2.8232377357897193e-10,True,False,236,7
brier,7.5,120,tier2_emos_graphcast,tier2_emos_ifs_ens,0.23429687515039357,0.16021366800084602,0.07408320714954755,0.06297069011677164,0.08601749057981153,1.599899604724225e-104,True,False,236,7
csi,7.5,120,tier2_emos_graphcast,tier2_emos_ifs_ens,0.3763618940482886,0.3776586693891441,0.0012967753408554827,-0.0018376734263988045,0.004541821018195449,,False,False,236,7
sedi,7.5,120,tier2_emos_graphcast,tier2_emos_ifs_ens,0.5736175860366421,0.579653326178144,0.006035740141501877,-0.00018062389991323416,0.012537211763792976,,False,False,236,7
brier,64.5,120,tier2_emos_graphcast,tier2_emos_ifs_ens,0.013596180932748418,0.013921377314821704,-0.000325196382073286,-0.0006359806444421254,1.409824906818889e-05,0.011690303920001872,False,False,236,7
csi,64.5,120,tier2_emos_graphcast,tier2_emos_ifs_ens,0.0192975685063682,0.02459993724505805,0.005302368738689851,-0.0008692909221407039,0.011210209208200308,,False,False,236,7
sedi,64.5,120,tier2_emos_graphcast,tier2_emos_ifs_ens,0.33603108537081866,0.32857057337767787,-0.007460511993140795,-0.04532920866114534,0.018278180653391315,,False,False,236,7
brier,115.6,120,tier2_emos_graphcast,tier2_emos_ifs_ens,0.0027314140156322842,0.002935854713298001,-0.0002044406976657166,-0.00030596731889060607,-0.00012166095558986217,2.3043476203842536e-12,True,False,236,7
csi,115.6,120,tier2_emos_graphcast,tier2_emos_ifs_ens,0.0,0.0,-0.0,-0.0,0.0,,False,False,236,7
sedi,115.6,120,tier2_emos_graphcast,tier2_emos_ifs_ens,,,,,,,False,False,236,7
brier,204.5,120,tier2_emos_graphcast,tier2_emos_ifs_ens,0.00027575412124779963,0.0003094499709234317,-3.369584967563208e-05,-6.233276607374804e-05,-1.4911942473780161e-05,6.747018184039799e-06,True,False,236,7
csi,204.5,120,tier2_emos_graphcast,tier2_emos_ifs_ens,0.0,0.0,-0.0,-0.0,0.0,,False,False,236,7
sedi,204.5,120,tier2_emos_graphcast,tier2_emos_ifs_ens,,,,,,,False,False,236,7
rmse_mm,,120,tier2_emos_ifs_ens,best_single_member_on_train,14.03174795475539,14.122136146006337,-0.09038819125094655,-0.262848201427783,0.09273963703392746,0.22623251948926204,False,False,236,7
mae_mm,,120,tier2_emos_ifs_ens,best_single_member_on_train,7.275410856491748,7.613764385852698,-0.3383535293609503,-0.4681382835746946,-0.21952273943303927,9.756354349331254e-14,True,False,236,7
csi,7.5,120,tier2_emos_ifs_ens,best_single_member_on_train,0.3776586693891441,0.3716812185458394,-0.005977450843304699,-0.009501286817206831,-0.002471804159516915,,True,False,236,7
sedi,7.5,120,tier2_emos_ifs_ens,best_single_member_on_train,0.579653326178144,0.5665205978115143,-0.013132728366629709,-0.0210069125620625,-0.0056569257217910845,,True,False,236,7
csi,64.5,120,tier2_emos_ifs_ens,best_single_member_on_train,0.02459993724505805,0.06800069803967192,0.04340076079461387,0.0260188475425667,0.06558220902934693,,True,False,236,7
sedi,64.5,120,tier2_emos_ifs_ens,best_single_member_on_train,0.32857057337767787,0.4243378075804278,0.0957672342027499,0.048579492024277963,0.15327226224049934,,True,False,236,7
csi,115.6,120,tier2_emos_ifs_ens,best_single_member_on_train,0.0,0.00853018372703412,0.00853018372703412,0.0017344909764339576,0.01794535813942695,,True,False,236,7
sedi,115.6,120,tier2_emos_ifs_ens,best_single_member_on_train,,0.34350603234043603,,,,,False,False,236,7
csi,204.5,120,tier2_emos_ifs_ens,best_single_member_on_train,0.0,0.0,-0.0,-0.0,0.0,,False,False,236,7
sedi,204.5,120,tier2_emos_ifs_ens,best_single_member_on_train,,,,,,,False,False,236,7
rmse_mm,,120,tier2_emos_ifs_ens,climatology,14.03174795475539,14.649813665523569,-0.6180657107681782,-0.7968990066335345,-0.4537102982011317,4.710939758021072e-21,True,False,236,7
mae_mm,,120,tier2_emos_ifs_ens,climatology,7.275410856491748,8.065064489075848,-0.7896536325841002,-1.049302483248057,-0.5094650335279258,9.46714054016133e-32,True,False,236,7
crps_mm,,120,tier2_emos_ifs_ens,climatology,4.715827015143329,5.044079298241043,-0.32825228309771415,-0.4052408416943158,-0.25816069227209615,4.771990305652007e-38,True,False,236,7
brier,7.5,120,tier2_emos_ifs_ens,climatology,0.16021366800084602,0.0431864118236052,0.11702725617724083,0.10768735740407745,0.12716865321368673,0.0,True,False,236,7
csi,7.5,120,tier2_emos_ifs_ens,climatology,0.3776586693891441,0.3051054958719844,-0.07255317351715973,-0.09156603313348927,-0.05734347854030488,,True,False,236,7
sedi,7.5,120,tier2_emos_ifs_ens,climatology,0.579653326178144,0.4107403193736159,-0.16891300680452814,-0.2080037652450136,-0.13344645321546605,,True,False,236,7
brier,64.5,120,tier2_emos_ifs_ens,climatology,0.013921377314821704,0.0035015189063036726,0.01041985840851803,0.009036877788633942,0.012317555611805286,9.003238002642361e-108,True,False,236,7
csi,64.5,120,tier2_emos_ifs_ens,climatology,0.02459993724505805,0.0,-0.02459993724505805,-0.03757764932912098,-0.013143765080661167,,True,False,236,7
sedi,64.5,120,tier2_emos_ifs_ens,climatology,0.32857057337767787,,,,,,False,False,236,7
brier,115.6,120,tier2_emos_ifs_ens,climatology,0.002935854713298001,0.0007125581008499629,0.002223296612448038,0.0017671243027905937,0.0027990961367701135,8.035526596107145e-46,True,False,236,7
csi,115.6,120,tier2_emos_ifs_ens,climatology,0.0,0.0,-0.0,-0.0,0.0,,False,False,236,7
sedi,115.6,120,tier2_emos_ifs_ens,climatology,,,,,,,False,False,236,7
brier,204.5,120,tier2_emos_ifs_ens,climatology,0.0003094499709234317,7.298977088897627e-05,0.00023646020003445544,0.0001700194823396865,0.0003308341806525585,2.0453129959857408e-16,True,False,236,7
csi,204.5,120,tier2_emos_ifs_ens,climatology,0.0,0.0,-0.0,-0.0,0.0,,False,False,236,7
sedi,204.5,120,tier2_emos_ifs_ens,climatology,,,,,,,False,False,236,7
rmse_mm,,120,tier2_emos_ifs_ens,tier0,14.03174795475539,14.863098626558752,-0.8313506718033619,-1.0454379364835742,-0.6235461796097617,3.687032930476747e-27,True,False,236,7
mae_mm,,120,tier2_emos_ifs_ens,tier0,7.275410856491748,7.6655133463085,-0.3901024898167522,-0.5190824778779782,-0.2787468138077219,2.0946362374364163e-28,True,False,236,7
csi,7.5,120,tier2_emos_ifs_ens,tier0,0.3776586693891441,0.3715833273549035,-0.006075342034240594,-0.009702293154267754,-0.0028938262555933464,,True,False,236,7
sedi,7.5,120,tier2_emos_ifs_ens,tier0,0.579653326178144,0.5623975504876642,-0.01725577569047987,-0.023872838749747376,-0.010158281230781952,,True,False,236,7
csi,64.5,120,tier2_emos_ifs_ens,tier0,0.02459993724505805,0.06922231107556977,0.04462237383051172,0.027085605448238476,0.06604907096054538,,True,False,236,7
sedi,64.5,120,tier2_emos_ifs_ens,tier0,0.32857057337767787,0.3926455559623682,0.06407498258469035,0.007016021383214476,0.12770265370603448,,True,False,236,7
csi,115.6,120,tier2_emos_ifs_ens,tier0,0.0,0.02462787550744249,0.02462787550744249,0.009278758262533916,0.045045058565145076,,True,False,236,7
sedi,115.6,120,tier2_emos_ifs_ens,tier0,,0.3567322522809581,,,,,False,False,236,7
csi,204.5,120,tier2_emos_ifs_ens,tier0,0.0,0.0,-0.0,-0.0,0.0,,False,False,236,7
sedi,204.5,120,tier2_emos_ifs_ens,tier0,,,,,,,False,False,236,7
rmse_mm,,120,tier2_emos_ifs_ens,tier2_emos_graphcast,14.03174795475539,13.759540839313555,0.2722071154418355,0.17592507566476218,0.3739848691763729,1.1143187224932657e-09,True,False,236,7
mae_mm,,120,tier2_emos_ifs_ens,tier2_emos_graphcast,7.275410856491748,7.131201181115648,0.14420967537609997,0.07665688609181738,0.20569203389456286,2.880349025792293e-08,True,False,236,7
crps_mm,,120,tier2_emos_ifs_ens,tier2_emos_graphcast,4.715827015143329,4.622262761121417,0.0935642540219126,0.06177142045170866,0.12918090376801503,2.8232377357897193e-10,True,False,236,7
brier,7.5,120,tier2_emos_ifs_ens,tier2_emos_graphcast,0.16021366800084602,0.23429687515039357,-0.07408320714954755,-0.08601749057981153,-0.06297069011677164,1.599899604724225e-104,True,False,236,7
csi,7.5,120,tier2_emos_ifs_ens,tier2_emos_graphcast,0.3776586693891441,0.3763618940482886,-0.0012967753408554827,-0.004541821018195449,0.0018376734263988038,,False,False,236,7
sedi,7.5,120,tier2_emos_ifs_ens,tier2_emos_graphcast,0.579653326178144,0.5736175860366421,-0.006035740141501877,-0.012537211763792976,0.0001806238999132246,,False,False,236,7
brier,64.5,120,tier2_emos_ifs_ens,tier2_emos_graphcast,0.013921377314821704,0.013596180932748418,0.000325196382073286,-1.409824906818889e-05,0.0006359806444421254,0.011690303920001872,False,False,236,7
csi,64.5,120,tier2_emos_ifs_ens,tier2_emos_graphcast,0.02459993724505805,0.0192975685063682,-0.005302368738689851,-0.011210209208200308,0.0008692909221407022,,False,False,236,7
sedi,64.5,120,tier2_emos_ifs_ens,tier2_emos_graphcast,0.32857057337767787,0.33603108537081866,0.007460511993140795,-0.018278180653391315,0.04532920866114534,,False,False,236,7
brier,115.6,120,tier2_emos_ifs_ens,tier2_emos_graphcast,0.002935854713298001,0.0027314140156322842,0.0002044406976657166,0.00012166095558986217,0.00030596731889060607,2.3043476203842536e-12,True,False,236,7
csi,115.6,120,tier2_emos_ifs_ens,tier2_emos_graphcast,0.0,0.0,-0.0,-0.0,0.0,,False,False,236,7
sedi,115.6,120,tier2_emos_ifs_ens,tier2_emos_graphcast,,,,,,,False,False,236,7
brier,204.5,120,tier2_emos_ifs_ens,tier2_emos_graphcast,0.0003094499709234317,0.00027575412124779963,3.369584967563208e-05,1.4911942473780161e-05,6.233276607374804e-05,6.747018184039799e-06,True,False,236,7
csi,204.5,120,tier2_emos_ifs_ens,tier2_emos_graphcast,0.0,0.0,-0.0,-0.0,0.0,,False,False,236,7
sedi,204.5,120,tier2_emos_ifs_ens,tier2_emos_graphcast,,,,,,,False,False,236,7
rmse_mm,,120,tier3_regime_conditioned,best_single_member_on_train,13.859850968438389,14.122136146006337,-0.2622851775679482,-0.35466528457910007,-0.17527246544033234,8.208862092329518e-11,True,False,236,7
mae_mm,,120,tier3_regime_conditioned,best_single_member_on_train,7.4833362095583835,7.613764385852698,-0.13042817629431447,-0.1786040825478013,-0.08359725655497745,3.278319583810357e-09,True,False,236,7
csi,7.5,120,tier3_regime_conditioned,best_single_member_on_train,0.3814718011501845,0.3716812185458394,-0.009790582604345066,-0.012594565925554404,-0.006980697760278649,,True,False,236,7
sedi,7.5,120,tier3_regime_conditioned,best_single_member_on_train,0.5887351388521688,0.5665205978115143,-0.022214541040654456,-0.02889345272574021,-0.016180968716146178,,True,False,236,7
csi,64.5,120,tier3_regime_conditioned,best_single_member_on_train,0.056552052916989455,0.06800069803967192,0.011448645122682462,0.002817077641502508,0.01986185364359417,,True,False,236,7
sedi,64.5,120,tier3_regime_conditioned,best_single_member_on_train,0.4053021877172632,0.4243378075804278,0.0190356198631646,0.0012720597998225613,0.04069180948309719,,True,False,236,7
csi,115.6,120,tier3_regime_conditioned,best_single_member_on_train,0.006489292667099286,0.00853018372703412,0.0020408910599348344,-0.0030225757070423786,0.007628983306374413,,False,False,236,7
sedi,115.6,120,tier3_regime_conditioned,best_single_member_on_train,0.2999070326866224,0.34350603234043603,0.04359899965381364,0.00862508343965761,0.12848638061954207,,True,False,236,7
csi,204.5,120,tier3_regime_conditioned,best_single_member_on_train,0.0,0.0,-0.0,-0.0,0.0,,False,False,236,7
sedi,204.5,120,tier3_regime_conditioned,best_single_member_on_train,,,,,,,False,False,236,7
rmse_mm,,120,tier3_regime_conditioned,climatology,13.859850968438389,14.649813665523569,-0.7899626970851799,-1.0372265710610085,-0.5496997956319408,2.4005144022130325e-16,True,False,236,7
mae_mm,,120,tier3_regime_conditioned,climatology,7.4833362095583835,8.065064489075848,-0.5817282795174643,-0.9004624052651251,-0.21899819144455868,1.1624608114152797e-11,True,False,236,7
csi,7.5,120,tier3_regime_conditioned,climatology,0.3814718011501845,0.3051054958719844,-0.0763663052782001,-0.09488762457586737,-0.060643526433636095,,True,False,236,7
sedi,7.5,120,tier3_regime_conditioned,climatology,0.5887351388521688,0.4107403193736159,-0.1779948194785529,-0.21681684273800805,-0.14196020714832713,,True,False,236,7
csi,64.5,120,tier3_regime_conditioned,climatology,0.056552052916989455,0.0,-0.056552052916989455,-0.0831800881725547,-0.03353962022420823,,True,False,236,7
sedi,64.5,120,tier3_regime_conditioned,climatology,0.4053021877172632,,,,,,False,False,236,7
csi,115.6,120,tier3_regime_conditioned,climatology,0.006489292667099286,0.0,-0.006489292667099286,-0.015958432604743444,-0.0007385111229346029,,True,False,236,7
sedi,115.6,120,tier3_regime_conditioned,climatology,0.2999070326866224,,,,,,False,False,236,7
csi,204.5,120,tier3_regime_conditioned,climatology,0.0,0.0,-0.0,-0.0,0.0,,False,False,236,7
sedi,204.5,120,tier3_regime_conditioned,climatology,,,,,,,False,False,236,7
rmse_mm,,120,tier3_regime_conditioned,tier0,13.859850968438389,14.863098626558752,-1.0032476581203635,-1.2125377602319989,-0.8382050042888803,1.47012723031538e-42,True,False,236,7
mae_mm,,120,tier3_regime_conditioned,tier0,7.4833362095583835,7.6655133463085,-0.18217713675011638,-0.26795813776448973,-0.11183814757700915,1.4432803434760188e-09,True,False,236,7
csi,7.5,120,tier3_regime_conditioned,tier0,0.3814718011501845,0.3715833273549035,-0.009888473795280961,-0.013855264419760687,-0.0065460018146053685,,True,False,236,7
sedi,7.5,120,tier3_regime_conditioned,tier0,0.5887351388521688,0.5623975504876642,-0.026337588364504616,-0.03390779000076606,-0.01878777215857563,,True,False,236,7
csi,64.5,120,tier3_regime_conditioned,tier0,0.056552052916989455,0.06922231107556977,0.012670258158580312,0.005913640997253309,0.020016118758594707,,True,False,236,7
sedi,64.5,120,tier3_regime_conditioned,tier0,0.4053021877172632,0.3926455559623682,-0.012656631754894954,-0.03726556514812198,0.012283903986146576,,False,False,236,7
csi,115.6,120,tier3_regime_conditioned,tier0,0.006489292667099286,0.02462787550744249,0.018138582840343205,0.0071878101176096375,0.03284616163827936,,True,False,236,7
sedi,115.6,120,tier3_regime_conditioned,tier0,0.2999070326866224,0.3567322522809581,0.05682521959433573,-0.01696092592916342,0.16000060263678048,,False,False,236,7
csi,204.5,120,tier3_regime_conditioned,tier0,0.0,0.0,-0.0,-0.0,0.0,,False,False,236,7
sedi,204.5,120,tier3_regime_conditioned,tier0,,,,,,,False,False,236,7
rmse_mm,,120,tier3_regime_conditioned,tier2_emos_graphcast,13.859850968438389,13.759540839313555,0.10031012912483384,0.005287604543916941,0.1875599282367847,0.005465780622745892,True,False,236,7
mae_mm,,120,tier3_regime_conditioned,tier2_emos_graphcast,7.4833362095583835,7.131201181115648,0.3521350284427358,0.28992474386365474,0.41618793478800403,4.760998731847926e-66,True,False,236,7
csi,7.5,120,tier3_regime_conditioned,tier2_emos_graphcast,0.3814718011501845,0.3763618940482886,-0.00510990710189585,-0.007355237456883644,-0.003110638463755307,,True,False,236,7
sedi,7.5,120,tier3_regime_conditioned,tier2_emos_graphcast,0.5887351388521688,0.5736175860366421,-0.015117552815526625,-0.019625163216822873,-0.010982901167220312,,True,False,236,7
csi,64.5,120,tier3_regime_conditioned,tier2_emos_graphcast,0.056552052916989455,0.0192975685063682,-0.03725448441062126,-0.057642217808956085,-0.019778859628018862,,True,False,236,7
sedi,64.5,120,tier3_regime_conditioned,tier2_emos_graphcast,0.4053021877172632,0.33603108537081866,-0.06927110234644451,-0.10096667857288848,-0.031733029231301356,,True,False,236,7
csi,115.6,120,tier3_regime_conditioned,tier2_emos_graphcast,0.006489292667099286,0.0,-0.006489292667099286,-0.015958432604743444,-0.0007385111229346029,,True,False,236,7
sedi,115.6,120,tier3_regime_conditioned,tier2_emos_graphcast,0.2999070326866224,,,,,,False,False,236,7
csi,204.5,120,tier3_regime_conditioned,tier2_emos_graphcast,0.0,0.0,-0.0,-0.0,0.0,,False,False,236,7
sedi,204.5,120,tier3_regime_conditioned,tier2_emos_graphcast,,,,,,,False,False,236,7
rmse_mm,,120,tier3_regime_conditioned,tier2_emos_ifs_ens,13.859850968438389,14.03174795475539,-0.17189698631700168,-0.3245229900125111,-0.034424919491171664,0.0025661162353248688,True,False,236,7
mae_mm,,120,tier3_regime_conditioned,tier2_emos_ifs_ens,7.4833362095583835,7.275410856491748,0.20792535306663584,0.11540836133278407,0.3024828953314796,2.372878558327801e-11,True,False,236,7
csi,7.5,120,tier3_regime_conditioned,tier2_emos_ifs_ens,0.3814718011501845,0.3776586693891441,-0.003813131761040367,-0.005571000046650218,-0.0022485250410992108,,True,False,236,7
sedi,7.5,120,tier3_regime_conditioned,tier2_emos_ifs_ens,0.5887351388521688,0.579653326178144,-0.009081812674024747,-0.01272947426713526,-0.0056092115043694666,,True,False,236,7
csi,64.5,120,tier3_regime_conditioned,tier2_emos_ifs_ens,0.056552052916989455,0.02459993724505805,-0.0319521156719314,-0.05515761859669137,-0.013204500654230782,,True,False,236,7
sedi,64.5,120,tier3_regime_conditioned,tier2_emos_ifs_ens,0.4053021877172632,0.32857057337767787,-0.07673161433958531,-0.13852985074116922,-0.023342828436881926,,True,False,236,7
csi,115.6,120,tier3_regime_conditioned,tier2_emos_ifs_ens,0.006489292667099286,0.0,-0.006489292667099286,-0.015958432604743444,-0.0007385111229346029,,True,False,236,7
sedi,115.6,120,tier3_regime_conditioned,tier2_emos_ifs_ens,0.2999070326866224,,,,,,False,False,236,7
csi,204.5,120,tier3_regime_conditioned,tier2_emos_ifs_ens,0.0,0.0,-0.0,-0.0,0.0,,False,False,236,7
sedi,204.5,120,tier3_regime_conditioned,tier2_emos_ifs_ens,,,,,,,False,False,236,7
